transaction_id,customer_id,age,account_age_days,credit_limit,merchant_category,channel,device_type,payment_method,country,amount,hour,day_of_week,is_weekend,distance_from_home_km,distance_from_last_txn_km,num_txn_last_24h,num_txn_last_7d,avg_txn_amount_30d,ratio_to_avg_amount,time_since_last_txn_min,is_international,online_order,used_chip,used_pin,high_risk_merchant,is_fraud
TXN00001,1102,58,874,15000,fuel,online,ios,chip,SG,38.15,16,4,0,8.94,7.84,1,10,53.62,0.711,163.9,1,1,1,0,0,0
TXN00002,1435,35,3301,10000,fuel,pos,desktop,contactless,IN,45.2,13,1,0,4.53,10.54,4,13,65.61,0.689,76.4,0,0,0,1,0,0
TXN00003,1860,18,3606,15000,restaurant,pos,android,card_not_present,GB,50.89,6,5,1,13.58,53.77,1,8,53.37,0.954,83.6,1,0,0,1,0,0
TXN00004,1270,60,116,15000,fuel,pos,ios,contactless,US,91.81,21,0,0,1.75,11.06,1,7,63.63,1.443,208.3,1,0,0,1,0,0
TXN00005,1106,40,2120,25000,online_retail,pos,android,chip,SG,70.34,18,5,1,1.84,18.48,5,11,36.25,1.94,69.5,1,0,1,1,0,0
TXN00006,1071,59,3486,15000,fuel,pos,ios,card_not_present,IN,22.53,0,4,0,8.3,15.56,3,9,32.49,0.693,147.4,0,0,0,1,0,0
TXN00007,1700,19,3536,10000,online_retail,pos,desktop,card_not_present,SG,71.74,19,3,0,14.97,14.51,1,6,36.96,1.941,58.9,1,0,0,1,0,0
TXN00008,1020,33,437,15000,restaurant,online,ios,chip,IN,82.32,14,1,0,5.11,15.12,1,7,34.23,2.405,32.7,0,1,1,0,0,0
TXN00009,1614,42,3584,10000,restaurant,online,desktop,chip,IN,116.01,17,0,0,10.38,7.27,1,8,111.75,1.038,109.1,0,1,1,0,0,0
TXN00010,1121,42,2741,10000,restaurant,pos,ios,card_not_present,SG,64.18,2,5,1,58.46,7.71,0,8,81.99,0.783,44.1,1,0,0,0,0,1
TXN00011,1466,35,3118,25000,fuel,atm,android,card_not_present,IN,26.5,17,4,0,37.06,7.57,3,8,25.15,1.054,411.8,0,0,0,0,0,0
TXN00012,1214,50,1698,10000,grocery,pos,pos_terminal,card_not_present,SG,35.99,1,5,1,10.91,0.41,3,7,16.62,2.165,65.1,1,0,0,0,0,0
TXN00013,1330,27,177,25000,restaurant,online,android,card_not_present,IN,71.42,9,1,0,10.76,3.31,2,11,87.71,0.814,163.8,0,1,0,1,0,0
TXN00014,1458,40,2354,25000,electronics,pos,android,contactless,IN,402.57,10,1,0,2.28,2.01,3,7,471.33,0.854,55.0,0,0,0,1,1,0
TXN00015,1087,43,261,25000,travel,pos,ios,contactless,IN,528.66,23,3,0,14.34,26.11,4,10,643.82,0.821,53.7,0,0,0,0,1,0
TXN00016,1372,49,1980,50000,grocery,online,android,chip,OTHER,39.18,2,0,0,4.15,3.86,2,5,25.6,1.53,77.7,1,1,1,0,0,0
TXN00017,1099,51,395,10000,fuel,online,android,chip,SG,1791.85,23,2,0,35.016139306535806,1.79,4,11,130.35,2.246,445.6,1,1,1,0,0,1
TXN00018,1871,26,3329,10000,grocery,mobile,ios,swipe,US,31.64,7,5,1,0.68,1.53,6,15,30.85,1.026,89.4,1,0,0,0,0,0
TXN00019,1663,20,1704,15000,atm_withdrawal,online,ios,contactless,IN,166.03,18,1,0,4.58,14.45,2,11,173.27,0.958,309.9,0,1,0,0,1,0
TXN00020,1130,59,465,10000,fuel,mobile,ios,contactless,IN,90.62,17,4,0,6.49,0.07,1,9,95.6,0.948,39.6,0,0,0,1,0,0
TXN00021,1661,46,428,15000,online_retail,pos,pos_terminal,card_not_present,OTHER,109.86,12,5,1,4.16,7.65,4,12,81.75,1.344,8.9,1,0,0,0,0,0
TXN00022,1308,31,1264,15000,grocery,pos,ios,chip,IN,62.56,12,3,0,1.89,1.52,1,7,43.8,1.428,273.9,0,0,1,0,0,0
TXN00023,1769,63,1444,15000,online_retail,pos,pos_terminal,contactless,IN,109.69,23,3,0,7.19,22.74,1,8,44.5,2.465,140.5,0,0,0,0,0,0
TXN00024,1343,43,2576,10000,electronics,pos,android,chip,SG,140.43,18,1,0,11.28,38.17,5,18,123.01,1.142,126.1,1,0,1,0,1,0
TXN00025,1491,58,2617,5000,atm_withdrawal,online,ios,swipe,IN,151.46,22,1,0,8.28,38.26,0,6,148.75,1.018,57.2,0,1,0,1,1,0
TXN00026,1413,42,592,10000,atm_withdrawal,online,pos_terminal,card_not_present,AE,90.97,11,1,0,2.14,7.0,3,4,117.48,0.774,13.5,1,1,0,1,1,0
TXN00027,1805,70,3592,5000,electronics,pos,ios,contactless,SG,213.2,16,6,1,10.52,12.41,1,5,102.33,2.083,118.7,1,0,0,0,1,0
TXN00028,1385,66,2519,25000,luxury,mobile,desktop,card_not_present,IN,315.47,21,2,0,2.38,10.99,1,9,475.98,0.663,363.4,0,0,0,1,1,0
TXN00029,1191,38,1314,10000,luxury,atm,ios,chip,IN,725.36,11,1,0,1.54,5.17,1,5,519.9,1.395,23.0,0,0,1,0,1,0
TXN00030,1955,55,802,5000,restaurant,pos,android,swipe,IN,18.66,12,5,1,9.39,7.05,1,8,15.68,1.19,476.5,0,0,0,1,0,0
TXN00031,1276,51,2427,5000,atm_withdrawal,pos,ios,chip,GB,210.64,11,5,1,14.8,0.8,4,11,96.48,2.183,57.8,1,0,1,0,1,0
TXN00032,1160,61,2067,15000,fuel,pos,ios,swipe,US,60.51,18,6,1,5.26,19.06,2,4,71.63,0.845,136.7,1,0,0,1,0,0
TXN00033,1459,28,3453,15000,online_retail,pos,pos_terminal,card_not_present,IN,227.74,13,6,1,6.06,3.31,5,12,284.84,0.8,12.4,0,0,0,0,0,0
TXN00034,1313,51,2597,10000,grocery,pos,android,contactless,IN,40.21,6,0,0,2.88,7.41,2,10,60.9,0.66,99.6,0,0,0,0,0,0
TXN00035,1021,56,1373,5000,grocery,online,pos_terminal,card_not_present,US,1666.79,1,4,0,43.55638284789935,7.86,9,5,32.33,3.874,24.2,1,1,0,0,0,1
TXN00036,1252,18,2215,10000,luxury,pos,pos_terminal,chip,SG,873.34,5,1,0,1.13,9.87,0,7,619.06,1.411,8.8,1,0,1,0,1,0
TXN00037,1747,25,1603,10000,electronics,pos,android,card_not_present,IN,230.65,23,5,1,24.96,20.44,2,7,293.23,0.787,611.6,0,0,0,1,1,0
TXN00038,1856,18,1021,15000,restaurant,mobile,android,chip,IN,63.97,18,6,1,12.89,14.13,0,6,79.84,0.801,235.7,0,0,1,0,0,0
TXN00039,1560,38,2445,15000,restaurant,online,pos_terminal,card_not_present,IN,95.04,18,5,1,8.82,13.05,2,9,144.89,0.656,228.5,0,1,0,1,0,0
TXN00040,1474,52,3321,10000,atm_withdrawal,mobile,pos_terminal,chip,US,129.48,3,5,1,6.18,8.98,2,7,83.69,1.547,17.1,1,0,1,0,1,0
TXN00041,1058,63,3438,10000,luxury,pos,ios,chip,OTHER,1157.85,18,6,1,12.57,1.21,3,7,1443.09,0.802,477.0,1,0,1,1,1,0
TXN00042,1510,43,1276,50000,fuel,pos,android,contactless,IN,23.83,8,2,0,5.46,6.17,1,8,11.44,2.083,114.1,0,0,0,1,0,0
TXN00043,1681,64,389,10000,grocery,online,ios,card_not_present,SG,108.7,15,6,1,2.85,37.85,2,10,106.14,1.024,344.2,1,1,0,0,0,0
TXN00044,1475,22,950,15000,travel,pos,desktop,chip,IN,149.6,3,6,1,1.4,64.97,5,12,81.27,1.841,2.3,0,0,1,0,1,0
TXN00045,1699,18,2406,5000,grocery,pos,android,swipe,IN,94.67,5,4,0,8.34,15.73,1,12,112.07,0.845,63.7,0,0,0,0,0,0
TXN00046,1975,41,3039,10000,grocery,online,desktop,card_not_present,IN,16.12,7,6,1,21.21,3.1,5,10,18.08,0.892,996.0,0,1,0,1,0,0
TXN00047,1782,47,2540,5000,electronics,online,android,swipe,AE,743.06,23,3,0,1.33,1.29,2,5,340.77,2.181,100.5,1,1,0,1,1,0
TXN00048,1189,41,3023,15000,restaurant,online,android,chip,SG,60.09,15,6,1,1.59,6.43,3,11,47.08,1.276,394.9,1,1,1,0,0,0
TXN00049,1957,18,992,50000,online_retail,online,ios,swipe,SG,1058.61,1,5,1,74.29731447123822,23.3,8,8,41.59,2.329,71.5,1,1,0,0,0,1
TXN00050,1686,40,1857,10000,electronics,online,ios,swipe,IN,697.34,20,1,0,13.16,15.36,2,11,486.51,1.433,134.1,0,1,0,1,1,0
TXN00051,1957,23,3483,5000,online_retail,pos,android,card_not_present,IN,43.95,21,5,1,2.78,25.84,1,7,19.62,2.24,346.6,0,0,0,0,0,0
TXN00052,1562,51,2913,5000,fuel,pos,ios,card_not_present,IN,1466.97,23,4,0,70.1561626347444,11.48,5,3,41.44,4.207,167.6,0,0,0,1,0,1
TXN00053,1875,47,1643,10000,grocery,pos,android,contactless,US,188.53,22,3,0,7.74,1.68,2,7,254.73,0.74,232.5,1,0,0,0,0,0
TXN00054,1566,28,1670,5000,restaurant,pos,android,card_not_present,IN,68.37,12,6,1,6.14,1.46,1,10,56.89,1.202,46.8,0,0,0,0,0,0
TXN00055,1243,34,2246,5000,online_retail,mobile,android,swipe,US,26.25,13,2,0,0.5,0.59,2,10,20.69,1.269,30.5,1,0,0,1,0,0
TXN00056,1831,27,246,25000,restaurant,online,pos_terminal,chip,IN,47.32,6,0,0,0.68,10.05,3,9,72.4,0.654,47.1,0,1,1,0,0,0
TXN00057,1504,41,407,10000,grocery,online,ios,chip,IN,36.88,19,6,1,8.24,3.34,2,6,16.59,2.223,122.3,0,1,1,1,0,0
TXN00058,1130,55,148,10000,atm_withdrawal,pos,ios,swipe,SG,166.39,5,1,0,5.01,15.91,3,12,219.76,0.757,290.6,1,0,0,0,1,0
TXN00059,1484,28,219,50000,online_retail,pos,ios,chip,IN,78.07,6,0,0,28.32,13.91,1,7,76.49,1.021,78.7,0,0,1,0,0,0
TXN00060,1818,49,2844,5000,online_retail,pos,pos_terminal,card_not_present,IN,108.01,4,2,0,9.08,4.59,3,9,165.62,0.652,149.8,0,0,0,1,0,0
TXN00061,1646,34,399,50000,online_retail,pos,android,card_not_present,IN,751.85,20,4,0,64.10730713650074,2.33,7,8,30.11,2.683,294.1,0,0,0,0,0,1
TXN00062,1020,30,1831,10000,atm_withdrawal,pos,desktop,chip,US,110.97,17,4,0,5.25,1.3,2,7,138.67,0.8,49.1,1,0,1,0,1,0
TXN00063,1840,40,2226,25000,online_retail,atm,desktop,contactless,US,94.97,22,2,0,4.28,16.04,1,5,45.96,2.066,386.2,1,0,0,1,0,0
TXN00064,1166,27,681,15000,online_retail,online,ios,card_not_present,IN,52.61,11,5,1,0.9,7.18,4,8,79.68,0.66,550.7,0,1,0,1,0,0
TXN00065,1273,34,1912,25000,luxury,online,android,card_not_present,SG,1096.3,5,2,0,20.53,4.69,2,8,891.79,1.229,7.2,1,1,0,1,1,0
TXN00066,1387,25,1541,50000,restaurant,online,desktop,card_not_present,IN,36.57,0,6,1,13.08,23.31,3,9,37.62,0.972,11.0,0,1,0,1,0,0
TXN00067,1600,69,799,10000,travel,mobile,android,contactless,IN,432.81,3,1,0,2.09,10.81,2,7,245.05,1.766,17.2,0,0,0,0,1,0
TXN00068,1315,42,2451,50000,restaurant,pos,ios,card_not_present,IN,51.91,18,3,0,2.37,8.76,2,13,79.66,0.652,269.9,0,0,0,0,0,0
TXN00069,1013,32,810,10000,electronics,pos,desktop,contactless,GB,143.08,11,6,1,0.26,16.32,3,5,172.78,0.828,37.8,1,0,0,0,1,0
TXN00070,1241,44,1746,10000,fuel,pos,android,contactless,IN,62.03,14,6,1,2.82,20.29,2,6,28.83,2.152,232.8,0,0,0,1,0,0
TXN00071,1776,40,2237,10000,online_retail,atm,pos_terminal,chip,IN,38.88,2,6,1,7.03,13.9,3,10,22.79,1.706,104.8,0,0,1,1,0,0
TXN00072,1345,38,2428,15000,luxury,mobile,android,chip,IN,470.1,22,0,0,4.37,6.96,3,9,413.59,1.137,325.7,0,0,1,0,1,0
TXN00073,1564,50,1341,5000,luxury,pos,pos_terminal,contactless,IN,610.07,19,0,0,27.86,5.72,3,9,402.72,1.515,297.6,0,0,0,1,1,0
TXN00074,1897,52,3389,15000,electronics,mobile,ios,chip,SG,114.03,7,4,0,0.46,17.72,3,5,87.3,1.306,577.9,1,0,1,0,1,0
TXN00075,1339,34,2969,15000,online_retail,atm,android,chip,IN,112.73,10,6,1,7.16,8.76,3,12,180.03,0.626,52.0,0,0,1,0,0,0
TXN00076,1091,33,1279,25000,fuel,pos,android,card_not_present,IN,69.24,15,5,1,15.63,14.62,2,10,82.42,0.84,46.9,0,0,0,0,0,0
TXN00077,1366,38,552,25000,luxury,pos,pos_terminal,chip,SG,803.94,8,4,0,5.24,26.53,0,7,1211.27,0.664,5.8,1,0,1,0,1,0
TXN00078,1955,18,551,10000,luxury,online,android,contactless,IN,600.82,2,1,0,0.02,29.71,1,14,554.53,1.083,95.1,0,1,0,0,1,0
TXN00079,1454,20,812,10000,online_retail,mobile,android,contactless,US,42.48,4,2,0,2.23,3.9,3,12,53.2,0.798,110.6,1,0,0,0,0,0
TXN00080,1427,61,2350,10000,restaurant,pos,android,card_not_present,SG,55.0,19,0,0,3.13,2.5,3,10,52.34,1.051,601.0,1,0,0,1,0,0
TXN00081,1508,65,965,5000,restaurant,atm,ios,swipe,IN,77.48,13,6,1,27.05,3.63,4,7,61.51,1.26,319.8,0,0,0,0,0,0
TXN00082,1775,38,3503,5000,online_retail,pos,ios,chip,US,41.57,14,1,0,19.42,16.7,4,8,42.53,0.977,32.8,1,0,1,1,0,0
TXN00083,1942,50,2260,10000,grocery,online,android,contactless,IN,24.43,5,4,0,23.83,5.55,1,8,22.3,1.096,288.3,0,1,0,0,0,0
TXN00084,1034,46,1718,10000,travel,online,android,card_not_present,SG,349.37,3,4,0,13.98,2.29,3,11,550.83,0.634,35.3,1,1,0,1,1,0
TXN00085,1205,80,517,50000,online_retail,online,android,card_not_present,IN,1668.63,7,0,0,109.52880049469202,1.24,4,10,64.92,3.223,14.6,0,1,0,1,0,1
TXN00086,1080,57,1880,15000,online_retail,atm,android,swipe,IN,79.29,18,4,0,18.91,4.76,3,11,108.89,0.728,326.6,0,0,0,1,0,0
TXN00087,1931,40,875,10000,electronics,atm,ios,chip,SG,212.94,4,5,1,32.0,1.76,2,8,255.57,0.833,671.0,1,0,1,0,1,0
TXN00088,1561,28,2201,15000,luxury,mobile,desktop,card_not_present,AE,655.19,12,4,0,3.45,2.04,4,7,639.17,1.025,16.6,1,0,0,0,1,0
TXN00089,1871,19,3062,5000,grocery,pos,android,chip,OTHER,88.12,15,3,0,2.41,13.82,1,9,85.39,1.032,302.7,1,0,1,0,0,0
TXN00090,1387,44,2867,10000,online_retail,online,ios,contactless,SG,107.57,0,2,0,6.33,0.24,0,9,87.16,1.234,352.9,1,1,0,0,0,0
TXN00091,1001,31,2491,15000,restaurant,pos,ios,swipe,IN,56.73,12,4,0,1.66,1.5,2,8,29.97,1.893,22.8,0,0,0,0,0,0
TXN00092,1389,22,2033,10000,restaurant,online,pos_terminal,chip,IN,29.92,21,3,0,0.27,22.32,3,9,39.31,0.761,59.9,0,1,1,0,0,0
TXN00093,1565,32,1778,10000,online_retail,online,pos_terminal,chip,IN,1687.92,22,1,0,38.017215421581355,22.37,5,8,80.76,2.841,238.1,0,1,1,0,0,1
TXN00094,1105,26,3273,50000,fuel,online,pos_terminal,chip,SG,95.33,20,4,0,20.8,4.79,2,8,63.07,1.511,296.8,1,1,1,1,0,0
TXN00095,1771,65,3389,25000,grocery,online,android,contactless,IN,34.78,7,5,1,1.42,1.1,5,9,52.55,0.662,78.6,0,1,0,0,0,0
TXN00096,1821,54,3536,15000,online_retail,mobile,android,card_not_present,GB,46.98,7,1,0,4.19,14.65,2,9,31.89,1.473,31.4,1,0,0,1,0,0
TXN00097,1476,41,715,15000,online_retail,pos,android,chip,IN,253.65,23,6,1,14.22,5.36,2,11,262.81,0.965,188.1,0,0,1,0,0,1
TXN00098,1702,62,2190,15000,grocery,online,android,card_not_present,IN,1137.32,13,4,0,82.144762585058,0.56,5,12,84.55,3.002,217.9,0,1,0,0,0,1
TXN00099,1401,43,2965,10000,restaurant,pos,ios,chip,IN,977.41,1,0,0,45.23559217195499,2.06,9,4,27.6,2.752,126.1,0,0,1,0,0,1
TXN00100,1729,29,2199,10000,travel,pos,desktop,contactless,AE,220.52,2,3,0,10.91,1.77,3,9,102.19,2.158,28.2,1,0,0,1,1,0
TXN00101,1555,63,1597,5000,online_retail,pos,pos_terminal,chip,US,119.09,3,3,0,18.19,10.67,2,6,99.85,1.193,335.0,1,0,1,1,0,0
TXN00102,1161,49,1275,10000,atm_withdrawal,mobile,pos_terminal,card_not_present,SG,1193.0,22,0,0,91.39387259398481,27.41,5,6,52.33,3.144,186.5,1,0,0,1,1,1
TXN00103,1201,27,68,15000,grocery,mobile,ios,card_not_present,IN,73.36,14,2,0,3.81,18.9,2,10,38.52,1.904,366.1,0,0,0,0,0,0
TXN00104,1957,39,2574,10000,grocery,mobile,desktop,contactless,AE,34.39,14,6,1,1.53,9.49,3,10,19.63,1.752,486.5,1,0,0,0,0,0
TXN00105,1995,29,809,50000,restaurant,mobile,android,card_not_present,IN,135.95,20,5,1,19.52,6.58,2,5,54.69,2.486,294.9,0,0,0,0,0,0
TXN00106,1269,22,1286,50000,online_retail,pos,android,contactless,AE,60.14,12,3,0,0.78,11.57,2,10,35.12,1.712,573.5,1,0,0,0,0,0
TXN00107,1862,54,3020,15000,restaurant,pos,desktop,card_not_present,SG,1538.49,1,1,0,119.31055328351884,7.04,5,14,220.66,4.751,555.3,1,0,0,1,0,1
TXN00108,1815,68,3631,15000,atm_withdrawal,online,android,card_not_present,IN,166.99,9,5,1,1.21,3.39,3,11,231.02,0.723,173.9,0,1,0,1,1,0
TXN00109,1270,22,2226,25000,restaurant,online,ios,card_not_present,SG,117.77,11,3,0,3.95,13.64,1,6,74.44,1.582,234.5,1,1,0,0,0,0
TXN00110,1455,49,3498,5000,luxury,online,android,contactless,US,445.8,13,6,1,4.24,24.79,3,7,221.58,2.012,216.4,1,1,0,1,1,1
TXN00111,1461,32,3099,25000,online_retail,pos,desktop,chip,IN,38.89,0,2,0,1.38,5.6,1,3,49.6,0.784,174.7,0,0,1,0,0,0
TXN00112,1726,35,2738,5000,online_retail,online,desktop,contactless,AE,22.5,13,6,1,20.48,22.11,1,12,9.22,2.44,3.5,1,1,0,0,0,0
TXN00113,1251,33,1957,25000,travel,online,android,chip,IN,807.22,13,1,0,0.02,6.77,1,5,1034.04,0.781,79.2,0,1,1,0,1,0
TXN00114,1701,29,331,10000,grocery,pos,pos_terminal,contactless,IN,46.72,7,6,1,17.94,6.16,2,8,26.04,1.794,19.0,0,0,0,0,0,0
TXN00115,1295,42,3461,25000,online_retail,online,android,swipe,IN,40.28,15,5,1,17.22,0.34,2,15,27.15,1.484,64.3,0,1,0,1,0,0
TXN00116,1724,30,2315,50000,fuel,online,ios,contactless,IN,1164.57,13,1,0,96.08755257192095,14.26,9,8,67.41,4.089,12.8,0,1,0,0,0,1
TXN00117,1719,45,676,5000,luxury,online,desktop,chip,SG,1133.12,0,0,0,9.75,19.77,2,8,789.56,1.435,454.7,1,1,1,1,1,0
TXN00118,1748,41,692,10000,online_retail,pos,desktop,chip,IN,171.12,15,4,0,2.33,13.07,3,7,232.35,0.736,108.0,0,0,1,0,0,0
TXN00119,1337,38,2313,50000,online_retail,online,pos_terminal,swipe,US,1757.08,3,0,0,46.73253246093627,1.97,5,7,21.41,2.583,37.8,1,1,0,0,0,1
TXN00120,1878,29,1789,10000,electronics,pos,android,card_not_present,IN,496.2,6,5,1,6.59,1.31,2,8,790.45,0.628,158.2,0,0,0,0,1,0
TXN00121,1052,33,2280,25000,grocery,pos,desktop,swipe,OTHER,55.58,14,4,0,2.86,10.21,2,7,44.05,1.262,39.4,1,0,0,1,0,0
TXN00122,1791,52,285,15000,grocery,atm,ios,swipe,SG,98.68,23,0,0,4.09,6.16,5,7,148.65,0.664,293.7,1,0,0,0,0,0
TXN00123,1921,49,627,10000,travel,online,pos_terminal,card_not_present,AE,539.14,16,4,0,9.37,6.73,2,10,338.6,1.592,65.7,1,1,0,1,1,1
TXN00124,1216,28,691,10000,grocery,pos,android,contactless,IN,49.49,18,3,0,18.92,41.23,1,6,30.95,1.599,68.1,0,0,0,0,0,0
TXN00125,1763,43,264,10000,online_retail,online,desktop,chip,IN,159.98,22,6,1,1.12,15.44,1,8,172.52,0.927,367.2,0,1,1,0,0,0
TXN00126,1187,52,1398,25000,atm_withdrawal,online,ios,swipe,IN,239.65,12,1,0,6.78,6.37,2,8,110.41,2.171,147.5,0,1,0,0,1,0
TXN00127,1379,18,2611,10000,atm_withdrawal,atm,android,chip,SG,271.95,8,4,0,2.34,0.23,5,14,370.18,0.735,392.9,1,0,1,0,1,0
TXN00128,1492,49,2937,15000,online_retail,online,ios,card_not_present,AE,61.17,23,3,0,12.93,0.42,4,12,56.74,1.078,95.9,1,1,0,1,0,1
TXN00129,1040,32,3567,10000,fuel,online,android,chip,IN,926.89,23,6,1,63.25950765795168,13.85,5,6,67.61,3.932,75.9,0,1,1,0,0,1
TXN00130,1156,49,799,15000,atm_withdrawal,online,ios,swipe,IN,57.8,14,6,1,9.34,21.82,3,10,35.23,1.641,127.0,0,1,0,0,1,1
TXN00131,1014,31,2618,25000,atm_withdrawal,pos,pos_terminal,chip,AE,110.23,2,2,0,1.54,14.76,1,6,129.06,0.854,11.4,1,0,1,0,1,1
TXN00132,1812,18,242,50000,fuel,pos,ios,chip,IN,92.67,23,0,0,7.26,6.25,5,9,103.13,0.899,30.1,0,0,1,0,0,0
TXN00133,1064,19,492,10000,restaurant,online,ios,card_not_present,US,75.01,0,2,0,14.45,0.38,0,1,98.02,0.765,44.6,1,1,0,1,0,0
TXN00134,1856,42,2513,25000,fuel,online,ios,chip,SG,35.01,15,5,1,11.25,41.08,4,6,26.5,1.321,305.4,1,1,1,1,0,0
TXN00135,1838,45,312,25000,restaurant,online,android,chip,AE,111.34,7,3,0,11.19,51.52,4,11,169.21,0.658,238.2,1,1,1,1,0,0
TXN00136,1520,29,1516,15000,luxury,pos,android,swipe,IN,3078.26,22,2,0,5.84,9.57,2,8,4782.27,0.644,38.7,0,0,0,0,1,0
TXN00137,1343,50,1460,50000,grocery,pos,ios,chip,IN,27.39,12,2,0,17.71,0.88,1,6,39.49,0.694,58.3,0,0,1,0,0,0
TXN00138,1128,18,117,10000,atm_withdrawal,online,android,chip,SG,133.94,7,6,1,7.1,9.34,1,7,145.52,0.92,519.7,1,1,1,1,1,1
TXN00139,1647,41,1097,5000,online_retail,pos,android,card_not_present,GB,56.83,16,3,0,19.96,26.75,1,6,51.39,1.106,16.1,1,0,0,0,0,0
TXN00140,1471,25,490,25000,luxury,online,ios,card_not_present,IN,569.49,21,6,1,6.33,13.67,1,3,267.43,2.129,142.7,0,1,0,1,1,0
TXN00141,1062,32,2355,10000,travel,pos,android,card_not_present,IN,465.04,22,1,0,5.64,15.28,1,3,714.61,0.651,132.9,0,0,0,1,1,0
TXN00142,1138,42,2498,25000,atm_withdrawal,online,android,card_not_present,SG,102.22,13,4,0,2.01,1.07,3,8,157.64,0.648,232.8,1,1,0,1,1,0
TXN00143,1498,29,1754,25000,grocery,mobile,ios,contactless,GB,38.64,20,5,1,6.3,1.35,3,9,16.32,2.368,54.5,1,0,0,0,0,0
TXN00144,1592,36,1406,5000,electronics,pos,android,chip,AE,262.29,20,5,1,1.21,1.63,2,7,217.25,1.207,491.4,1,0,1,1,1,0
TXN00145,1391,56,2773,25000,grocery,online,pos_terminal,card_not_present,OTHER,58.33,6,0,0,16.3,28.17,4,9,84.93,0.687,95.2,1,1,0,1,0,0
TXN00146,1674,33,544,10000,luxury,pos,pos_terminal,card_not_present,IN,1344.13,14,6,1,9.01,8.95,4,8,668.06,2.012,60.6,0,0,0,1,1,0
TXN00147,1418,53,732,15000,restaurant,online,desktop,card_not_present,IN,54.56,15,4,0,40.46,18.82,1,5,34.69,1.573,73.9,0,1,0,0,0,0
TXN00148,1288,26,1683,15000,atm_withdrawal,online,android,contactless,SG,110.13,18,0,0,0.77,1.47,1,5,173.39,0.635,77.2,1,1,0,0,1,0
TXN00149,1378,49,2096,50000,luxury,online,desktop,chip,AE,879.99,5,5,1,2.2,31.51,4,9,1246.72,0.706,39.9,1,1,1,0,1,0
TXN00150,1772,62,52,5000,grocery,online,pos_terminal,card_not_present,IN,56.08,22,4,0,16.77,20.65,1,3,83.81,0.669,473.7,0,1,0,0,0,0
TXN00151,1489,18,2490,10000,electronics,mobile,desktop,card_not_present,IN,224.84,0,2,0,4.02,3.06,4,11,128.29,1.753,34.6,0,0,0,0,1,0
TXN00152,1230,30,1083,15000,grocery,pos,android,card_not_present,US,58.76,11,1,0,5.02,24.88,1,11,38.4,1.53,385.9,1,0,0,1,0,0
TXN00153,1040,50,1860,15000,fuel,pos,ios,chip,IN,48.6,17,2,0,15.77,3.67,2,4,54.75,0.888,93.4,0,0,1,0,0,0
TXN00154,1027,39,2185,15000,fuel,mobile,pos_terminal,chip,IN,44.82,15,1,0,5.9,2.76,1,6,44.91,0.998,56.5,0,0,1,0,0,0
TXN00155,1134,47,3468,5000,travel,online,ios,chip,SG,140.73,11,6,1,1.72,3.68,2,4,106.7,1.319,39.8,1,1,1,0,1,0
TXN00156,1200,33,1334,10000,fuel,mobile,ios,card_not_present,SG,50.1,19,3,0,17.81,28.89,3,7,73.18,0.685,126.3,1,0,0,0,0,0
TXN00157,1839,43,3229,10000,grocery,online,ios,chip,US,17.07,12,0,0,0.25,29.67,4,12,25.29,0.675,199.2,1,1,1,1,0,0
TXN00158,1779,39,3330,25000,grocery,atm,ios,chip,IN,31.66,7,0,0,18.06,4.79,3,8,23.75,1.333,411.3,0,0,1,1,0,0
TXN00159,1929,58,1164,10000,grocery,online,android,card_not_present,SG,61.89,21,3,0,0.41,14.67,4,6,36.32,1.704,190.2,1,1,0,0,0,0
TXN00160,1032,45,2213,10000,luxury,online,ios,chip,SG,262.19,0,4,0,8.77,13.51,0,5,151.78,1.727,119.0,1,1,1,0,1,0
TXN00161,1047,46,391,50000,restaurant,mobile,android,card_not_present,SG,49.55,20,3,0,0.6,19.71,4,11,48.62,1.019,6.1,1,0,0,0,0,0
TXN00162,1502,36,3287,5000,luxury,online,ios,swipe,SG,622.0,6,6,1,9.8,4.22,3,7,348.01,1.787,444.6,1,1,0,0,1,0
TXN00163,1406,35,2206,50000,travel,pos,android,card_not_present,IN,350.81,14,5,1,0.28,8.56,5,10,339.59,1.033,418.8,0,0,0,0,1,0
TXN00164,1573,35,1929,15000,fuel,pos,ios,contactless,IN,46.04,21,3,0,14.78,13.22,2,6,43.94,1.048,85.7,0,0,0,0,0,0
TXN00165,1727,47,1314,25000,restaurant,pos,android,card_not_present,IN,65.78,12,1,0,5.02,0.32,3,9,96.1,0.684,5.3,0,0,0,1,0,0
TXN00166,1804,36,544,10000,electronics,pos,desktop,card_not_present,IN,322.7,12,5,1,0.78,5.67,5,11,243.78,1.324,237.9,0,0,0,0,1,0
TXN00167,1098,46,478,5000,fuel,pos,desktop,chip,SG,60.05,8,3,0,9.82,14.28,3,10,64.42,0.932,282.4,1,0,1,0,0,0
TXN00168,1683,71,1953,15000,fuel,online,android,chip,AE,47.47,23,0,0,5.38,3.49,4,10,61.34,0.774,140.7,1,1,1,1,0,0
TXN00169,1871,54,3205,25000,grocery,online,android,chip,US,72.4,14,2,0,1.7,37.96,2,8,80.73,0.897,92.8,1,1,1,1,0,0
TXN00170,1725,37,1536,15000,fuel,online,android,contactless,US,29.18,3,1,0,0.13,0.37,3,10,45.08,0.647,342.8,1,1,0,1,0,0
TXN00171,1986,58,1277,5000,electronics,online,pos_terminal,card_not_present,IN,364.86,12,6,1,4.33,38.07,2,7,409.64,0.891,38.5,0,1,0,1,1,0
TXN00172,1546,36,1885,25000,online_retail,pos,ios,swipe,IN,100.77,11,1,0,0.72,2.93,2,5,149.36,0.675,104.2,0,0,0,0,0,0
TXN00173,1960,18,903,25000,grocery,pos,ios,contactless,IN,50.21,4,4,0,0.79,0.6,1,6,34.85,1.441,4.5,0,0,0,0,0,0
TXN00174,1738,27,3592,15000,fuel,pos,android,chip,IN,59.67,6,2,0,2.49,4.15,2,13,64.02,0.932,32.2,0,0,1,1,0,0
TXN00175,1612,18,2550,25000,restaurant,online,ios,card_not_present,IN,19.45,7,1,0,7.96,18.52,3,5,20.46,0.951,508.9,0,1,0,1,0,0
TXN00176,1942,37,3111,25000,grocery,pos,pos_terminal,card_not_present,SG,507.03,4,3,0,59.46526974066661,16.75,4,10,153.21,2.848,155.3,1,0,0,0,0,1
TXN00177,1461,42,1458,15000,electronics,pos,pos_terminal,chip,OTHER,396.52,8,1,0,0.57,2.81,5,10,255.92,1.549,294.8,1,0,1,0,1,0
TXN00178,1642,65,2379,5000,atm_withdrawal,online,ios,swipe,IN,88.4,13,1,0,27.64,2.63,0,3,50.32,1.757,120.0,0,1,0,0,1,0
TXN00179,1768,46,2308,10000,grocery,atm,android,chip,IN,68.31,11,1,0,17.45,12.35,2,10,77.46,0.882,324.1,0,0,1,1,0,0
TXN00180,1004,38,1784,5000,grocery,pos,android,contactless,US,49.93,3,4,0,2.4,7.35,0,9,33.37,1.496,139.4,1,0,0,0,0,0
TXN00181,1217,53,952,10000,online_retail,online,android,contactless,IN,58.05,19,1,0,1.04,18.86,3,7,67.74,0.857,0.8,0,1,0,1,0,0
TXN00182,1502,18,3167,10000,electronics,online,android,chip,AE,481.52,7,1,0,22.83,0.29,1,3,754.54,0.638,413.9,1,1,1,1,1,0
TXN00183,1766,45,3014,5000,online_retail,atm,android,swipe,US,1076.83,16,4,0,37.090758828312744,11.31,7,7,96.94,3.66,29.0,1,0,0,1,0,1
TXN00184,1397,52,2189,10000,restaurant,mobile,android,chip,GB,115.96,7,5,1,2.98,15.74,2,5,78.54,1.476,107.8,1,0,1,0,0,0
TXN00185,1870,21,1066,5000,grocery,pos,ios,contactless,IN,60.37,20,2,0,5.39,60.22,1,4,36.53,1.653,116.6,0,0,0,0,0,0
TXN00186,1794,58,1446,25000,online_retail,pos,pos_terminal,contactless,US,135.39,0,6,1,11.85,13.63,0,7,145.26,0.932,8.7,1,0,0,0,0,0
TXN00187,1392,46,2577,50000,online_retail,mobile,ios,chip,SG,110.0,19,5,1,1.48,3.17,2,6,121.45,0.906,9.8,1,0,1,1,0,0
TXN00188,1206,36,3009,5000,grocery,online,pos_terminal,card_not_present,SG,60.32,1,0,0,11.67,1.37,3,9,72.06,0.837,258.8,1,1,0,0,0,0
TXN00189,1014,50,2675,50000,online_retail,online,desktop,card_not_present,IN,90.05,3,4,0,11.07,12.29,2,6,116.15,0.775,64.3,0,1,0,0,0,0
TXN00190,1857,73,2311,15000,fuel,online,android,swipe,IN,40.23,23,4,0,6.2,8.89,2,8,45.1,0.892,94.9,0,1,0,0,0,0
TXN00191,1553,44,2679,10000,online_retail,online,desktop,chip,SG,82.8,20,1,0,16.07,27.53,3,8,44.22,1.872,149.5,1,1,1,0,0,0
TXN00192,1891,45,343,5000,grocery,mobile,android,card_not_present,SG,74.49,0,1,0,1.13,15.56,1,7,100.43,0.742,84.1,1,0,0,1,0,0
TXN00193,1460,35,2643,15000,travel,mobile,ios,card_not_present,AE,594.11,6,6,1,7.24,8.55,3,16,294.33,2.019,268.5,1,0,0,1,1,0
TXN00194,1690,30,3113,25000,electronics,online,android,chip,US,329.36,0,0,0,4.77,6.2,3,9,139.65,2.358,388.5,1,1,1,0,1,0
TXN00195,1574,53,2286,15000,restaurant,pos,pos_terminal,chip,US,1178.79,3,1,0,67.15734359672156,6.22,8,7,22.99,3.059,11.1,1,0,1,1,0,1
TXN00196,1863,30,2027,5000,grocery,mobile,android,chip,IN,40.02,2,3,0,2.33,3.08,1,10,42.34,0.945,181.6,0,0,1,1,0,0
TXN00197,1742,43,1067,5000,travel,pos,android,contactless,US,335.76,11,1,0,3.73,0.21,5,11,415.77,0.808,68.8,1,0,0,1,1,0
TXN00198,1240,35,1686,10000,travel,pos,pos_terminal,chip,SG,218.04,18,1,0,0.92,10.27,2,6,187.36,1.164,157.6,1,0,1,1,1,0
TXN00199,1563,48,3519,10000,restaurant,mobile,android,swipe,GB,90.41,14,3,0,2.32,2.87,1,9,37.37,2.419,119.1,1,0,0,1,0,0
TXN00200,1095,46,3538,10000,online_retail,pos,desktop,contactless,GB,26.26,21,0,0,2.54,2.8,1,7,20.93,1.255,73.1,1,0,0,0,0,0
TXN00201,1899,56,3478,10000,online_retail,pos,desktop,contactless,IN,126.74,15,3,0,10.2,1.61,3,4,143.19,0.885,17.9,0,0,0,0,0,0
TXN00202,1733,34,3121,25000,restaurant,pos,pos_terminal,swipe,AE,114.25,9,4,0,0.4,2.52,5,8,76.64,1.491,147.5,1,0,0,1,0,0
TXN00203,1484,38,2664,50000,atm_withdrawal,mobile,pos_terminal,swipe,IN,133.65,21,3,0,8.43,0.39,1,12,163.77,0.816,21.5,0,0,0,0,1,0
TXN00204,1406,28,1808,10000,electronics,online,pos_terminal,contactless,IN,239.98,5,2,0,2.0,13.46,3,9,324.76,0.739,30.6,0,1,0,0,1,0
TXN00205,1230,35,1044,50000,online_retail,online,android,chip,SG,136.21,16,4,0,0.68,6.16,4,7,128.73,1.058,724.9,1,1,1,0,0,0
TXN00206,1748,47,1123,10000,atm_withdrawal,pos,pos_terminal,chip,IN,98.56,20,1,0,2.86,9.89,1,6,143.0,0.689,68.5,0,0,1,0,1,0
TXN00207,1654,52,3312,10000,luxury,atm,ios,card_not_present,US,862.95,21,6,1,2.03,12.16,0,12,1230.38,0.701,158.1,1,0,0,0,1,0
TXN00208,1170,29,1154,10000,atm_withdrawal,atm,ios,chip,IN,90.54,23,4,0,6.42,43.12,1,5,131.62,0.688,57.2,0,0,1,0,1,0
TXN00209,1540,54,727,15000,electronics,pos,android,card_not_present,IN,127.98,16,0,0,3.54,0.85,4,8,152.71,0.838,361.1,0,0,0,0,1,0
TXN00210,1035,60,2209,50000,fuel,online,desktop,card_not_present,SG,70.61,20,0,0,27.05,6.49,3,8,54.07,1.306,60.0,1,1,0,0,0,0
TXN00211,1524,47,1434,15000,online_retail,pos,pos_terminal,chip,US,78.83,18,3,0,26.49,3.39,3,11,77.06,1.023,82.3,1,0,1,1,0,0
TXN00212,1159,68,1185,10000,restaurant,mobile,pos_terminal,swipe,GB,21.34,17,4,0,4.69,7.77,1,7,26.73,0.798,168.7,1,0,0,1,0,0
TXN00213,1838,31,1073,15000,online_retail,online,ios,contactless,US,174.24,10,1,0,12.68,30.38,1,4,113.72,1.532,367.2,1,1,0,0,0,0
TXN00214,1698,24,1959,5000,online_retail,mobile,android,card_not_present,US,63.68,23,0,0,0.11,15.45,3,11,81.93,0.777,304.9,1,0,0,0,0,0
TXN00215,1242,18,2613,25000,atm_withdrawal,pos,ios,card_not_present,IN,198.64,6,5,1,6.35,13.01,3,14,210.1,0.945,55.1,0,0,0,1,1,0
TXN00216,1085,62,1043,15000,electronics,atm,pos_terminal,card_not_present,IN,604.45,9,1,0,10.88,6.98,2,10,311.43,1.941,318.5,0,0,0,1,1,0
TXN00217,1795,51,256,10000,atm_withdrawal,atm,desktop,chip,IN,171.88,6,5,1,1.96,13.34,3,11,183.7,0.936,217.4,0,0,1,0,1,0
TXN00218,1577,41,3255,15000,travel,online,ios,contactless,SG,805.75,4,2,0,0.5,0.39,2,11,386.87,2.083,825.9,1,1,0,1,1,0
TXN00219,1681,45,1858,15000,electronics,mobile,android,swipe,US,155.52,11,5,1,1.36,10.59,4,12,64.88,2.397,493.3,1,0,0,1,1,0
TXN00220,1556,26,1522,5000,travel,pos,ios,swipe,IN,873.94,15,0,0,4.66,9.68,3,7,1282.55,0.681,137.1,0,0,0,1,1,0
TXN00221,1573,76,851,15000,restaurant,pos,ios,chip,US,1616.2,20,3,0,90.9685746203995,5.11,4,7,34.5,4.531,249.5,1,0,1,0,0,1
TXN00222,1952,43,2053,10000,grocery,online,pos_terminal,chip,SG,32.87,17,2,0,3.84,2.7,3,6,34.58,0.951,152.0,1,1,1,0,0,0
TXN00223,1645,43,900,15000,fuel,online,ios,card_not_present,IN,1782.77,3,4,0,72.82888573487483,19.78,6,5,19.84,5.412,162.7,0,1,0,0,0,1
TXN00224,1795,52,2482,25000,luxury,online,android,swipe,IN,695.45,19,1,0,5.08,0.66,3,8,731.12,0.951,19.3,0,1,0,0,1,0
TXN00225,1027,48,2279,25000,grocery,pos,ios,chip,AE,710.74,23,0,0,112.23280344369162,0.87,4,7,38.37,2.664,0.4,1,0,1,0,0,1
TXN00226,1619,45,2115,15000,online_retail,online,android,swipe,US,121.97,4,2,0,0.89,6.97,4,14,157.92,0.772,8.9,1,1,0,0,0,0
TXN00227,1555,30,3019,15000,online_retail,pos,pos_terminal,card_not_present,GB,1120.57,22,2,0,42.944266060726285,3.49,8,11,50.52,5.449,612.0,1,0,0,1,0,1
TXN00228,1339,48,1825,5000,online_retail,online,ios,card_not_present,IN,98.32,18,0,0,9.33,16.42,5,8,140.31,0.701,24.3,0,1,0,0,0,0
TXN00229,1797,68,217,25000,online_retail,online,ios,chip,OTHER,100.35,11,4,0,10.83,12.07,3,10,52.98,1.894,8.2,1,1,1,0,0,0
TXN00230,1957,60,1110,10000,fuel,online,ios,chip,IN,84.14,22,4,0,10.61,17.77,1,6,89.97,0.935,66.7,0,1,1,1,0,1
TXN00231,1330,64,970,10000,online_retail,pos,desktop,chip,IN,52.3,20,3,0,5.09,4.71,6,10,71.68,0.73,159.7,0,0,1,0,0,0
TXN00232,1639,34,3121,10000,electronics,online,desktop,card_not_present,OTHER,63.03,4,6,1,1.9,16.19,3,11,34.91,1.805,533.8,1,1,0,0,1,0
TXN00233,1505,28,2350,5000,online_retail,pos,desktop,contactless,IN,117.99,5,5,1,6.15,23.79,5,9,61.29,1.925,216.6,0,0,0,0,0,0
TXN00234,1347,40,3220,15000,grocery,pos,android,contactless,US,41.53,6,4,0,25.36,5.08,2,8,57.33,0.724,58.2,1,0,0,1,0,0
TXN00235,1472,42,2660,5000,online_retail,atm,android,contactless,IN,93.33,9,3,0,7.1,4.98,2,8,126.56,0.737,503.6,0,0,0,1,0,0
TXN00236,1230,57,2593,15000,fuel,mobile,android,swipe,SG,56.96,15,5,1,0.09,27.63,1,8,53.45,1.066,6.6,1,0,0,0,0,0
TXN00237,1189,18,3322,10000,fuel,pos,desktop,card_not_present,GB,68.26,7,2,0,0.49,0.61,3,12,36.29,1.881,695.8,1,0,0,1,0,0
TXN00238,1224,63,555,5000,fuel,atm,android,contactless,IN,90.0,8,0,0,39.54,5.17,2,5,91.74,0.981,10.9,0,0,0,0,0,0
TXN00239,1384,39,3616,15000,fuel,mobile,ios,chip,US,21.61,3,4,0,0.6,1.52,4,14,18.88,1.145,252.3,1,0,1,1,0,0
TXN00240,1376,36,365,5000,restaurant,atm,pos_terminal,chip,IN,103.02,20,3,0,0.38,0.35,2,9,105.31,0.978,8.3,0,0,1,0,0,0
TXN00241,1282,27,2775,10000,fuel,pos,pos_terminal,contactless,SG,54.28,20,2,0,3.48,1.44,1,10,50.37,1.078,482.7,1,0,0,0,0,0
TXN00242,1957,18,1108,15000,luxury,mobile,ios,card_not_present,IN,1468.24,7,4,0,27.87,6.77,1,6,1588.95,0.924,20.7,0,0,0,0,1,0
TXN00243,1632,53,2577,5000,luxury,pos,ios,chip,IN,466.02,6,1,0,3.07,13.94,2,7,593.04,0.786,9.3,0,0,1,0,1,0
TXN00244,1627,43,2977,25000,online_retail,pos,android,card_not_present,IN,54.99,14,6,1,4.22,4.1,7,12,73.13,0.752,396.1,0,0,0,1,0,1
TXN00245,1972,23,2843,5000,grocery,pos,desktop,card_not_present,IN,1677.33,20,2,0,88.40140487038508,22.74,9,9,48.88,2.359,18.1,0,0,0,0,0,1
TXN00246,1744,23,2613,10000,electronics,online,pos_terminal,chip,GB,329.13,2,4,0,0.2,6.91,3,12,210.22,1.566,287.8,1,1,1,0,1,0
TXN00247,1258,37,191,15000,restaurant,pos,android,chip,IN,47.3,16,2,0,18.24,41.39,2,8,41.46,1.141,247.4,0,0,1,1,0,0
TXN00248,1358,65,623,10000,electronics,pos,ios,chip,IN,342.52,10,0,0,5.86,36.99,1,6,166.28,2.06,164.4,0,0,1,0,1,1
TXN00249,1709,38,1968,5000,grocery,pos,pos_terminal,card_not_present,IN,36.37,8,0,0,5.03,17.81,3,8,34.26,1.062,85.5,0,0,0,0,0,0
TXN00250,1455,20,2236,10000,online_retail,atm,pos_terminal,chip,IN,81.55,4,6,1,15.77,32.33,3,8,127.58,0.639,445.0,0,0,1,1,0,0
TXN00251,1410,38,3289,10000,atm_withdrawal,mobile,android,swipe,US,513.24,9,0,0,24.47,14.73,3,10,600.53,0.855,368.7,1,0,0,1,1,0
TXN00252,1648,38,89,25000,restaurant,pos,ios,contactless,OTHER,66.94,14,5,1,4.41,27.11,1,12,39.2,1.708,100.0,1,0,0,0,0,0
TXN00253,1317,18,2992,10000,grocery,mobile,android,card_not_present,IN,57.24,13,1,0,1.51,3.24,4,6,41.34,1.385,47.4,0,0,0,0,0,0
TXN00254,1676,41,3420,25000,online_retail,mobile,android,chip,AE,35.59,3,0,0,13.53,5.09,4,7,16.99,2.095,57.3,1,0,1,0,0,0
TXN00255,1224,38,1931,25000,fuel,atm,pos_terminal,swipe,SG,126.37,20,1,0,4.13,16.78,2,8,78.21,1.616,44.8,1,0,0,0,0,0
TXN00256,1818,51,2288,10000,fuel,pos,pos_terminal,swipe,IN,107.87,19,0,0,21.93,6.63,1,7,106.3,1.015,140.3,0,0,0,0,0,0
TXN00257,1233,67,435,50000,atm_withdrawal,online,desktop,contactless,US,101.26,1,5,1,23.95,21.79,3,14,82.41,1.229,365.2,1,1,0,0,1,0
TXN00258,1683,57,693,10000,fuel,mobile,android,card_not_present,SG,106.7,11,2,0,0.98,25.21,2,7,68.8,1.551,267.4,1,0,0,1,0,0
TXN00259,1663,38,1162,50000,fuel,online,pos_terminal,chip,US,71.93,0,4,0,25.09,4.28,1,4,41.43,1.736,285.7,1,1,1,0,0,0
TXN00260,1974,26,1129,5000,grocery,pos,ios,card_not_present,GB,46.16,23,4,0,3.67,20.81,1,7,54.81,0.842,107.1,1,0,0,1,0,0
TXN00261,1826,78,571,15000,atm_withdrawal,online,android,contactless,IN,305.11,19,0,0,8.31,2.01,2,8,326.38,0.935,70.1,0,1,0,0,1,0
TXN00262,1373,42,1367,10000,restaurant,online,ios,contactless,GB,41.49,4,4,0,0.28,4.88,3,8,58.55,0.709,254.9,1,1,0,0,0,0
TXN00263,1671,42,1027,10000,online_retail,online,android,contactless,US,53.77,5,0,0,17.58,8.76,1,6,33.33,1.613,283.8,1,1,0,0,0,0
TXN00264,1607,41,1170,15000,restaurant,pos,desktop,swipe,SG,631.18,0,0,0,75.52617392478477,3.08,5,9,87.39,3.593,213.9,1,0,0,0,0,1
TXN00265,1471,44,3004,15000,grocery,pos,ios,chip,SG,60.17,10,6,1,8.25,10.39,1,10,65.8,0.914,5.9,1,0,1,0,0,0
TXN00266,1232,39,897,5000,travel,atm,android,contactless,IN,680.58,7,3,0,18.6,10.37,5,7,489.66,1.39,160.3,0,0,0,1,1,0
TXN00267,1691,33,2096,5000,electronics,mobile,android,contactless,OTHER,230.08,6,3,0,5.68,2.78,2,5,167.56,1.373,76.7,1,0,0,1,1,0
TXN00268,1112,34,461,15000,grocery,pos,android,contactless,US,28.2,3,6,1,4.23,19.05,3,7,24.49,1.151,39.3,1,0,0,1,0,0
TXN00269,1829,41,769,15000,online_retail,mobile,android,chip,IN,794.14,5,3,0,58.97762398805972,11.98,6,6,306.04,4.385,213.4,0,0,1,0,0,1
TXN00270,1496,34,1403,50000,luxury,pos,ios,card_not_present,IN,330.07,15,1,0,10.85,4.59,1,4,164.71,2.004,56.3,0,0,0,0,1,0
TXN00271,1441,32,212,25000,grocery,online,pos_terminal,contactless,SG,46.39,19,3,0,23.8,3.17,0,4,65.43,0.709,439.2,1,1,0,1,0,0
TXN00272,1563,43,2190,50000,fuel,atm,android,chip,IN,92.13,14,0,0,22.52,25.32,4,5,50.29,1.832,63.7,0,0,1,0,0,0
TXN00273,1267,38,1236,15000,fuel,atm,android,swipe,IN,113.01,13,5,1,3.85,21.68,1,9,110.77,1.02,145.8,0,0,0,1,0,0
TXN00274,1509,63,2558,10000,fuel,mobile,ios,card_not_present,SG,1710.71,2,5,1,114.46085433769689,3.13,6,6,37.75,2.54,316.6,1,0,0,1,0,1
TXN00275,1806,18,1199,5000,luxury,pos,pos_terminal,card_not_present,IN,213.95,11,2,0,2.37,0.44,4,11,217.1,0.985,92.6,0,0,0,1,1,0
TXN00276,1385,57,860,25000,travel,mobile,android,swipe,IN,289.11,11,3,0,8.65,19.59,1,5,423.54,0.683,317.5,0,0,0,0,1,0
TXN00277,1386,59,1681,15000,travel,pos,android,card_not_present,IN,642.39,15,5,1,3.63,11.47,1,6,1019.41,0.63,231.5,0,0,0,1,1,0
TXN00278,1112,18,1166,5000,restaurant,online,ios,chip,IN,78.1,14,3,0,12.34,1.28,3,13,33.14,2.357,456.6,0,1,1,1,0,0
TXN00279,1612,37,2840,10000,grocery,online,android,swipe,US,65.05,12,2,0,1.04,10.62,1,6,56.72,1.147,71.0,1,1,0,0,0,0
TXN00280,1624,36,505,50000,online_retail,online,android,card_not_present,SG,118.33,10,5,1,0.99,7.22,6,13,163.43,0.724,20.0,1,1,0,1,0,0
TXN00281,1951,22,2840,15000,travel,pos,desktop,card_not_present,IN,835.9,16,0,0,1.83,17.88,3,12,661.97,1.263,101.3,0,0,0,0,1,0
TXN00282,1080,31,1356,10000,online_retail,mobile,ios,contactless,IN,52.21,20,1,0,0.7,2.81,2,7,61.55,0.848,277.4,0,0,0,0,0,0
TXN00283,1698,26,1000,10000,luxury,pos,ios,card_not_present,SG,1642.68,14,6,1,113.11368198199068,7.24,5,16,493.87,2.97,107.8,1,0,0,1,1,1
TXN00284,1112,66,1049,10000,restaurant,pos,desktop,chip,IN,67.43,13,6,1,1.28,2.04,0,8,79.31,0.85,54.7,0,0,1,0,0,0
TXN00285,1001,55,1171,10000,electronics,online,desktop,card_not_present,IN,140.44,9,6,1,1.39,37.91,3,15,74.91,1.875,5.0,0,1,0,0,1,0
TXN00286,1641,59,1866,10000,restaurant,online,android,chip,IN,27.49,11,3,0,0.11,18.1,2,10,38.8,0.709,67.6,0,1,1,0,0,0
TXN00287,1219,52,190,5000,grocery,atm,ios,chip,AE,88.22,15,5,1,12.19,16.01,4,7,137.62,0.641,224.9,1,0,1,0,0,0
TXN00288,1565,26,2478,25000,grocery,pos,android,chip,US,51.64,14,5,1,13.38,14.06,1,10,64.81,0.797,28.7,1,0,1,0,0,0
TXN00289,1854,34,227,10000,fuel,pos,android,swipe,US,60.95,9,2,0,1.41,6.61,3,5,55.03,1.108,75.0,1,0,0,1,0,0
TXN00290,1996,48,1313,25000,electronics,atm,desktop,chip,US,256.87,3,0,0,10.76,30.81,3,12,395.09,0.65,3.7,1,0,1,0,1,1
TXN00291,1735,24,689,25000,online_retail,online,pos_terminal,chip,US,75.46,22,4,0,4.55,0.91,1,4,117.89,0.64,230.3,1,1,1,1,0,0
TXN00292,1224,51,1805,10000,online_retail,pos,pos_terminal,chip,SG,156.26,8,5,1,2.19,19.51,2,8,237.85,0.657,382.7,1,0,1,1,0,0
TXN00293,1384,38,1100,15000,luxury,online,ios,chip,SG,260.84,20,1,0,7.77,2.91,4,9,233.24,1.118,151.3,1,1,1,0,1,0
TXN00294,1402,36,2040,10000,online_retail,online,android,contactless,IN,34.0,19,2,0,1.57,4.7,1,6,45.82,0.742,4.7,0,1,0,0,0,0
TXN00295,1637,51,428,25000,online_retail,online,android,swipe,SG,47.8,8,5,1,11.31,8.79,2,8,56.64,0.844,44.2,1,1,0,0,0,0
TXN00296,1129,48,1763,10000,grocery,online,pos_terminal,chip,US,52.76,20,5,1,0.39,18.32,3,10,32.48,1.624,103.9,1,1,1,1,0,0
TXN00297,1052,36,1612,15000,grocery,atm,ios,card_not_present,SG,121.46,23,2,0,25.58,21.88,2,10,126.64,0.959,159.4,1,0,0,0,0,0
TXN00298,1683,58,2155,15000,online_retail,atm,ios,card_not_present,IN,129.03,19,2,0,0.6,10.52,2,8,167.38,0.771,123.4,0,0,0,0,0,0
TXN00299,1729,26,2201,10000,travel,online,desktop,card_not_present,IN,554.08,10,3,0,6.93,6.19,2,6,817.32,0.678,445.6,0,1,0,1,1,0
TXN00300,1671,50,104,5000,atm_withdrawal,pos,desktop,chip,SG,143.55,10,5,1,18.6,35.14,1,8,206.01,0.697,502.4,1,0,1,1,1,0
TXN00301,1709,50,2214,15000,grocery,atm,pos_terminal,card_not_present,US,1541.15,1,4,0,56.72582112927654,3.4,9,5,12.66,2.26,20.4,1,0,0,1,0,1
TXN00302,1415,37,631,15000,grocery,online,android,chip,AE,59.73,20,1,0,5.52,19.5,6,11,58.87,1.015,26.8,1,1,1,1,0,0
TXN00303,1246,46,3501,10000,travel,online,desktop,chip,IN,1218.95,9,0,0,3.45,11.36,2,6,1187.16,1.027,79.8,0,1,1,0,1,0
TXN00304,1835,24,866,15000,fuel,pos,pos_terminal,chip,US,1181.59,23,0,0,85.88227658903591,5.68,5,3,77.74,2.408,98.4,1,0,1,1,0,1
TXN00305,1438,54,1558,10000,grocery,mobile,android,card_not_present,SG,33.06,4,4,0,2.04,0.02,2,6,13.3,2.486,158.8,1,0,0,0,0,0
TXN00306,1202,39,529,15000,restaurant,online,ios,chip,GB,48.33,4,2,0,0.54,7.1,2,7,62.17,0.777,267.0,1,1,1,0,0,0
TXN00307,1183,34,1626,5000,grocery,pos,android,chip,SG,62.58,10,2,0,7.87,3.89,2,7,71.49,0.875,26.3,1,0,1,0,0,0
TXN00308,1122,56,167,25000,online_retail,online,pos_terminal,chip,SG,1383.68,3,2,0,63.9688634596171,1.32,7,6,128.11,3.174,292.1,1,1,1,0,0,1
TXN00309,1400,32,2127,10000,fuel,mobile,android,card_not_present,SG,98.97,15,5,1,7.79,0.94,4,10,93.85,1.055,169.5,1,0,0,0,0,0
TXN00310,1766,22,1824,10000,grocery,pos,ios,contactless,US,44.18,8,2,0,1.89,5.12,1,10,52.54,0.841,712.3,1,0,0,0,0,0
TXN00311,1293,20,1002,5000,electronics,mobile,android,chip,OTHER,218.96,21,2,0,3.31,11.45,0,7,343.18,0.638,189.6,1,0,1,0,1,0
TXN00312,1279,50,1672,5000,restaurant,online,desktop,contactless,IN,62.38,3,5,1,6.6,21.81,2,7,80.64,0.774,226.6,0,1,0,0,0,0
TXN00313,1836,24,1915,15000,electronics,online,android,contactless,IN,1120.36,1,5,1,74.12070109252124,2.43,4,8,89.34,2.33,39.1,0,1,0,1,1,1
TXN00314,1883,66,2331,10000,restaurant,pos,android,contactless,GB,143.27,13,4,0,3.73,6.63,1,6,86.11,1.664,263.7,1,0,0,0,0,0
TXN00315,1609,18,2058,25000,grocery,pos,ios,chip,SG,70.77,2,3,0,2.63,5.97,1,6,98.07,0.722,14.9,1,0,1,0,0,0
TXN00316,1197,65,2787,5000,restaurant,mobile,pos_terminal,card_not_present,SG,30.04,17,5,1,2.56,8.64,0,5,24.08,1.248,192.4,1,0,0,1,0,0
TXN00317,1981,44,1930,10000,fuel,pos,android,chip,SG,39.81,20,1,0,1.54,19.9,4,9,49.65,0.802,10.3,1,0,1,0,0,0
TXN00318,1906,40,2640,10000,online_retail,atm,android,contactless,IN,109.18,5,2,0,3.15,9.68,2,7,135.36,0.807,22.0,0,0,0,1,0,0
TXN00319,1510,34,2834,5000,online_retail,pos,desktop,chip,US,88.49,10,3,0,1.78,22.5,2,7,140.92,0.628,20.5,1,0,1,1,0,0
TXN00320,1751,47,1479,5000,luxury,pos,ios,swipe,US,708.61,20,0,0,8.04,8.77,0,8,682.99,1.038,9.7,1,0,0,0,1,0
TXN00321,1143,41,576,10000,electronics,pos,pos_terminal,swipe,IN,224.93,17,4,0,6.73,11.11,0,5,289.12,0.778,69.7,0,0,0,1,1,0
TXN00322,1608,57,3403,10000,grocery,online,android,contactless,IN,57.8,11,3,0,3.86,6.9,3,11,26.5,2.181,931.8,0,1,0,1,0,0
TXN00323,1200,43,951,10000,grocery,mobile,ios,chip,AE,41.01,4,5,1,3.15,20.79,2,8,39.17,1.047,77.1,1,0,1,0,0,0
TXN00324,1123,44,610,15000,restaurant,pos,android,card_not_present,IN,74.98,8,2,0,2.17,30.9,3,7,46.79,1.602,257.5,0,0,0,1,0,0
TXN00325,1186,36,1402,15000,online_retail,pos,android,chip,GB,122.39,19,2,0,6.13,12.23,2,5,172.41,0.71,25.5,1,0,1,1,0,0
TXN00326,1325,41,1986,5000,restaurant,pos,desktop,contactless,IN,133.09,17,2,0,20.1,20.63,1,8,187.38,0.71,109.1,0,0,0,0,0,0
TXN00327,1463,46,2033,10000,fuel,online,ios,card_not_present,SG,45.21,18,3,0,9.26,0.73,2,6,30.91,1.463,36.8,1,1,0,1,0,0
TXN00328,1348,18,2126,50000,electronics,online,desktop,contactless,GB,248.48,2,2,0,10.91,28.39,2,6,194.3,1.279,38.4,1,1,0,0,1,0
TXN00329,1770,23,2994,15000,grocery,mobile,android,card_not_present,US,23.02,8,5,1,14.38,2.51,4,10,28.61,0.805,18.9,1,0,0,1,0,0
TXN00330,1659,52,3175,15000,luxury,online,ios,contactless,IN,1638.23,3,3,0,3.47,3.56,4,6,2106.63,0.778,101.8,0,1,0,1,1,0
TXN00331,1763,44,733,10000,online_retail,online,ios,swipe,US,26.99,16,2,0,0.52,0.66,2,5,32.1,0.841,14.1,1,1,0,1,0,0
TXN00332,1954,39,2338,25000,luxury,pos,pos_terminal,card_not_present,IN,1514.0,16,0,0,7.79,40.37,2,9,2416.39,0.627,433.1,0,0,0,0,1,0
TXN00333,1931,42,2433,25000,fuel,mobile,android,chip,IN,63.17,22,0,0,1.67,22.93,1,4,91.12,0.693,106.9,0,0,1,0,0,0
TXN00334,1402,46,1655,15000,online_retail,pos,android,contactless,OTHER,100.7,22,1,0,6.73,29.33,0,4,90.68,1.11,328.3,1,0,0,1,0,0
TXN00335,1345,34,3361,50000,online_retail,pos,ios,card_not_present,US,73.03,1,2,0,10.76,22.54,3,10,57.87,1.262,699.4,1,0,0,1,0,0
TXN00336,1962,31,667,5000,electronics,online,ios,swipe,SG,254.31,8,2,0,12.25,7.84,4,8,283.87,0.896,203.9,1,1,0,1,1,0
TXN00337,1510,44,2820,5000,atm_withdrawal,online,android,chip,IN,207.28,8,3,0,2.87,30.94,1,3,286.29,0.724,417.2,0,1,1,1,1,0
TXN00338,1146,28,3396,25000,luxury,online,pos_terminal,swipe,IN,243.9,4,3,0,5.75,41.87,3,11,236.68,1.031,26.2,0,1,0,0,1,1
TXN00339,1147,47,1039,25000,atm_withdrawal,online,android,card_not_present,IN,104.79,14,6,1,7.76,8.38,5,11,134.68,0.778,318.9,0,1,0,1,1,0
TXN00340,1863,18,3008,5000,restaurant,atm,pos_terminal,card_not_present,SG,34.55,14,2,0,13.7,2.32,1,7,14.61,2.365,56.9,1,0,0,0,0,0
TXN00341,1710,56,670,10000,fuel,pos,android,contactless,US,76.74,2,1,0,11.46,12.9,1,8,115.95,0.662,115.2,1,0,0,0,0,1
TXN00342,1819,48,2869,5000,fuel,atm,desktop,contactless,SG,60.14,18,2,0,35.37,44.48,1,5,79.9,0.753,187.2,1,0,0,0,0,0
TXN00343,1488,45,3414,10000,luxury,online,pos_terminal,card_not_present,AE,842.93,2,5,1,0.06,24.68,5,17,735.9,1.145,421.0,1,1,0,1,1,1
TXN00344,1928,55,2689,25000,grocery,online,android,chip,IN,49.27,5,3,0,4.6,23.75,2,10,42.41,1.162,435.4,0,1,1,1,0,0
TXN00345,1935,65,1891,15000,restaurant,online,pos_terminal,chip,IN,98.45,3,2,0,2.37,32.58,1,8,51.54,1.91,17.4,0,1,1,0,0,0
TXN00346,1639,56,2886,10000,restaurant,pos,ios,card_not_present,IN,36.6,23,3,0,1.02,26.93,0,4,50.49,0.725,81.6,0,0,0,0,0,0
TXN00347,1550,18,1235,10000,online_retail,atm,pos_terminal,card_not_present,IN,82.6,12,2,0,19.4,17.97,1,6,109.23,0.756,283.7,0,0,0,1,0,0
TXN00348,1337,24,715,5000,luxury,online,desktop,card_not_present,IN,1104.42,12,4,0,49.57,15.2,2,10,1277.04,0.865,218.6,0,1,0,0,1,0
TXN00349,1871,33,1881,10000,electronics,pos,android,swipe,OTHER,412.23,10,3,0,1.59,3.69,3,10,215.08,1.917,4.8,1,0,0,0,1,0
TXN00350,1640,42,3465,15000,electronics,online,android,chip,IN,110.79,4,1,0,0.31,11.65,1,10,79.19,1.399,107.6,0,1,1,0,1,0
TXN00351,1778,49,217,50000,grocery,mobile,android,swipe,GB,25.66,0,4,0,2.57,8.84,0,5,24.39,1.052,318.2,1,0,0,1,0,0
TXN00352,1987,31,3644,25000,travel,online,android,chip,IN,382.4,8,5,1,14.41,23.76,7,10,275.01,1.39,240.9,0,1,1,1,1,0
TXN00353,1952,44,1649,5000,fuel,mobile,android,chip,OTHER,52.73,16,2,0,2.78,8.12,0,8,48.55,1.086,95.5,1,0,1,0,0,0
TXN00354,1472,31,1717,25000,electronics,pos,android,card_not_present,SG,241.16,21,6,1,0.47,1.64,4,10,161.85,1.49,239.2,1,0,0,0,1,0
TXN00355,1945,33,1014,25000,atm_withdrawal,pos,ios,chip,GB,232.42,0,5,1,0.43,0.06,1,5,190.47,1.22,144.2,1,0,1,0,1,0
TXN00356,1150,22,577,25000,luxury,pos,desktop,card_not_present,IN,703.52,2,3,0,4.46,13.59,3,15,832.09,0.845,438.8,0,0,0,0,1,0
TXN00357,1414,29,2802,10000,fuel,online,android,swipe,US,72.64,14,4,0,21.49,9.58,1,7,106.84,0.68,159.2,1,1,0,0,0,0
TXN00358,1989,23,3003,10000,electronics,pos,android,contactless,GB,361.51,20,5,1,2.69,4.82,3,12,311.63,1.16,92.2,1,0,0,1,1,0
TXN00359,1297,28,1461,10000,luxury,pos,ios,chip,IN,1277.53,22,1,0,115.8043560960495,2.22,4,5,1332.71,3.722,357.7,0,0,1,1,1,1
TXN00360,1610,56,905,5000,grocery,mobile,android,chip,IN,8.38,9,6,1,0.86,7.54,3,9,4.71,1.779,9.2,0,0,1,1,0,0
TXN00361,1262,28,647,10000,grocery,atm,android,chip,IN,36.38,7,3,0,5.44,1.27,0,4,38.16,0.953,415.4,0,0,1,1,0,0
TXN00362,1763,78,2491,10000,grocery,online,android,card_not_present,GB,27.69,11,4,0,9.54,4.92,2,7,41.7,0.664,214.5,1,1,0,0,0,0
TXN00363,1143,48,1395,10000,online_retail,pos,pos_terminal,card_not_present,SG,1348.96,21,5,1,98.10236599206064,5.72,6,9,45.04,2.888,508.2,1,0,0,0,0,1
TXN00364,1345,44,1273,15000,grocery,pos,pos_terminal,swipe,SG,34.9,14,4,0,2.82,7.52,1,7,25.17,1.387,51.9,1,0,0,0,0,0
TXN00365,1623,29,932,10000,luxury,pos,ios,chip,IN,625.56,8,4,0,14.76,7.54,3,9,349.68,1.789,213.7,0,0,1,0,1,0
TXN00366,1571,51,192,5000,travel,online,desktop,card_not_present,IN,639.15,23,5,1,0.08,3.56,2,7,664.55,0.962,298.4,0,1,0,0,1,0
TXN00367,1880,33,2004,50000,online_retail,mobile,ios,chip,AE,57.42,9,0,0,8.1,22.78,0,6,69.8,0.823,218.0,1,0,1,0,0,0
TXN00368,1001,43,3321,50000,fuel,online,desktop,chip,IN,73.25,19,2,0,4.01,5.27,3,8,34.38,2.131,42.5,0,1,1,0,0,0
TXN00369,1896,77,299,25000,travel,pos,desktop,contactless,SG,940.18,8,3,0,2.83,3.13,2,10,455.37,2.065,58.0,1,0,0,0,1,0
TXN00370,1303,40,661,50000,online_retail,online,ios,card_not_present,GB,126.4,14,3,0,8.57,2.32,3,8,182.47,0.693,150.6,1,1,0,0,0,0
TXN00371,1253,58,935,15000,restaurant,pos,android,chip,IN,22.99,22,6,1,14.4,4.67,1,5,21.78,1.056,106.6,0,0,1,0,0,0
TXN00372,1651,32,3501,50000,restaurant,pos,android,chip,US,46.85,20,6,1,6.54,0.84,2,10,44.77,1.046,239.1,1,0,1,0,0,0
TXN00373,1452,41,3283,5000,online_retail,online,ios,card_not_present,IN,97.29,20,6,1,0.25,0.4,2,11,149.19,0.652,85.7,0,1,0,0,0,0
TXN00374,1036,66,2044,10000,luxury,online,pos_terminal,chip,SG,813.19,0,3,0,4.95,11.15,2,6,637.75,1.275,353.2,1,1,1,1,1,0
TXN00375,1159,33,1671,10000,restaurant,pos,ios,chip,IN,47.87,1,4,0,4.97,11.58,2,6,70.68,0.677,101.8,0,0,1,0,0,0
TXN00376,1008,67,234,5000,restaurant,pos,pos_terminal,contactless,US,38.68,18,6,1,6.28,9.05,1,10,60.69,0.637,7.4,1,0,0,1,0,0
TXN00377,1232,51,611,5000,grocery,mobile,pos_terminal,card_not_present,IN,46.71,13,5,1,8.89,17.24,4,8,32.23,1.449,3.2,0,0,0,0,0,0
TXN00378,1098,34,1609,15000,grocery,pos,android,swipe,SG,24.75,7,2,0,0.16,0.48,0,6,25.17,0.983,187.3,1,0,0,0,0,0
TXN00379,1658,50,870,25000,fuel,pos,desktop,card_not_present,SG,109.86,5,1,0,5.58,32.98,1,9,114.39,0.96,140.0,1,0,0,0,0,0
TXN00380,1815,55,1866,15000,online_retail,pos,desktop,contactless,IN,223.59,11,3,0,7.1,1.2,3,4,321.84,0.695,140.9,0,0,0,0,0,0
TXN00381,1207,50,1281,5000,travel,pos,pos_terminal,chip,US,496.98,14,5,1,3.36,13.45,4,12,380.04,1.308,280.9,1,0,1,0,1,1
TXN00382,1130,20,1749,25000,travel,pos,pos_terminal,card_not_present,IN,995.32,2,2,0,40.212876180876364,1.72,4,13,477.89,4.116,84.8,0,0,0,1,1,1
TXN00383,1403,31,1672,15000,atm_withdrawal,atm,desktop,swipe,US,251.67,20,2,0,2.07,25.43,2,7,393.92,0.639,970.6,1,0,0,0,1,0
TXN00384,1151,38,2673,10000,atm_withdrawal,pos,android,chip,IN,229.34,0,0,0,3.05,8.58,2,7,323.0,0.71,523.8,0,0,1,0,1,0
TXN00385,1053,40,2327,15000,luxury,online,desktop,contactless,US,515.63,10,5,1,26.32,1.03,2,7,768.79,0.671,2.3,1,1,0,0,1,0
TXN00386,1119,50,904,10000,electronics,online,android,chip,IN,243.51,2,3,0,3.42,11.51,0,8,304.39,0.8,407.0,0,1,1,0,1,0
TXN00387,1672,44,1494,10000,restaurant,online,desktop,chip,IN,39.33,18,6,1,3.4,0.11,1,6,58.4,0.673,205.4,0,1,1,1,0,0
TXN00388,1919,23,3634,50000,fuel,mobile,pos_terminal,chip,IN,65.69,17,4,0,7.24,17.95,1,6,39.27,1.673,125.5,0,0,1,1,0,0
TXN00389,1627,47,2273,10000,fuel,mobile,ios,swipe,US,70.72,19,6,1,28.32,12.62,1,5,88.74,0.797,157.3,1,0,0,0,0,0
TXN00390,1586,50,719,10000,fuel,pos,ios,card_not_present,IN,39.07,1,2,0,32.63,2.87,1,4,49.94,0.782,332.0,0,0,0,0,0,0
TXN00391,1624,49,2040,25000,electronics,atm,ios,contactless,GB,138.43,6,2,0,6.93,5.64,2,6,128.33,1.079,543.0,1,0,0,0,1,0
TXN00392,1967,57,3620,15000,travel,online,ios,card_not_present,GB,192.9,7,1,0,0.01,0.09,3,9,95.62,2.017,147.9,1,1,0,0,1,0
TXN00393,1419,53,3171,5000,atm_withdrawal,mobile,android,chip,IN,188.62,18,6,1,18.47,14.2,3,10,216.33,0.872,36.0,0,0,1,0,1,0
TXN00394,1421,48,2716,5000,grocery,online,desktop,chip,SG,44.72,21,0,0,6.76,4.68,2,9,20.67,2.164,183.8,1,1,1,0,0,0
TXN00395,1103,41,1452,5000,restaurant,mobile,pos_terminal,chip,IN,52.53,14,2,0,3.65,10.17,1,5,45.12,1.164,14.3,0,0,1,0,0,0
TXN00396,1851,18,2031,15000,online_retail,atm,pos_terminal,chip,IN,103.29,9,2,0,14.14,37.68,1,7,90.11,1.146,181.5,0,0,1,0,0,0
TXN00397,1253,48,701,10000,fuel,pos,android,chip,US,36.55,21,4,0,4.08,4.27,3,6,58.43,0.626,297.6,1,0,1,0,0,0
TXN00398,1226,44,3304,5000,online_retail,online,pos_terminal,card_not_present,US,44.41,0,4,0,0.28,55.55,3,5,33.74,1.316,78.5,1,1,0,0,0,0
TXN00399,1111,45,1201,50000,fuel,mobile,desktop,card_not_present,SG,68.51,5,1,0,13.77,12.02,3,8,94.86,0.722,13.3,1,0,0,0,0,0
TXN00400,1509,24,1525,15000,online_retail,mobile,android,card_not_present,IN,1032.22,22,5,1,31.97527341534802,3.33,7,6,14.34,2.734,212.1,0,0,0,0,0,1
TXN00401,1472,26,973,10000,travel,pos,android,chip,IN,346.9,13,1,0,3.3,6.89,5,9,359.29,0.966,74.6,0,0,1,0,1,0
TXN00402,1098,56,2276,15000,grocery,online,android,card_not_present,IN,174.72,2,1,0,2.31,16.19,5,10,182.41,0.958,51.6,0,1,0,0,0,1
TXN00403,1152,41,1479,15000,grocery,pos,pos_terminal,chip,US,21.43,10,4,0,7.21,7.1,1,7,24.74,0.866,210.3,1,0,1,0,0,0
TXN00404,1860,51,2569,5000,online_retail,pos,ios,chip,SG,63.16,2,6,1,1.87,0.85,1,8,86.66,0.729,628.7,1,0,1,0,0,0
TXN00405,1913,42,925,10000,luxury,online,desktop,card_not_present,US,186.67,18,6,1,3.13,2.22,1,5,245.34,0.761,246.2,1,1,0,1,1,0
TXN00406,1895,42,2219,25000,electronics,pos,android,contactless,IN,219.84,9,6,1,8.1,18.8,4,9,288.7,0.761,121.7,0,0,0,0,1,0
TXN00407,1877,55,1366,10000,restaurant,atm,desktop,chip,IN,162.22,14,5,1,17.07,12.54,2,11,149.04,1.088,165.2,0,0,1,1,0,0
TXN00408,1337,34,194,15000,online_retail,pos,android,swipe,IN,103.42,10,4,0,6.09,10.12,4,9,131.65,0.786,27.6,0,0,0,0,0,0
TXN00409,1705,43,2391,10000,luxury,atm,ios,chip,IN,428.1,14,0,0,11.39,2.2,5,11,423.64,1.011,302.0,0,0,1,1,1,0
TXN00410,1821,35,2098,5000,restaurant,pos,ios,card_not_present,IN,182.57,23,3,0,11.52,21.82,1,8,87.7,2.082,166.9,0,0,0,0,0,0
TXN00411,1162,35,1135,5000,online_retail,pos,android,swipe,AE,30.68,12,3,0,8.73,38.85,2,7,45.04,0.681,607.8,1,0,0,1,0,0
TXN00412,1719,37,3232,10000,online_retail,pos,pos_terminal,card_not_present,GB,102.69,4,0,0,2.26,0.5,2,12,150.77,0.681,699.6,1,0,0,1,0,0
TXN00413,1956,45,1783,10000,atm_withdrawal,pos,android,chip,SG,155.45,3,6,1,16.13,0.97,2,2,122.41,1.27,78.8,1,0,1,0,1,1
TXN00414,1680,35,3061,5000,electronics,pos,desktop,swipe,SG,218.24,12,3,0,4.59,25.93,3,9,326.64,0.668,804.5,1,0,0,0,1,0
TXN00415,1995,59,2382,25000,electronics,pos,ios,swipe,IN,389.69,8,5,1,0.36,20.28,1,6,510.33,0.764,565.7,0,0,0,0,1,0
TXN00416,1160,29,1968,50000,grocery,online,ios,contactless,AE,23.49,16,4,0,2.24,11.55,2,9,20.69,1.135,183.8,1,1,0,1,0,0
TXN00417,1579,39,400,25000,restaurant,pos,android,chip,IN,65.32,1,3,0,11.6,34.8,1,3,52.11,1.254,73.0,0,0,1,0,0,0
TXN00418,1800,35,1910,25000,restaurant,online,android,card_not_present,GB,60.91,23,5,1,0.57,12.48,3,10,95.64,0.637,252.0,1,1,0,0,0,0
TXN00419,1397,62,882,10000,grocery,pos,pos_terminal,card_not_present,SG,27.87,4,4,0,1.28,2.92,4,11,34.98,0.797,57.0,1,0,0,0,0,0
TXN00420,1276,44,413,50000,online_retail,mobile,android,card_not_present,IN,233.81,15,5,1,9.48,15.65,7,12,199.81,1.17,178.9,0,0,0,0,0,0
TXN00421,1815,56,1961,5000,travel,mobile,pos_terminal,card_not_present,GB,361.93,6,0,0,17.85,12.45,2,4,423.6,0.854,4.5,1,0,0,0,1,0
TXN00422,1915,21,2522,50000,grocery,online,pos_terminal,card_not_present,IN,41.7,0,1,0,8.04,51.01,1,12,45.28,0.921,178.3,0,1,0,0,0,0
TXN00423,1503,45,454,50000,luxury,pos,android,contactless,SG,340.94,11,0,0,2.01,2.89,2,6,350.98,0.971,545.1,1,0,0,0,1,0
TXN00424,1895,54,2238,15000,fuel,pos,android,card_not_present,SG,54.84,20,3,0,0.44,10.93,3,9,64.36,0.852,48.3,1,0,0,0,0,0
TXN00425,1391,43,3279,50000,grocery,mobile,desktop,chip,IN,162.52,10,4,0,7.64,18.18,3,9,169.86,0.957,271.1,0,0,1,1,0,0
TXN00426,1134,56,658,15000,online_retail,pos,pos_terminal,swipe,IN,69.62,11,5,1,0.39,4.97,2,5,82.55,0.843,62.5,0,0,0,1,0,0
TXN00427,1194,34,924,10000,restaurant,pos,pos_terminal,chip,US,73.16,18,3,0,7.59,5.73,3,11,108.94,0.672,221.5,1,0,1,0,0,0
TXN00428,1400,61,2567,10000,grocery,pos,ios,swipe,US,75.9,11,3,0,2.05,26.26,3,16,120.83,0.628,216.7,1,0,0,1,0,0
TXN00429,1639,74,3094,15000,online_retail,pos,desktop,chip,IN,742.04,2,1,0,81.70910755941198,6.21,5,9,90.58,3.614,36.8,0,0,1,0,0,1
TXN00430,1032,36,2404,5000,online_retail,pos,android,card_not_present,GB,63.86,13,6,1,5.16,11.76,1,4,96.64,0.661,163.6,1,0,0,0,0,0
TXN00431,1687,35,627,15000,grocery,atm,pos_terminal,chip,IN,58.35,1,3,0,2.03,26.4,2,8,83.45,0.699,352.8,0,0,1,1,0,0
TXN00432,1459,62,3092,50000,grocery,pos,pos_terminal,chip,IN,39.41,1,1,0,15.35,2.83,2,9,29.72,1.326,86.8,0,0,1,1,0,0
TXN00433,1954,64,2366,5000,online_retail,online,android,contactless,IN,66.65,3,4,0,2.34,48.13,1,11,101.27,0.658,223.0,0,1,0,1,0,0
TXN00434,1882,34,622,25000,fuel,pos,android,chip,IN,100.61,19,4,0,2.93,14.53,5,8,48.79,2.062,202.0,0,0,1,0,0,0
TXN00435,1469,36,1717,50000,luxury,pos,android,chip,IN,577.52,22,5,1,14.38,8.23,2,9,459.65,1.256,53.6,0,0,1,0,1,0
TXN00436,1374,38,602,50000,restaurant,mobile,android,chip,OTHER,107.19,15,6,1,2.95,6.76,2,10,125.19,0.856,451.6,1,0,1,0,0,0
TXN00437,1021,23,3455,50000,luxury,pos,pos_terminal,swipe,IN,570.42,9,1,0,4.22,37.04,1,10,588.84,0.969,149.2,0,0,0,0,1,0
TXN00438,1749,29,2105,15000,fuel,atm,ios,swipe,IN,29.08,12,0,0,3.42,2.76,4,7,30.56,0.952,79.0,0,0,0,0,0,0
TXN00439,1669,27,3031,50000,luxury,online,android,card_not_present,IN,91.17,1,4,0,0.99,4.48,1,9,123.43,0.739,32.3,0,1,0,0,1,0
TXN00440,1037,31,2120,25000,travel,pos,android,card_not_present,US,145.54,2,6,1,0.32,4.41,1,11,92.22,1.578,115.5,1,0,0,0,1,0
TXN00441,1229,41,1734,5000,electronics,mobile,pos_terminal,swipe,AE,100.0,18,5,1,10.31,4.09,1,4,157.85,0.634,235.8,1,0,0,0,1,0
TXN00442,1364,45,2500,10000,grocery,pos,ios,chip,IN,52.1,5,0,0,8.29,7.59,2,12,48.19,1.081,175.9,0,0,1,0,0,0
TXN00443,1562,63,206,15000,grocery,mobile,ios,chip,IN,26.38,18,4,0,2.65,54.32,1,4,40.62,0.649,233.7,0,0,1,0,0,0
TXN00444,1437,28,558,10000,restaurant,pos,android,card_not_present,IN,18.57,20,4,0,2.8,26.36,1,5,15.97,1.163,282.4,0,0,0,0,0,0
TXN00445,1775,55,1663,15000,travel,mobile,pos_terminal,chip,IN,372.21,19,5,1,23.2,4.77,2,10,417.67,0.891,104.7,0,0,1,0,1,0
TXN00446,1282,39,995,15000,fuel,pos,pos_terminal,chip,IN,33.09,18,5,1,35.17,6.6,7,15,31.12,1.063,132.2,0,0,1,0,0,0
TXN00447,1026,41,1547,5000,online_retail,online,android,card_not_present,IN,103.21,7,2,0,5.13,13.29,1,6,125.0,0.826,773.9,0,1,0,1,0,0
TXN00448,1225,51,227,15000,fuel,atm,android,swipe,IN,76.35,13,3,0,12.97,0.21,3,12,47.36,1.612,619.9,0,0,0,0,0,0
TXN00449,1276,26,2687,25000,online_retail,mobile,android,chip,SG,107.91,9,3,0,10.68,20.59,3,8,95.04,1.135,96.4,1,0,1,1,0,0
TXN00450,1797,47,2919,10000,electronics,mobile,android,chip,IN,61.22,2,0,0,2.82,25.42,2,6,29.51,2.075,208.0,0,0,1,0,1,0
TXN00451,1608,44,882,5000,restaurant,atm,ios,card_not_present,GB,56.39,5,3,0,0.48,23.36,3,12,63.03,0.895,56.1,1,0,0,0,0,0
TXN00452,1283,48,3618,5000,restaurant,mobile,pos_terminal,card_not_present,GB,51.45,14,0,0,1.23,5.64,6,13,80.02,0.643,29.8,1,0,0,0,0,0
TXN00453,1878,46,1567,10000,travel,pos,ios,card_not_present,SG,204.29,22,6,1,14.58,7.44,0,10,92.97,2.197,263.3,1,0,0,0,1,0
TXN00454,1959,76,2099,50000,electronics,pos,pos_terminal,swipe,IN,77.16,22,4,0,10.51,0.15,2,7,91.94,0.839,103.1,0,0,0,0,1,0
TXN00455,1480,33,3213,10000,electronics,pos,ios,contactless,IN,235.49,17,2,0,8.73,6.12,6,12,313.23,0.752,35.1,0,0,0,0,1,0
TXN00456,1452,34,1110,15000,restaurant,pos,desktop,card_not_present,IN,98.75,13,2,0,1.12,7.4,4,9,64.75,1.525,256.0,0,0,0,0,0,0
TXN00457,1828,33,3167,10000,electronics,pos,desktop,card_not_present,US,60.43,18,4,0,8.17,28.5,0,6,43.97,1.374,444.1,1,0,0,0,1,0
TXN00458,1815,34,2919,10000,fuel,online,android,chip,SG,37.96,9,5,1,11.83,26.93,3,6,24.37,1.558,487.3,1,1,1,1,0,0
TXN00459,1658,33,127,25000,grocery,pos,ios,card_not_present,AE,48.38,14,1,0,15.76,40.61,0,7,36.62,1.321,163.3,1,0,0,0,0,0
TXN00460,1515,58,3245,15000,travel,online,ios,chip,GB,742.61,3,1,0,0.11,25.96,0,4,395.14,1.879,117.6,1,1,1,0,1,0
TXN00461,1546,61,1933,5000,online_retail,pos,android,chip,IN,67.37,22,3,0,9.23,0.1,4,13,56.89,1.184,27.5,0,0,1,1,0,0
TXN00462,1191,34,464,10000,atm_withdrawal,pos,ios,contactless,SG,433.84,1,5,1,0.15,12.31,3,10,365.6,1.187,283.3,1,0,0,1,1,0
TXN00463,1048,30,666,5000,fuel,online,ios,swipe,IN,22.35,2,0,0,9.82,0.85,2,10,30.59,0.731,523.1,0,1,0,1,0,0
TXN00464,1511,48,3187,10000,electronics,atm,pos_terminal,card_not_present,IN,82.45,6,6,1,8.08,3.82,2,9,112.23,0.735,396.4,0,0,0,0,1,0
TXN00465,1016,34,617,15000,restaurant,online,ios,chip,IN,96.26,22,2,0,1.28,10.36,0,4,130.54,0.737,250.8,0,1,1,1,0,0
TXN00466,1171,50,373,5000,restaurant,online,pos_terminal,contactless,IN,1637.06,0,3,0,72.94840332483122,14.47,7,8,16.33,3.788,0.8,0,1,0,1,0,1
TXN00467,1219,44,1347,10000,electronics,pos,ios,card_not_present,AE,1193.27,9,4,0,46.11299202040104,12.76,5,6,254.91,2.696,94.3,1,0,0,0,1,1
TXN00468,1157,20,2009,10000,travel,online,desktop,card_not_present,IN,340.18,18,5,1,14.01,0.6,4,10,303.83,1.12,95.2,0,1,0,0,1,0
TXN00469,1476,63,600,50000,electronics,pos,ios,chip,SG,1173.08,16,2,0,53.07574351629268,1.31,4,10,119.0,3.237,404.6,1,0,1,1,1,1
TXN00470,1045,67,640,50000,luxury,pos,pos_terminal,swipe,SG,474.5,18,0,0,9.34,1.65,1,8,521.15,0.91,12.2,1,0,0,1,1,0
TXN00471,1372,33,1757,5000,grocery,online,ios,contactless,US,22.15,4,0,0,20.58,1.15,1,6,33.79,0.656,136.4,1,1,0,0,0,0
TXN00472,1517,36,2320,25000,luxury,pos,ios,chip,IN,503.63,22,1,0,3.32,2.36,3,7,373.39,1.349,26.3,0,0,1,0,1,0
TXN00473,1098,46,1884,10000,restaurant,pos,ios,card_not_present,AE,55.53,19,3,0,5.59,14.0,2,7,52.79,1.052,195.4,1,0,0,1,0,0
TXN00474,1891,46,2638,10000,online_retail,mobile,ios,card_not_present,SG,63.63,12,4,0,4.98,21.32,2,7,75.47,0.843,282.9,1,0,0,0,0,0
TXN00475,1744,51,989,25000,grocery,mobile,android,chip,IN,32.62,12,2,0,1.37,6.31,0,3,46.11,0.707,184.9,0,0,1,0,0,0
TXN00476,1036,70,2109,50000,travel,pos,android,chip,IN,460.01,10,6,1,7.14,14.16,3,9,323.85,1.42,284.9,0,0,1,1,1,0
TXN00477,1279,39,2468,50000,travel,pos,android,chip,SG,996.48,10,0,0,10.87,2.68,2,8,733.76,1.358,168.3,1,0,1,1,1,0
TXN00478,1348,30,2354,15000,grocery,pos,pos_terminal,card_not_present,AE,38.87,15,2,0,19.9,43.47,1,8,56.84,0.684,37.9,1,0,0,1,0,0
TXN00479,1496,22,561,10000,online_retail,pos,android,chip,SG,125.59,14,4,0,15.22,5.17,3,9,62.33,2.015,86.8,1,0,1,0,0,0
TXN00480,1301,31,1207,25000,luxury,mobile,android,swipe,AE,743.45,22,2,0,112.65675802259112,22.44,7,4,397.3,2.217,565.8,1,0,0,0,1,1
TXN00481,1180,41,2460,10000,online_retail,pos,desktop,swipe,SG,38.41,21,3,0,10.16,34.89,1,10,55.02,0.698,61.2,1,0,0,1,0,0
TXN00482,1606,67,1121,15000,restaurant,atm,android,contactless,IN,70.57,17,1,0,12.91,24.0,2,11,106.28,0.664,11.7,0,0,0,0,0,0
TXN00483,1098,34,1931,10000,grocery,pos,ios,chip,IN,39.58,18,2,0,5.44,0.83,2,8,16.43,2.409,87.5,0,0,1,1,0,0
TXN00484,1699,45,913,15000,travel,mobile,android,chip,IN,744.48,3,5,1,0.98,12.61,2,9,628.04,1.185,82.1,0,0,1,0,1,0
TXN00485,1992,41,2291,10000,grocery,pos,pos_terminal,card_not_present,US,93.28,21,1,0,4.61,1.54,1,9,66.11,1.411,114.4,1,0,0,0,0,0
TXN00486,1115,58,1708,5000,online_retail,atm,pos_terminal,card_not_present,US,126.92,21,4,0,14.79,0.07,3,13,137.28,0.925,147.9,1,0,0,0,0,0
TXN00487,1190,77,2453,50000,luxury,pos,pos_terminal,card_not_present,IN,1078.51,22,1,0,62.53045555871654,0.64,6,7,1090.52,5.114,878.9,0,0,0,0,1,1
TXN00488,1252,34,2821,5000,online_retail,online,ios,chip,SG,1297.99,1,2,0,110.14355616139775,29.74,8,12,19.45,3.892,254.1,1,1,1,0,0,1
TXN00489,1980,35,2290,15000,grocery,pos,desktop,chip,IN,57.46,6,2,0,1.64,28.69,1,7,58.34,0.985,6.6,0,0,1,0,0,0
TXN00490,1927,56,2156,10000,electronics,pos,android,contactless,IN,401.84,1,5,1,26.67,3.07,1,7,426.66,0.942,224.5,0,0,0,0,1,0
TXN00491,1982,51,1779,5000,online_retail,mobile,android,chip,IN,39.75,0,0,0,4.14,9.5,4,13,35.66,1.115,312.9,0,0,1,0,0,0
TXN00492,1160,67,2705,5000,travel,mobile,android,card_not_present,IN,401.93,11,5,1,8.48,37.22,0,4,232.0,1.732,406.8,0,0,0,1,1,0
TXN00493,1255,50,2681,5000,atm_withdrawal,mobile,ios,contactless,IN,84.53,9,2,0,0.15,8.24,2,4,64.58,1.309,99.3,0,0,0,0,1,0
TXN00494,1322,36,811,25000,restaurant,online,ios,chip,IN,96.78,7,6,1,1.09,6.0,6,9,67.4,1.436,67.7,0,1,1,1,0,0
TXN00495,1127,50,3482,10000,online_retail,atm,ios,card_not_present,IN,47.29,0,1,0,12.19,7.92,2,5,64.38,0.735,329.1,0,0,0,0,0,0
TXN00496,1017,57,3078,50000,electronics,pos,android,card_not_present,IN,161.64,11,5,1,27.53,18.74,3,9,170.53,0.948,270.6,0,0,0,0,1,0
TXN00497,1792,53,2757,15000,fuel,pos,ios,chip,SG,46.48,1,5,1,3.09,7.78,2,7,35.11,1.324,138.2,1,0,1,0,0,0
TXN00498,1734,49,2135,10000,grocery,pos,desktop,contactless,IN,155.06,9,6,1,0.3,18.35,3,7,153.03,1.013,22.6,0,0,0,1,0,0
TXN00499,1565,56,3127,15000,electronics,online,ios,chip,OTHER,434.43,21,6,1,3.58,6.78,4,6,287.87,1.509,189.9,1,1,1,0,1,0
TXN00500,1569,58,910,15000,travel,pos,desktop,swipe,IN,971.07,16,6,1,0.14,3.48,1,5,604.15,1.607,12.2,0,0,0,0,1,0
TXN00501,1322,61,476,25000,online_retail,pos,android,chip,IN,29.51,2,0,0,1.71,4.74,1,9,42.26,0.698,19.0,0,0,1,0,0,0
TXN00502,1871,51,2143,10000,online_retail,online,pos_terminal,contactless,IN,39.8,6,2,0,11.17,0.97,2,11,61.04,0.652,72.4,0,1,0,1,0,0
TXN00503,1685,39,1813,10000,grocery,atm,ios,card_not_present,IN,93.96,11,2,0,22.13,8.26,5,11,46.61,2.016,83.5,0,0,0,1,0,1
TXN00504,1791,44,1307,25000,electronics,pos,android,contactless,AE,94.95,7,4,0,0.73,1.92,0,3,125.13,0.759,111.6,1,0,0,0,1,0
TXN00505,1625,58,2021,50000,fuel,pos,android,chip,IN,41.47,19,0,0,6.53,20.03,0,4,39.15,1.059,74.6,0,0,1,0,0,0
TXN00506,1287,30,1097,25000,grocery,pos,ios,contactless,GB,139.37,11,4,0,2.34,6.55,4,12,120.8,1.154,6.2,1,0,0,1,0,0
TXN00507,1942,47,3198,10000,restaurant,pos,pos_terminal,chip,GB,32.38,2,4,0,1.2,17.38,3,11,39.74,0.815,30.8,1,0,1,0,0,0
TXN00508,1853,36,1607,25000,grocery,pos,ios,card_not_present,SG,16.53,16,4,0,1.98,37.07,0,5,11.89,1.39,22.0,1,0,0,0,0,0
TXN00509,1662,42,1041,10000,travel,online,android,swipe,SG,410.58,8,3,0,6.9,22.72,2,9,174.37,2.355,101.6,1,1,0,0,1,0
TXN00510,1961,59,2304,10000,grocery,online,pos_terminal,chip,US,16.91,9,4,0,0.54,36.31,3,8,11.11,1.522,42.9,1,1,1,1,0,0
TXN00511,1638,44,803,10000,atm_withdrawal,online,desktop,chip,IN,296.23,21,5,1,4.56,10.07,2,11,184.23,1.608,62.5,0,1,1,1,1,0
TXN00512,1154,42,2756,15000,online_retail,pos,ios,card_not_present,SG,48.9,5,1,0,1.16,2.17,2,9,21.56,2.268,114.8,1,0,0,0,0,0
TXN00513,1489,22,3537,5000,fuel,atm,ios,chip,IN,32.85,0,5,1,2.55,32.87,4,15,25.81,1.273,48.4,0,0,1,0,0,0
TXN00514,1385,52,1844,10000,online_retail,pos,android,card_not_present,IN,81.3,21,5,1,1.69,24.35,1,5,78.81,1.032,50.8,0,0,0,1,0,0
TXN00515,1985,51,2678,25000,restaurant,online,ios,chip,SG,44.03,11,2,0,17.16,23.98,3,12,56.49,0.779,322.3,1,1,1,0,0,0
TXN00516,1784,72,2456,10000,luxury,atm,ios,chip,SG,689.33,4,3,0,9.85,14.18,4,8,545.12,1.265,143.0,1,0,1,0,1,0
TXN00517,1103,37,1231,5000,fuel,pos,pos_terminal,swipe,GB,79.93,12,4,0,16.23,11.77,3,4,50.63,1.579,349.8,1,0,0,0,0,0
TXN00518,1928,45,1480,5000,atm_withdrawal,pos,ios,card_not_present,IN,133.1,14,2,0,3.87,0.18,2,5,90.07,1.478,130.1,0,0,0,1,1,0
TXN00519,1392,45,2786,50000,luxury,mobile,ios,card_not_present,AE,316.76,21,0,0,3.01,16.54,6,11,465.45,0.681,432.0,1,0,0,0,1,0
TXN00520,1810,64,336,15000,luxury,pos,ios,chip,IN,896.69,10,0,0,3.83,1.15,1,11,578.96,1.549,52.9,0,0,1,1,1,0
TXN00521,1245,40,808,10000,online_retail,online,pos_terminal,swipe,IN,54.63,7,2,0,0.15,3.61,4,10,79.49,0.687,172.6,0,1,0,0,0,0
TXN00522,1175,45,2581,25000,online_retail,pos,pos_terminal,chip,IN,49.6,4,1,0,10.32,9.62,1,9,46.45,1.068,125.9,0,0,1,0,0,0
TXN00523,1038,50,2345,25000,travel,online,ios,contactless,IN,432.65,1,2,0,3.44,7.21,2,11,658.18,0.657,451.7,0,1,0,0,1,0
TXN00524,1476,44,37,10000,restaurant,pos,desktop,swipe,IN,19.04,11,2,0,3.01,0.19,4,12,16.94,1.124,97.6,0,0,0,1,0,0
TXN00525,1681,35,2585,15000,online_retail,pos,ios,card_not_present,SG,1051.36,1,3,0,119.58469519676147,20.85,9,8,60.83,3.563,347.4,1,0,0,0,0,1
TXN00526,1758,44,505,25000,online_retail,online,ios,card_not_present,AE,89.09,15,0,0,4.59,25.32,1,5,94.33,0.944,149.4,1,1,0,0,0,0
TXN00527,1537,57,1350,15000,travel,pos,android,swipe,IN,741.34,20,0,0,31.64,13.74,1,3,819.36,0.905,221.9,0,0,0,0,1,0
TXN00528,1866,27,2241,5000,restaurant,pos,ios,swipe,SG,865.5,1,4,0,86.65355135906911,9.35,8,6,48.56,5.028,392.3,1,0,0,1,0,1
TXN00529,1817,43,514,25000,restaurant,pos,android,card_not_present,AE,113.98,9,5,1,7.61,38.85,3,10,101.87,1.119,1040.1,1,0,0,1,0,0
TXN00530,1920,32,3173,15000,grocery,pos,pos_terminal,card_not_present,US,60.22,18,2,0,2.99,1.53,2,6,27.6,2.182,236.4,1,0,0,0,0,0
TXN00531,1407,58,2644,10000,atm_withdrawal,pos,android,chip,SG,147.81,7,2,0,37.33,16.07,6,10,170.29,0.868,68.0,1,0,1,0,1,0
TXN00532,1524,20,934,10000,online_retail,pos,pos_terminal,chip,IN,217.28,6,1,0,4.71,1.65,1,10,330.19,0.658,63.9,0,0,1,0,0,0
TXN00533,1827,34,588,5000,atm_withdrawal,mobile,ios,swipe,GB,158.06,0,6,1,8.04,5.77,1,8,244.85,0.646,66.6,1,0,0,0,1,0
TXN00534,1505,47,1997,5000,travel,pos,ios,chip,SG,300.78,11,6,1,1.08,10.57,2,9,335.75,0.896,18.5,1,0,1,1,1,0
TXN00535,1902,63,2315,25000,electronics,online,ios,chip,IN,267.62,4,0,0,10.56,16.03,2,5,113.43,2.359,9.9,0,1,1,0,1,0
TXN00536,1824,41,1157,5000,luxury,pos,android,chip,IN,446.08,15,1,0,2.51,0.04,2,9,235.19,1.897,156.5,0,0,1,0,1,0
TXN00537,1035,34,1263,10000,fuel,pos,ios,contactless,AE,73.69,3,3,0,4.76,3.62,1,7,103.22,0.714,299.5,1,0,0,0,0,0
TXN00538,1684,68,2631,15000,atm_withdrawal,mobile,android,chip,IN,310.14,16,4,0,17.17,9.27,2,6,432.86,0.716,6.6,0,0,1,0,1,0
TXN00539,1019,21,2905,5000,online_retail,pos,ios,chip,OTHER,79.65,23,1,0,28.2,9.13,1,9,122.28,0.651,150.5,1,0,1,0,0,0
TXN00540,1320,18,497,50000,online_retail,mobile,ios,chip,IN,84.07,20,0,0,4.42,12.18,1,7,90.5,0.929,83.7,0,0,1,0,0,0
TXN00541,1775,48,3555,10000,electronics,pos,desktop,card_not_present,US,387.71,1,3,0,14.4,4.35,4,11,556.98,0.696,401.4,1,0,0,1,1,0
TXN00542,1511,34,3369,10000,online_retail,online,android,card_not_present,IN,153.7,11,2,0,0.44,9.33,2,8,213.62,0.72,28.3,0,1,0,0,0,0
TXN00543,1399,27,2463,10000,electronics,online,android,swipe,SG,194.9,0,3,0,15.05,2.53,1,3,215.81,0.903,149.2,1,1,0,0,1,1
TXN00544,1653,51,2852,10000,grocery,mobile,ios,swipe,GB,49.47,11,5,1,7.94,2.48,2,8,66.31,0.746,636.8,1,0,0,0,0,0
TXN00545,1971,45,877,5000,fuel,online,pos_terminal,card_not_present,IN,93.28,11,1,0,5.37,10.31,3,10,51.38,1.815,76.2,0,1,0,1,0,1
TXN00546,1882,34,2464,15000,grocery,online,desktop,chip,SG,53.95,11,0,0,17.66,13.88,2,7,62.96,0.857,243.7,1,1,1,0,0,0
TXN00547,1470,24,2954,50000,luxury,pos,ios,chip,IN,215.46,18,1,0,14.93,1.54,2,8,332.7,0.648,385.4,0,0,1,0,1,0
TXN00548,1142,54,288,10000,luxury,pos,ios,chip,IN,1030.12,16,2,0,2.82,1.57,1,7,612.25,1.683,37.1,0,0,1,0,1,0
TXN00549,1091,51,312,15000,electronics,mobile,android,chip,IN,1155.3,19,6,1,39.529339534300235,10.0,5,11,430.91,2.399,881.4,0,0,1,0,1,1
TXN00550,1353,40,1679,15000,restaurant,pos,pos_terminal,swipe,US,76.25,23,2,0,0.84,3.78,2,10,59.85,1.274,298.4,1,0,0,1,0,0
TXN00551,1833,67,1928,25000,electronics,pos,desktop,card_not_present,IN,129.77,23,0,0,13.84,5.98,3,8,179.15,0.724,26.6,0,0,0,1,1,0
TXN00552,1799,27,69,10000,online_retail,atm,android,contactless,IN,86.99,10,5,1,9.0,6.14,0,3,107.58,0.809,67.0,0,0,0,1,0,0
TXN00553,1726,20,2563,10000,restaurant,pos,ios,swipe,IN,87.46,12,4,0,0.74,2.36,2,7,132.19,0.662,176.5,0,0,0,0,0,0
TXN00554,1958,32,3006,10000,luxury,mobile,android,card_not_present,SG,369.67,7,3,0,9.19,0.02,2,10,463.69,0.797,389.2,1,0,0,0,1,0
TXN00555,1853,41,2297,15000,travel,online,pos_terminal,chip,US,284.34,9,3,0,6.95,23.02,2,8,253.74,1.121,39.0,1,1,1,0,1,0
TXN00556,1050,45,3230,25000,restaurant,online,android,chip,IN,88.29,7,2,0,7.22,15.06,3,9,36.47,2.421,236.5,0,1,1,0,0,0
TXN00557,1664,38,1044,5000,fuel,mobile,ios,contactless,IN,41.57,19,1,0,2.75,14.08,3,9,56.18,0.74,56.8,0,0,0,0,0,0
TXN00558,1697,46,3101,10000,luxury,pos,android,contactless,GB,534.99,7,6,1,2.48,9.49,1,9,476.23,1.123,294.6,1,0,0,1,1,0
TXN00559,1574,24,3621,50000,grocery,pos,desktop,chip,IN,25.47,8,1,0,11.5,14.49,2,4,30.69,0.83,207.0,0,0,1,0,0,0
TXN00560,1189,62,642,25000,online_retail,online,desktop,swipe,AE,217.67,6,5,1,2.37,32.93,1,7,114.51,1.901,133.2,1,1,0,0,0,0
TXN00561,1124,40,3005,50000,online_retail,pos,desktop,contactless,AE,106.52,13,4,0,4.73,13.15,3,9,156.5,0.681,188.9,1,0,0,0,0,0
TXN00562,1149,57,1945,25000,restaurant,online,ios,contactless,US,47.79,1,1,0,9.49,3.7,1,8,44.1,1.084,376.4,1,1,0,0,0,0
TXN00563,1313,46,717,10000,grocery,mobile,pos_terminal,contactless,IN,35.28,10,3,0,0.66,10.14,3,10,53.05,0.665,87.9,0,0,0,0,0,0
TXN00564,1569,48,642,15000,luxury,online,android,chip,AE,1243.1,7,6,1,108.2874583084085,7.01,4,5,381.16,3.34,264.0,1,1,1,0,1,1
TXN00565,1341,49,2337,15000,fuel,pos,android,chip,US,56.47,12,1,0,7.12,9.75,1,8,30.82,1.832,31.1,1,0,1,1,0,0
TXN00566,1304,48,3067,5000,online_retail,mobile,android,swipe,SG,115.33,20,6,1,9.22,8.75,2,10,126.29,0.913,217.4,1,0,0,1,0,0
TXN00567,1691,50,3043,15000,fuel,online,pos_terminal,chip,IN,38.43,14,4,0,3.7,23.49,2,7,57.33,0.67,250.0,0,1,1,0,0,0
TXN00568,1681,60,2443,15000,electronics,online,ios,card_not_present,IN,833.84,2,3,0,33.53824861766186,12.66,8,9,360.31,3.797,105.3,0,1,0,0,1,1
TXN00569,1837,44,1811,5000,online_retail,pos,desktop,swipe,IN,65.36,22,6,1,3.2,2.51,5,10,58.93,1.109,284.0,0,0,0,0,0,0
TXN00570,1782,51,1840,25000,travel,mobile,desktop,chip,SG,854.51,13,1,0,13.21,0.78,3,9,1321.14,0.647,146.6,1,0,1,1,1,0
TXN00571,1053,40,2621,15000,grocery,online,android,card_not_present,SG,31.71,14,3,0,1.12,6.63,4,10,22.9,1.385,495.6,1,1,0,1,0,0
TXN00572,1443,62,2726,50000,grocery,atm,android,swipe,IN,782.73,23,2,0,111.36997313035799,0.19,8,16,58.66,4.06,21.5,0,0,0,0,0,1
TXN00573,1612,32,1577,5000,travel,atm,android,chip,SG,861.07,18,2,0,8.06,4.6,1,7,1119.1,0.769,25.2,1,0,1,1,1,0
TXN00574,1992,67,1960,10000,restaurant,pos,ios,card_not_present,IN,44.7,11,5,1,17.44,5.51,0,6,30.37,1.472,332.6,0,0,0,0,0,0
TXN00575,1263,41,2891,15000,atm_withdrawal,online,android,card_not_present,SG,108.52,19,2,0,4.44,5.65,2,9,110.52,0.982,332.5,1,1,0,1,1,0
TXN00576,1052,21,3117,10000,grocery,atm,android,contactless,GB,74.75,3,1,0,3.23,46.56,2,4,95.27,0.785,114.7,1,0,0,0,0,0
TXN00577,1571,43,1182,15000,electronics,pos,pos_terminal,chip,IN,93.86,2,4,0,18.48,4.35,3,9,110.08,0.853,598.2,0,0,1,0,1,0
TXN00578,1619,32,604,25000,grocery,atm,pos_terminal,contactless,IN,57.02,4,3,0,0.83,3.7,0,5,33.44,1.705,204.8,0,0,0,1,0,0
TXN00579,1004,53,3210,5000,grocery,mobile,android,card_not_present,IN,18.92,2,6,1,1.0,1.66,2,13,21.86,0.866,731.9,0,0,0,0,0,0
TXN00580,1102,32,1940,15000,online_retail,online,android,chip,SG,156.7,14,0,0,2.85,8.58,7,11,170.37,0.92,136.8,1,1,1,1,0,0
TXN00581,1195,35,1042,15000,online_retail,online,android,chip,US,69.64,18,2,0,25.71,2.0,3,12,74.47,0.935,40.5,1,1,1,0,0,0
TXN00582,1773,18,3634,10000,grocery,atm,desktop,card_not_present,GB,42.81,1,2,0,8.02,11.49,1,16,59.56,0.719,105.8,1,0,0,0,0,0
TXN00583,1876,35,699,50000,fuel,atm,pos_terminal,chip,IN,40.29,11,0,0,6.46,2.02,3,7,25.01,1.611,708.6,0,0,1,1,0,0
TXN00584,1991,18,298,25000,grocery,pos,android,card_not_present,OTHER,845.91,4,6,1,95.69399446836123,10.32,6,7,24.53,4.649,83.3,1,0,0,0,0,1
TXN00585,1883,19,3263,15000,atm_withdrawal,pos,android,swipe,IN,300.92,21,6,1,4.32,21.0,4,15,395.14,0.762,566.4,0,0,0,0,1,0
TXN00586,1349,52,1313,15000,luxury,online,desktop,swipe,SG,546.13,16,0,0,11.35,0.52,2,8,692.04,0.789,287.0,1,1,0,0,1,0
TXN00587,1046,53,953,10000,grocery,online,ios,chip,IN,1524.72,13,6,1,117.65731949526496,6.53,6,11,264.7,4.956,105.0,0,1,1,1,0,1
TXN00588,1866,47,1155,50000,fuel,online,android,card_not_present,GB,38.43,21,1,0,14.01,7.42,6,13,33.61,1.143,140.5,1,1,0,1,0,0
TXN00589,1822,28,1559,15000,atm_withdrawal,online,ios,swipe,SG,105.1,9,6,1,2.49,18.79,4,9,91.82,1.145,168.3,1,1,0,0,1,0
TXN00590,1935,41,1788,15000,luxury,pos,android,contactless,US,366.3,2,3,0,2.6,7.57,2,14,469.07,0.781,197.3,1,0,0,0,1,0
TXN00591,1819,41,1624,25000,travel,online,ios,contactless,AE,363.06,3,6,1,5.91,10.06,1,7,362.14,1.003,14.4,1,1,0,0,1,0
TXN00592,1655,25,276,10000,grocery,pos,desktop,card_not_present,IN,107.02,5,2,0,4.51,18.8,3,8,86.27,1.241,488.1,0,0,0,0,0,0
TXN00593,1268,63,1590,25000,grocery,online,pos_terminal,card_not_present,IN,78.43,23,4,0,8.36,9.85,2,2,90.24,0.869,163.6,0,1,0,1,0,0
TXN00594,1369,54,2208,5000,online_retail,online,ios,contactless,AE,34.97,21,1,0,3.62,5.32,3,10,49.11,0.712,481.6,1,1,0,1,0,0
TXN00595,1635,38,2430,10000,electronics,pos,pos_terminal,swipe,IN,484.8,15,1,0,2.1,1.08,0,10,229.7,2.111,179.9,0,0,0,0,1,0
TXN00596,1105,42,2273,10000,grocery,pos,ios,card_not_present,IN,65.51,6,6,1,5.08,15.71,1,5,102.63,0.638,101.5,0,0,0,0,0,0
TXN00597,1669,44,1969,50000,online_retail,online,desktop,contactless,SG,104.25,14,4,0,6.59,24.59,2,5,53.79,1.938,150.6,1,1,0,1,0,0
TXN00598,1658,18,959,25000,grocery,online,ios,chip,SG,30.89,20,4,0,1.23,42.1,1,10,31.33,0.986,318.4,1,1,1,0,0,0
TXN00599,1656,38,3483,15000,restaurant,pos,pos_terminal,chip,IN,39.33,19,5,1,6.51,31.34,3,12,42.17,0.933,71.0,0,0,1,1,0,0
TXN00600,1119,32,3099,15000,electronics,mobile,pos_terminal,card_not_present,IN,269.58,10,4,0,3.08,19.16,2,7,152.54,1.767,564.1,0,0,0,0,1,1
TXN00601,1830,27,2722,15000,grocery,online,android,swipe,IN,33.2,21,6,1,3.99,12.38,4,10,49.76,0.667,112.9,0,1,0,1,0,0
TXN00602,1786,38,256,50000,online_retail,mobile,pos_terminal,contactless,IN,164.68,20,6,1,2.62,18.25,3,11,159.04,1.035,563.2,0,0,0,0,0,0
TXN00603,1603,67,2778,10000,electronics,online,pos_terminal,swipe,GB,180.13,0,0,0,21.44,6.79,3,10,102.99,1.749,382.8,1,1,0,1,1,1
TXN00604,1057,50,3577,10000,luxury,online,desktop,chip,OTHER,205.66,4,2,0,9.2,10.84,4,12,257.88,0.798,262.7,1,1,1,0,1,0
TXN00605,1950,34,3578,5000,online_retail,mobile,android,contactless,SG,39.1,12,5,1,2.44,5.15,4,10,46.77,0.836,113.4,1,0,0,0,0,0
TXN00606,1345,50,294,25000,fuel,online,pos_terminal,chip,IN,30.37,20,6,1,8.29,4.75,3,12,47.24,0.643,159.2,0,1,1,0,0,0
TXN00607,1740,61,1425,15000,restaurant,online,pos_terminal,swipe,GB,47.58,13,0,0,15.1,16.96,2,10,44.24,1.075,327.7,1,1,0,1,0,0
TXN00608,1473,54,3587,10000,fuel,pos,android,contactless,SG,1655.47,2,5,1,37.52129523720033,7.26,6,4,48.74,2.44,141.4,1,0,0,0,0,1
TXN00609,1116,42,1487,5000,luxury,online,pos_terminal,swipe,IN,618.02,16,2,0,14.17,2.86,2,9,291.7,2.119,241.2,0,1,0,1,1,0
TXN00610,1829,32,675,25000,electronics,pos,android,card_not_present,GB,322.13,14,5,1,1.34,2.71,2,6,412.24,0.781,281.5,1,0,0,1,1,0
TXN00611,1790,51,2288,5000,online_retail,pos,android,card_not_present,US,69.64,20,0,0,13.84,23.52,1,4,79.44,0.877,129.5,1,0,0,0,0,0
TXN00612,1126,47,3478,15000,grocery,pos,ios,card_not_present,US,39.94,6,3,0,6.22,13.59,1,6,62.59,0.638,138.3,1,0,0,1,0,0
TXN00613,1392,54,1448,50000,travel,pos,ios,chip,US,1552.66,21,6,1,40.37324805228349,9.48,7,12,1315.28,4.329,39.7,1,0,1,1,1,1
TXN00614,1907,50,1503,10000,atm_withdrawal,mobile,ios,chip,IN,291.08,21,2,0,4.18,6.15,2,7,442.38,0.658,50.5,0,0,1,0,1,0
TXN00615,1640,56,3020,10000,restaurant,pos,android,contactless,IN,924.6,11,1,0,49.233251441253316,6.76,8,8,109.46,2.32,423.6,0,0,0,0,0,1
TXN00616,1057,34,1417,15000,fuel,online,pos_terminal,card_not_present,US,99.34,22,2,0,12.24,0.71,0,4,90.81,1.094,330.2,1,1,0,1,0,0
TXN00617,1633,60,1929,25000,fuel,atm,android,card_not_present,IN,20.8,5,2,0,6.85,7.28,3,10,12.07,1.723,1.8,0,0,0,1,0,0
TXN00618,1512,44,2534,15000,restaurant,online,android,card_not_present,IN,34.99,20,2,0,0.98,19.04,0,4,22.22,1.575,366.4,0,1,0,1,0,0
TXN00619,1750,71,2802,50000,luxury,pos,android,chip,US,473.06,15,3,0,4.33,5.89,2,9,369.96,1.279,4.6,1,0,1,1,1,0
TXN00620,1801,32,1279,5000,grocery,online,ios,swipe,US,1690.79,4,6,1,110.57603639153602,5.81,7,8,29.12,4.908,110.3,1,1,0,0,0,1
TXN00621,1095,66,1011,15000,travel,online,pos_terminal,swipe,SG,170.94,8,0,0,0.59,0.19,2,8,93.49,1.828,12.6,1,1,0,1,1,0
TXN00622,1637,44,1184,15000,electronics,online,desktop,chip,US,315.06,13,6,1,6.25,7.35,2,11,240.1,1.312,624.3,1,1,1,0,1,0
TXN00623,1117,32,617,25000,atm_withdrawal,atm,pos_terminal,chip,AE,321.44,7,1,0,17.6,0.31,2,8,247.3,1.3,645.7,1,0,1,0,1,0
TXN00624,1559,35,505,5000,grocery,mobile,android,card_not_present,US,44.68,13,0,0,9.01,10.14,2,7,18.09,2.47,169.9,1,0,0,0,0,0
TXN00625,1600,37,1851,25000,fuel,online,ios,chip,IN,85.7,11,5,1,2.3,8.48,1,8,70.7,1.212,89.6,0,1,1,0,0,0
TXN00626,1487,47,1015,15000,restaurant,pos,ios,chip,IN,53.73,9,5,1,6.82,21.99,1,7,28.98,1.854,129.1,0,0,1,0,0,0
TXN00627,1236,49,3378,10000,grocery,online,ios,chip,IN,35.3,19,5,1,22.95,10.46,2,11,32.32,1.092,258.6,0,1,1,0,0,0
TXN00628,1884,33,2233,5000,online_retail,pos,android,card_not_present,IN,132.63,19,0,0,10.27,4.69,1,6,84.33,1.573,45.5,0,0,0,0,0,0
TXN00629,1896,41,1271,25000,travel,mobile,desktop,contactless,IN,182.36,20,4,0,9.36,8.71,3,12,252.85,0.721,104.9,0,0,0,0,1,0
TXN00630,1271,71,219,5000,electronics,pos,ios,contactless,IN,89.71,12,3,0,27.58,14.44,3,6,44.55,2.014,240.6,0,0,0,1,1,0
TXN00631,1188,66,1470,10000,electronics,pos,desktop,card_not_present,SG,113.09,18,4,0,12.83,1.18,4,13,162.71,0.695,90.6,1,0,0,0,1,0
TXN00632,1998,48,1010,10000,online_retail,atm,ios,chip,GB,127.93,14,6,1,1.18,11.64,2,7,140.29,0.912,5.9,1,0,1,0,0,0
TXN00633,1703,42,1728,25000,grocery,online,android,contactless,IN,47.21,7,5,1,3.42,29.81,1,7,44.87,1.052,127.4,0,1,0,1,0,0
TXN00634,1446,43,1745,15000,online_retail,pos,ios,chip,US,98.41,22,3,0,26.85,4.27,2,12,104.28,0.944,240.7,1,0,1,0,0,0
TXN00635,1580,50,2623,25000,restaurant,online,android,chip,US,138.33,20,0,0,5.38,11.82,7,15,117.76,1.175,677.6,1,1,1,0,0,0
TXN00636,1789,27,70,10000,restaurant,mobile,pos_terminal,card_not_present,IN,29.01,9,5,1,0.95,20.67,1,5,16.05,1.807,6.8,0,0,0,1,0,0
TXN00637,1860,38,2384,15000,grocery,pos,ios,card_not_present,GB,87.27,2,0,0,4.91,8.6,7,15,115.11,0.758,139.7,1,0,0,0,0,0
TXN00638,1246,18,972,15000,grocery,mobile,android,swipe,SG,36.19,20,3,0,9.55,15.19,1,4,54.77,0.661,107.6,1,0,0,0,0,0
TXN00639,1962,47,367,25000,fuel,pos,pos_terminal,swipe,IN,44.38,2,0,0,48.09,4.47,3,10,68.35,0.649,50.0,0,0,0,0,0,0
TXN00640,1075,51,1367,50000,electronics,atm,ios,contactless,US,261.42,4,0,0,3.13,4.38,1,8,314.97,0.83,182.8,1,0,0,1,1,0
TXN00641,1153,35,1128,5000,travel,atm,android,chip,IN,455.88,15,1,0,5.77,13.22,3,9,406.84,1.121,32.2,0,0,1,1,1,0
TXN00642,1655,64,3030,15000,online_retail,pos,ios,chip,US,71.25,16,6,1,16.94,14.67,3,8,69.4,1.027,60.1,1,0,1,0,0,0
TXN00643,1434,24,2356,5000,grocery,online,android,chip,IN,62.95,5,4,0,3.51,33.18,4,12,74.81,0.841,274.0,0,1,1,1,0,0
TXN00644,1996,21,3277,15000,grocery,pos,pos_terminal,chip,AE,47.16,19,4,0,0.93,3.06,5,11,65.44,0.721,111.1,1,0,1,1,0,0
TXN00645,1085,45,925,10000,electronics,online,pos_terminal,card_not_present,IN,1477.29,19,4,0,85.14006665948642,7.58,6,10,190.32,4.239,911.3,0,1,0,0,1,1
TXN00646,1696,56,2350,10000,restaurant,online,pos_terminal,chip,SG,43.74,15,2,0,5.36,3.46,2,7,65.62,0.667,87.9,1,1,1,0,0,0
TXN00647,1284,65,2914,10000,fuel,online,ios,chip,IN,68.4,23,1,0,5.59,1.0,3,11,53.98,1.267,112.0,0,1,1,1,0,0
TXN00648,1973,35,2697,15000,online_retail,pos,ios,contactless,US,37.93,1,5,1,7.77,6.19,3,8,39.33,0.964,64.3,1,0,0,0,0,0
TXN00649,1219,57,1704,10000,fuel,pos,desktop,card_not_present,US,33.23,19,5,1,0.03,5.62,2,9,51.63,0.644,48.5,1,0,0,0,0,0
TXN00650,1068,41,2939,15000,atm_withdrawal,pos,android,chip,SG,122.55,14,5,1,21.4,3.78,3,9,186.99,0.655,459.8,1,0,1,0,1,0
TXN00651,1046,39,960,10000,atm_withdrawal,pos,ios,chip,SG,202.41,17,4,0,3.59,4.23,2,7,249.95,0.81,248.7,1,0,1,0,1,0
TXN00652,1093,54,318,5000,fuel,online,ios,swipe,SG,194.98,0,6,1,4.05,5.36,3,6,153.93,1.267,73.0,1,1,0,0,0,0
TXN00653,1749,51,753,25000,fuel,mobile,android,card_not_present,GB,54.97,18,4,0,1.53,53.94,2,9,36.44,1.509,216.8,1,0,0,0,0,0
TXN00654,1957,19,2970,10000,travel,online,ios,contactless,SG,150.75,11,6,1,3.8,18.33,5,10,74.8,2.015,607.5,1,1,0,0,1,0
TXN00655,1452,62,2349,10000,fuel,online,pos_terminal,card_not_present,AE,38.85,7,1,0,13.03,0.89,0,7,48.58,0.8,13.8,1,1,0,1,0,0
TXN00656,1203,61,1983,15000,online_retail,mobile,pos_terminal,card_not_present,AE,114.94,5,6,1,12.88,24.71,0,5,115.42,0.996,55.3,1,0,0,0,0,0
TXN00657,1911,33,1119,10000,restaurant,online,android,card_not_present,IN,32.26,11,0,0,21.97,12.04,5,10,35.06,0.92,40.3,0,1,0,0,0,0
TXN00658,1217,47,512,5000,online_retail,mobile,android,contactless,IN,39.01,6,4,0,4.13,26.55,2,13,37.72,1.034,366.9,0,0,0,1,0,0
TXN00659,1473,48,965,10000,restaurant,online,android,swipe,IN,78.8,17,5,1,9.87,5.02,2,7,77.19,1.021,35.5,0,1,0,1,0,0
TXN00660,1431,45,2325,50000,electronics,pos,pos_terminal,chip,AE,322.84,21,0,0,5.66,7.5,3,7,350.45,0.921,66.3,1,0,1,0,1,0
TXN00661,1340,34,185,15000,grocery,pos,android,card_not_present,IN,20.02,13,4,0,13.04,27.19,4,8,29.97,0.668,141.3,0,0,0,0,0,0
TXN00662,1550,32,1100,15000,restaurant,online,desktop,swipe,SG,33.62,7,3,0,9.97,3.82,0,7,14.63,2.298,174.7,1,1,0,0,0,0
TXN00663,1611,41,1988,15000,electronics,pos,android,chip,AE,495.73,23,2,0,3.67,29.65,0,0,675.17,0.734,297.2,1,0,1,1,1,0
TXN00664,1288,58,2531,5000,online_retail,pos,ios,contactless,IN,127.88,19,4,0,3.28,21.16,4,8,111.08,1.151,94.2,0,0,0,0,0,0
TXN00665,1253,49,2278,10000,fuel,online,ios,chip,SG,31.06,21,3,0,2.33,47.28,2,9,40.19,0.773,137.5,1,1,1,0,0,0
TXN00666,1733,36,1713,25000,grocery,online,desktop,contactless,IN,15.07,13,1,0,6.87,4.7,3,7,23.18,0.65,605.8,0,1,0,1,0,0
TXN00667,1356,52,153,5000,luxury,online,android,contactless,IN,695.49,4,3,0,26.56,3.23,2,4,533.82,1.303,63.5,0,1,0,0,1,0
TXN00668,1022,18,2078,10000,grocery,pos,ios,swipe,US,38.24,8,1,0,1.79,4.82,2,9,19.41,1.97,51.3,1,0,0,1,0,0
TXN00669,1761,58,997,10000,luxury,pos,android,card_not_present,IN,663.07,7,4,0,0.8,37.12,2,7,450.06,1.473,223.2,0,0,0,1,1,0
TXN00670,1521,18,884,10000,luxury,online,desktop,chip,IN,850.64,1,1,0,1.02,4.86,0,3,566.96,1.5,265.4,0,1,1,0,1,1
TXN00671,1757,36,669,50000,restaurant,mobile,pos_terminal,swipe,AE,32.5,15,3,0,12.23,9.99,0,6,41.93,0.775,96.4,1,0,0,0,0,0
TXN00672,1836,26,2268,5000,online_retail,online,android,contactless,IN,63.08,12,6,1,3.45,6.2,2,8,29.91,2.109,43.1,0,1,0,0,0,0
TXN00673,1099,23,1632,15000,online_retail,mobile,pos_terminal,contactless,OTHER,48.79,6,2,0,2.03,6.05,4,8,22.5,2.168,271.7,1,0,0,1,0,0
TXN00674,1801,58,2593,5000,atm_withdrawal,atm,ios,card_not_present,OTHER,93.3,15,0,0,3.48,2.58,2,7,114.98,0.811,199.8,1,0,0,1,1,0
TXN00675,1179,35,471,50000,fuel,online,android,swipe,IN,81.86,6,0,0,8.29,9.24,2,7,87.43,0.936,376.1,0,1,0,1,0,0
TXN00676,1222,46,1974,5000,travel,pos,ios,contactless,IN,432.98,13,2,0,6.33,22.72,1,7,390.25,1.109,334.8,0,0,0,0,1,0
TXN00677,1905,41,1868,10000,online_retail,online,android,chip,US,33.87,13,5,1,10.89,0.61,3,8,36.93,0.917,41.3,1,1,1,1,0,0
TXN00678,1761,48,1859,15000,travel,online,desktop,card_not_present,SG,596.02,11,0,0,3.31,26.4,3,10,764.27,0.78,321.4,1,1,0,0,1,0
TXN00679,1658,43,2220,15000,travel,online,desktop,swipe,IN,329.95,0,4,0,4.81,13.14,1,2,172.95,1.908,34.7,0,1,0,0,1,0
TXN00680,1441,24,3292,10000,electronics,online,android,card_not_present,US,382.07,0,5,1,0.86,11.51,3,10,406.5,0.94,358.7,1,1,0,0,1,1
TXN00681,1607,55,562,10000,online_retail,online,ios,chip,IN,45.78,11,4,0,0.61,11.8,0,1,63.6,0.72,264.8,0,1,1,1,0,0
TXN00682,1768,35,2304,10000,atm_withdrawal,pos,pos_terminal,chip,AE,90.15,19,3,0,4.96,4.22,2,9,75.27,1.198,151.9,1,0,1,1,1,0
TXN00683,1324,20,1366,10000,fuel,online,pos_terminal,swipe,IN,68.91,20,3,0,2.87,6.44,4,7,90.66,0.76,185.0,0,1,0,0,0,0
TXN00684,1515,36,978,10000,luxury,pos,ios,card_not_present,IN,328.28,14,5,1,7.59,19.27,2,11,464.35,0.707,19.8,0,0,0,1,1,0
TXN00685,1015,63,3403,10000,restaurant,atm,pos_terminal,contactless,IN,47.28,3,5,1,0.35,4.39,2,10,65.49,0.722,7.3,0,0,0,0,0,0
TXN00686,1791,53,2049,10000,restaurant,pos,ios,card_not_present,OTHER,28.27,6,5,1,1.04,7.62,1,12,33.37,0.847,72.3,1,0,0,0,0,0
TXN00687,1335,37,489,10000,online_retail,pos,ios,swipe,US,64.51,15,5,1,16.03,0.24,2,9,81.34,0.793,310.1,1,0,0,0,0,0
TXN00688,1758,37,3502,15000,restaurant,online,pos_terminal,swipe,AE,54.04,2,1,0,6.68,15.87,2,9,72.7,0.743,112.9,1,1,0,1,0,0
TXN00689,1257,37,580,50000,grocery,online,ios,chip,IN,45.38,6,6,1,9.96,6.49,3,8,58.11,0.781,45.5,0,1,1,0,0,0
TXN00690,1496,71,422,15000,restaurant,online,ios,card_not_present,IN,45.0,23,5,1,14.76,8.94,1,4,42.39,1.062,323.8,0,1,0,0,0,0
TXN00691,1987,47,1817,5000,grocery,pos,ios,chip,IN,54.06,21,6,1,4.99,1.46,1,3,31.95,1.692,46.7,0,0,1,1,0,0
TXN00692,1895,48,874,5000,atm_withdrawal,online,pos_terminal,card_not_present,SG,162.7,5,5,1,11.45,57.52,2,9,125.55,1.296,304.2,1,1,0,1,1,0
TXN00693,1159,56,3308,50000,luxury,pos,pos_terminal,card_not_present,SG,571.22,15,3,0,5.95,4.32,3,10,370.55,1.542,108.6,1,0,0,1,1,0
TXN00694,1474,45,2287,10000,fuel,mobile,ios,card_not_present,SG,42.53,23,4,0,2.02,12.09,5,8,35.46,1.199,112.1,1,0,0,0,0,0
TXN00695,1851,38,1168,5000,fuel,mobile,android,contactless,IN,107.97,7,6,1,3.3,10.45,2,8,106.59,1.013,57.3,0,0,0,1,0,1
TXN00696,1663,39,675,15000,restaurant,online,ios,contactless,GB,1239.4,22,3,0,51.03337033683046,18.45,5,5,105.49,2.818,414.8,1,1,0,0,0,1
TXN00697,1907,40,3352,15000,fuel,pos,ios,card_not_present,IN,33.94,21,0,0,3.05,4.17,1,12,52.65,0.645,16.7,0,0,0,0,0,0
TXN00698,1689,41,2296,15000,atm_withdrawal,online,android,chip,OTHER,214.33,5,1,0,3.27,16.92,0,7,283.67,0.756,28.1,1,1,1,0,1,0
TXN00699,1674,52,2484,10000,grocery,pos,desktop,contactless,IN,72.83,9,1,0,3.29,5.78,2,9,114.79,0.634,181.9,0,0,0,1,0,0
TXN00700,1379,42,1496,5000,grocery,online,ios,chip,SG,43.03,15,4,0,1.05,6.36,0,5,68.75,0.626,341.6,1,1,1,0,0,0
TXN00701,1544,52,1407,50000,luxury,pos,android,swipe,IN,595.04,10,5,1,0.71,13.4,1,10,870.13,0.684,18.1,0,0,0,0,1,0
TXN00702,1928,40,2965,10000,online_retail,mobile,android,chip,IN,25.78,12,3,0,0.38,18.41,3,7,12.77,2.019,238.2,0,0,1,0,0,0
TXN00703,1956,43,2635,15000,atm_withdrawal,pos,android,chip,SG,94.32,5,0,0,0.94,13.19,2,8,85.95,1.097,244.2,1,0,1,0,1,0
TXN00704,1690,18,2627,15000,electronics,online,pos_terminal,swipe,IN,397.62,23,3,0,3.37,27.62,3,5,413.9,0.961,156.8,0,1,0,0,1,0
TXN00705,1426,54,171,15000,online_retail,online,android,swipe,IN,52.02,0,5,1,7.21,4.03,2,4,28.55,1.822,120.1,0,1,0,0,0,0
TXN00706,1612,46,2689,10000,online_retail,online,android,contactless,US,73.27,20,5,1,1.67,27.71,4,11,100.41,0.73,69.7,1,1,0,1,0,0
TXN00707,1267,55,530,10000,online_retail,pos,ios,chip,US,528.61,2,2,0,95.41671687914686,1.68,6,13,28.86,3.312,77.9,1,0,1,0,0,1
TXN00708,1834,18,869,15000,restaurant,mobile,android,contactless,AE,62.44,11,3,0,13.22,12.93,1,9,53.7,1.163,202.0,1,0,0,1,0,0
TXN00709,1576,71,2779,25000,online_retail,online,android,chip,IN,99.34,23,4,0,5.88,9.52,3,10,47.95,2.072,12.2,0,1,1,1,0,0
TXN00710,1416,40,3648,50000,travel,online,android,contactless,SG,504.08,5,3,0,10.3,8.19,1,5,518.96,0.971,158.3,1,1,0,1,1,0
TXN00711,1167,57,1712,5000,fuel,pos,ios,contactless,SG,32.06,17,1,0,3.65,4.47,2,11,35.79,0.896,58.8,1,0,0,0,0,0
TXN00712,1841,27,1595,5000,restaurant,online,ios,contactless,IN,58.32,12,0,0,0.3,8.41,0,4,74.78,0.78,113.1,0,1,0,1,0,0
TXN00713,1042,50,2076,50000,fuel,online,ios,card_not_present,SG,142.8,6,6,1,18.78,2.12,2,8,115.29,1.239,147.4,1,1,0,0,0,0
TXN00714,1555,27,1560,15000,restaurant,pos,ios,chip,IN,83.01,22,4,0,1.09,5.53,0,4,92.03,0.902,390.3,0,0,1,0,0,0
TXN00715,1284,33,625,25000,fuel,pos,pos_terminal,card_not_present,IN,1469.93,22,2,0,80.20022454905465,1.25,5,8,80.91,2.587,155.8,0,0,0,1,0,1
TXN00716,1396,68,1934,10000,online_retail,atm,ios,swipe,IN,27.66,20,0,0,6.79,10.18,5,9,36.36,0.761,46.4,0,0,0,1,0,0
TXN00717,1011,39,310,15000,restaurant,pos,android,swipe,IN,47.95,7,0,0,2.92,1.21,0,4,36.54,1.312,14.9,0,0,0,0,0,0
TXN00718,1606,45,453,15000,fuel,pos,android,contactless,US,148.39,20,6,1,5.47,2.1,0,7,71.41,2.078,177.5,1,0,0,0,0,0
TXN00719,1301,54,2933,15000,grocery,online,ios,chip,US,92.93,16,1,0,5.57,1.07,0,7,41.37,2.246,141.8,1,1,1,1,0,0
TXN00720,1897,48,299,10000,grocery,atm,desktop,contactless,OTHER,58.0,8,1,0,0.19,5.76,1,6,76.66,0.757,200.5,1,0,0,1,0,0
TXN00721,1252,44,183,5000,online_retail,pos,android,contactless,US,53.86,19,1,0,3.51,22.14,1,8,46.46,1.159,110.7,1,0,0,0,0,0
TXN00722,1498,47,2691,15000,atm_withdrawal,online,desktop,chip,IN,154.38,12,4,0,10.77,28.49,2,12,86.57,1.783,313.9,0,1,1,0,1,0
TXN00723,1753,75,1780,10000,grocery,pos,android,chip,GB,68.86,1,3,0,5.71,0.9,2,5,42.79,1.609,455.0,1,0,1,0,0,0
TXN00724,1034,41,691,10000,restaurant,pos,ios,chip,AE,1425.57,3,0,0,30.935050436038125,12.08,8,6,121.73,2.843,7.3,1,0,1,1,0,1
TXN00725,1726,44,1997,50000,electronics,pos,desktop,card_not_present,IN,296.9,1,3,0,3.27,13.84,1,6,332.14,0.894,245.3,0,0,0,0,1,0
TXN00726,1848,56,112,10000,travel,atm,android,contactless,SG,640.17,3,3,0,15.91,9.16,3,8,641.25,0.998,6.4,1,0,0,1,1,0
TXN00727,1089,57,3024,25000,luxury,pos,ios,chip,OTHER,580.94,17,1,0,5.96,13.19,3,9,666.69,0.871,106.0,1,0,1,1,1,0
TXN00728,1775,58,2976,5000,electronics,pos,android,swipe,SG,236.24,4,3,0,6.01,3.19,1,4,133.48,1.77,111.4,1,0,0,1,1,0
TXN00729,1604,50,1479,15000,travel,online,desktop,contactless,GB,310.77,18,0,0,26.05,8.07,3,7,243.29,1.277,214.5,1,1,0,1,1,0
TXN00730,1921,25,1328,50000,grocery,atm,android,card_not_present,IN,56.84,9,0,0,3.1,5.95,8,12,48.25,1.178,78.2,0,0,0,0,0,0
TXN00731,1969,64,2361,5000,grocery,pos,pos_terminal,chip,IN,78.01,17,5,1,5.22,1.13,4,8,60.64,1.286,309.6,0,0,1,0,0,0
TXN00732,1601,25,1009,5000,fuel,online,android,chip,IN,88.59,20,2,0,13.36,11.79,3,9,127.33,0.696,75.6,0,1,1,0,0,0
TXN00733,1417,46,2250,10000,grocery,pos,pos_terminal,card_not_present,SG,23.03,9,4,0,11.38,8.2,2,8,25.28,0.911,75.5,1,0,0,0,0,0
TXN00734,1114,31,3428,5000,online_retail,online,ios,chip,AE,42.16,4,3,0,2.47,3.86,5,16,53.76,0.784,45.4,1,1,1,0,0,0
TXN00735,1616,41,3164,15000,travel,online,desktop,chip,OTHER,733.97,16,4,0,1.31,7.7,1,13,502.07,1.462,207.3,1,1,1,0,1,0
TXN00736,1902,46,3174,50000,online_retail,online,android,card_not_present,IN,1650.63,2,4,0,61.14490556688665,17.92,6,8,63.2,3.174,14.3,0,1,0,1,0,1
TXN00737,1195,46,2840,10000,grocery,pos,pos_terminal,contactless,IN,50.67,12,4,0,2.38,19.41,0,3,33.97,1.492,81.2,0,0,0,1,0,0
TXN00738,1825,47,1689,10000,fuel,pos,android,chip,AE,66.72,22,6,1,20.48,12.58,3,9,81.77,0.816,55.9,1,0,1,0,0,0
TXN00739,1500,64,1428,10000,online_retail,pos,android,chip,SG,209.65,16,5,1,1.11,7.57,4,12,171.67,1.221,46.9,1,0,1,0,0,0
TXN00740,1625,48,662,15000,luxury,pos,ios,chip,IN,469.41,8,4,0,3.07,10.29,1,5,415.94,1.129,11.3,0,0,1,0,1,0
TXN00741,1492,38,1561,5000,grocery,pos,android,chip,SG,83.16,23,5,1,0.45,5.83,1,5,104.03,0.799,38.0,1,0,1,1,0,0
TXN00742,1074,55,816,15000,atm_withdrawal,atm,android,card_not_present,US,170.57,11,0,0,9.72,1.62,2,12,267.14,0.639,106.4,1,0,0,0,1,0
TXN00743,1412,58,3020,15000,online_retail,mobile,pos_terminal,swipe,US,33.17,13,6,1,17.75,5.85,1,8,19.71,1.683,126.1,1,0,0,1,0,0
TXN00744,1375,24,3089,15000,online_retail,mobile,pos_terminal,card_not_present,SG,50.82,13,3,0,8.08,9.07,4,12,24.15,2.104,56.5,1,0,0,1,0,0
TXN00745,1419,50,427,10000,online_retail,mobile,ios,card_not_present,IN,57.29,7,5,1,22.21,10.96,4,12,36.31,1.578,189.1,0,0,0,1,0,0
TXN00746,1728,51,1173,15000,grocery,online,pos_terminal,swipe,OTHER,82.09,22,2,0,1.1,32.95,1,6,105.24,0.78,73.6,1,1,0,1,0,0
TXN00747,1276,37,963,5000,grocery,online,ios,chip,US,88.38,4,4,0,0.73,18.02,3,5,55.99,1.578,82.4,1,1,1,1,0,0
TXN00748,1760,61,1490,5000,online_retail,pos,android,contactless,IN,97.19,18,6,1,14.58,1.98,3,5,107.03,0.908,274.7,0,0,0,1,0,0
TXN00749,1675,39,1882,25000,electronics,online,desktop,card_not_present,IN,187.53,13,2,0,15.48,2.3,2,7,207.85,0.902,144.5,0,1,0,0,1,0
TXN00750,1393,43,2753,15000,luxury,online,desktop,card_not_present,US,363.54,8,0,0,14.22,1.27,2,5,273.86,1.327,551.0,1,1,0,0,1,0
TXN00751,1868,39,3013,5000,travel,online,pos_terminal,chip,IN,1773.95,3,0,0,81.2224536335796,16.08,5,8,360.79,3.289,80.1,0,1,1,1,1,1
TXN00752,1456,42,2542,10000,grocery,atm,android,contactless,IN,1599.35,22,1,0,30.71140807759159,14.7,9,5,19.51,4.706,316.7,0,0,0,0,0,1
TXN00753,1919,26,315,10000,restaurant,pos,desktop,contactless,SG,51.95,13,4,0,1.96,51.54,1,4,32.42,1.602,241.3,1,0,0,0,0,0
TXN00754,1191,21,294,10000,fuel,pos,android,card_not_present,IN,220.26,21,1,0,21.14,8.86,2,11,136.86,1.609,397.6,0,0,0,1,0,0
TXN00755,1738,64,2397,10000,online_retail,mobile,android,chip,SG,60.11,13,6,1,2.93,21.01,2,11,61.74,0.974,565.5,1,0,1,1,0,0
TXN00756,1688,30,2750,5000,restaurant,pos,android,contactless,IN,27.33,10,2,0,4.07,10.31,2,8,33.01,0.828,1.4,0,0,0,0,0,0
TXN00757,1098,28,3477,10000,luxury,online,pos_terminal,card_not_present,US,227.22,13,3,0,9.62,24.87,2,6,111.45,2.039,16.6,1,1,0,0,1,0
TXN00758,1547,18,2897,15000,restaurant,mobile,pos_terminal,swipe,IN,206.34,20,1,0,2.78,15.32,2,8,225.73,0.914,201.9,0,0,0,0,0,0
TXN00759,1977,33,2166,15000,online_retail,online,desktop,swipe,IN,96.91,7,0,0,13.68,12.36,3,7,67.4,1.438,89.0,0,1,0,0,0,0
TXN00760,1998,23,1707,15000,online_retail,online,ios,chip,IN,49.6,2,4,0,0.58,9.99,0,5,59.91,0.828,307.8,0,1,1,1,0,0
TXN00761,1095,64,1256,5000,luxury,pos,android,chip,GB,540.72,22,2,0,12.53,15.4,2,5,742.01,0.729,2.2,1,0,1,1,1,0
TXN00762,1663,56,850,50000,fuel,pos,android,chip,AE,41.67,17,5,1,7.37,6.53,1,7,57.02,0.731,296.1,1,0,1,1,0,0
TXN00763,1662,32,1792,25000,grocery,mobile,android,card_not_present,IN,16.15,2,6,1,6.81,1.22,1,7,13.63,1.185,26.2,0,0,0,0,0,0
TXN00764,1189,73,3078,25000,fuel,online,ios,chip,US,92.56,12,6,1,4.91,0.49,1,6,100.03,0.925,61.7,1,1,1,0,0,0
TXN00765,1735,55,2411,25000,fuel,online,desktop,swipe,SG,61.13,11,0,0,2.6,7.82,2,7,82.67,0.739,625.7,1,1,0,1,0,0
TXN00766,1036,37,2299,50000,online_retail,pos,ios,contactless,OTHER,117.89,14,5,1,4.99,10.97,1,4,55.76,2.114,9.5,1,0,0,0,0,0
TXN00767,1779,18,70,15000,online_retail,pos,android,chip,IN,738.0,17,6,1,95.82881901848452,0.99,7,6,90.47,5.352,77.3,0,0,1,0,0,1
TXN00768,1368,74,1761,10000,online_retail,mobile,android,swipe,US,85.99,4,3,0,7.01,4.06,3,14,120.72,0.712,15.9,1,0,0,1,0,0
TXN00769,1694,22,97,15000,grocery,pos,android,card_not_present,IN,1604.57,6,4,0,44.805166095131725,4.66,7,10,11.14,4.395,345.9,0,0,0,1,0,1
TXN00770,1524,18,1017,15000,restaurant,online,ios,card_not_present,IN,90.62,10,3,0,0.65,9.93,4,8,85.77,1.057,218.5,0,1,0,0,0,0
TXN00771,1278,56,1829,15000,electronics,pos,pos_terminal,contactless,OTHER,137.4,10,6,1,1.25,3.92,3,8,170.17,0.807,290.0,1,0,0,0,1,0
TXN00772,1216,76,2591,15000,online_retail,online,ios,contactless,SG,525.53,14,3,0,117.8885549484085,1.21,5,15,24.37,4.272,134.9,1,1,0,0,0,1
TXN00773,1866,61,1651,5000,online_retail,mobile,pos_terminal,chip,IN,689.19,22,6,1,31.798898001390615,2.16,7,10,51.63,3.156,79.7,0,0,1,1,0,1
TXN00774,1872,49,1685,10000,electronics,online,ios,card_not_present,IN,646.72,14,4,0,56.59593504341968,2.29,4,7,60.82,3.164,0.4,0,1,0,1,1,1
TXN00775,1797,50,3228,50000,grocery,pos,ios,chip,US,32.66,12,4,0,9.48,22.19,6,10,13.73,2.379,58.6,1,0,1,0,0,0
TXN00776,1272,53,1308,15000,grocery,online,android,card_not_present,SG,31.44,13,5,1,11.69,4.01,3,10,19.97,1.574,130.1,1,1,0,0,0,0
TXN00777,1880,52,724,15000,atm_withdrawal,atm,pos_terminal,chip,IN,121.85,16,3,0,14.46,15.05,1,9,106.63,1.143,196.5,0,0,1,1,1,0
TXN00778,1061,45,3117,10000,luxury,online,desktop,card_not_present,OTHER,235.4,12,2,0,1.05,10.07,1,9,149.93,1.57,46.8,1,1,0,0,1,0
TXN00779,1595,43,2554,10000,online_retail,mobile,android,card_not_present,IN,133.26,9,5,1,13.83,45.29,3,13,149.63,0.891,26.9,0,0,0,1,0,0
TXN00780,1879,41,1115,25000,grocery,online,ios,card_not_present,IN,56.01,0,4,0,5.62,3.82,1,6,52.56,1.066,40.5,0,1,0,1,0,0
TXN00781,1728,31,2958,15000,travel,mobile,ios,chip,GB,248.7,0,0,0,17.34,2.07,3,9,111.26,2.235,78.7,1,0,1,1,1,0
TXN00782,1341,38,2509,25000,restaurant,online,ios,swipe,IN,39.94,14,6,1,17.41,0.64,2,6,29.16,1.37,28.9,0,1,0,1,0,0
TXN00783,1396,18,1723,10000,restaurant,pos,pos_terminal,contactless,IN,87.21,15,5,1,0.2,3.31,1,6,36.92,2.362,30.7,0,0,0,0,0,0
TXN00784,1698,40,2345,15000,grocery,pos,ios,card_not_present,SG,39.06,11,1,0,3.86,13.83,0,4,32.41,1.205,8.1,1,0,0,0,0,0
TXN00785,1018,28,1088,10000,grocery,pos,ios,chip,AE,22.75,23,2,0,5.98,1.07,1,13,16.17,1.407,349.7,1,0,1,1,0,0
TXN00786,1176,26,808,15000,restaurant,mobile,android,card_not_present,IN,52.53,5,6,1,9.07,3.37,0,9,64.39,0.816,44.7,0,0,0,0,0,0
TXN00787,1611,44,523,10000,electronics,atm,android,card_not_present,GB,137.43,5,5,1,2.7,23.2,1,10,105.67,1.301,310.6,1,0,0,0,1,0
TXN00788,1395,61,1615,10000,fuel,online,android,chip,US,1468.76,0,4,0,94.59958210123261,10.49,4,6,34.56,5.476,103.8,1,1,1,0,0,1
TXN00789,1444,54,1522,15000,grocery,pos,android,card_not_present,IN,43.76,14,4,0,3.84,0.86,3,8,55.59,0.787,180.2,0,0,0,0,0,0
TXN00790,1232,20,1820,50000,online_retail,pos,desktop,contactless,US,842.83,23,2,0,93.14847105284716,0.59,4,8,139.67,5.462,14.2,1,0,0,0,0,1
TXN00791,1914,28,690,5000,atm_withdrawal,atm,desktop,swipe,IN,456.44,23,1,0,24.15,0.76,1,11,487.36,0.937,157.7,0,0,0,1,1,0
TXN00792,1075,55,1378,25000,luxury,online,android,chip,IN,1269.49,3,5,1,11.49,34.14,0,10,1789.49,0.709,61.6,0,1,1,0,1,1
TXN00793,1264,28,1357,10000,online_retail,pos,pos_terminal,contactless,US,1398.83,1,5,1,76.88309321106524,22.76,8,11,49.85,4.567,18.0,1,0,0,0,0,1
TXN00794,1454,38,1329,10000,online_retail,online,android,card_not_present,OTHER,1216.27,23,3,0,32.577667649876204,22.37,6,4,439.41,3.182,429.9,1,1,0,0,0,1
TXN00795,1795,49,2016,5000,grocery,pos,android,swipe,IN,61.17,11,0,0,1.48,30.96,3,9,90.54,0.676,166.6,0,0,0,0,0,0
TXN00796,1717,28,3090,10000,online_retail,pos,android,contactless,IN,46.67,6,4,0,4.87,8.44,6,10,34.72,1.344,49.8,0,0,0,1,0,0
TXN00797,1734,43,2074,15000,electronics,online,ios,contactless,SG,263.34,19,5,1,13.45,3.41,0,10,387.51,0.68,97.9,1,1,0,0,1,0
TXN00798,1383,23,3302,5000,online_retail,pos,android,card_not_present,IN,55.74,8,5,1,3.83,6.16,3,9,72.73,0.766,79.5,0,0,0,0,0,0
TXN00799,1563,33,3546,10000,electronics,mobile,ios,chip,IN,125.85,8,6,1,6.19,15.23,2,9,190.9,0.659,217.1,0,0,1,0,1,0
TXN00800,1850,46,1958,50000,fuel,pos,ios,card_not_present,IN,31.45,7,6,1,17.79,25.05,1,7,38.66,0.814,168.3,0,0,0,1,0,0
TXN00801,1505,19,1377,5000,grocery,pos,pos_terminal,swipe,US,41.5,13,5,1,19.61,6.85,2,12,50.19,0.827,3.6,1,0,0,0,0,0
TXN00802,1366,48,1088,25000,electronics,pos,android,chip,IN,378.52,0,1,0,1.94,9.2,4,9,152.98,2.474,39.7,0,0,1,0,1,0
TXN00803,1143,41,1006,10000,grocery,atm,android,chip,IN,1559.0,22,0,0,100.653407027976,32.22,7,13,78.51,3.019,117.1,0,0,1,0,0,1
TXN00804,1884,49,511,15000,grocery,online,android,swipe,AE,22.69,20,5,1,2.92,1.36,2,9,14.53,1.562,106.1,1,1,0,0,0,0
TXN00805,1068,45,757,10000,luxury,online,ios,card_not_present,AE,507.83,22,2,0,9.52,23.79,2,6,400.63,1.268,130.9,1,1,0,0,1,0
TXN00806,1098,61,2557,5000,travel,pos,android,swipe,SG,522.74,11,4,0,24.15,2.08,3,7,823.1,0.635,225.8,1,0,0,1,1,0
TXN00807,1395,43,3166,5000,online_retail,pos,pos_terminal,card_not_present,IN,86.97,1,3,0,0.64,7.94,1,8,43.71,1.99,206.2,0,0,0,0,0,0
TXN00808,1024,35,1061,5000,atm_withdrawal,online,ios,chip,SG,219.78,12,6,1,0.23,2.96,1,8,278.46,0.789,84.0,1,1,1,1,1,0
TXN00809,1947,43,3402,5000,luxury,atm,ios,swipe,IN,472.41,3,2,0,17.24,11.08,1,11,287.01,1.646,378.1,0,0,0,0,1,0
TXN00810,1890,49,372,15000,online_retail,mobile,ios,card_not_present,IN,161.12,19,4,0,11.03,9.81,1,5,65.88,2.446,11.7,0,0,0,0,0,0
TXN00811,1468,42,3532,25000,restaurant,pos,android,card_not_present,US,54.87,17,6,1,38.88,5.74,4,8,54.96,0.998,158.1,1,0,0,1,0,0
TXN00812,1483,42,1477,25000,electronics,online,android,chip,IN,379.26,18,1,0,4.04,23.88,3,8,225.08,1.685,538.1,0,1,1,0,1,0
TXN00813,1564,32,2409,15000,electronics,mobile,android,contactless,IN,202.76,15,6,1,4.3,12.94,2,9,316.01,0.642,143.4,0,0,0,1,1,0
TXN00814,1150,32,2515,5000,travel,pos,ios,chip,IN,413.05,13,0,0,1.51,15.33,2,9,266.18,1.552,109.3,0,0,1,1,1,0
TXN00815,1143,22,2251,10000,online_retail,atm,android,swipe,IN,33.26,7,0,0,0.99,1.96,4,13,20.97,1.586,25.9,0,0,0,1,0,0
TXN00816,1568,66,2636,10000,restaurant,pos,android,card_not_present,IN,34.71,11,4,0,6.92,25.76,3,8,15.22,2.281,299.1,0,0,0,0,0,0
TXN00817,1038,24,556,10000,electronics,mobile,pos_terminal,card_not_present,OTHER,223.04,8,2,0,3.62,2.19,2,9,177.49,1.257,84.3,1,0,0,0,1,0
TXN00818,1108,32,1926,15000,grocery,atm,android,chip,IN,707.63,5,3,0,88.82715237661515,3.02,8,9,20.4,4.17,217.5,0,0,1,0,0,1
TXN00819,1692,31,688,15000,online_retail,mobile,pos_terminal,card_not_present,IN,349.56,17,1,0,17.44,1.64,5,9,349.09,1.001,39.6,0,0,0,0,0,0
TXN00820,1041,54,2103,10000,grocery,online,desktop,contactless,IN,36.47,1,4,0,1.77,6.97,3,10,36.72,0.993,7.7,0,1,0,0,0,0
TXN00821,1185,37,849,10000,online_retail,pos,android,swipe,GB,37.52,22,1,0,11.05,26.24,5,14,17.41,2.155,65.6,1,0,0,0,0,0
TXN00822,1934,59,2682,25000,restaurant,mobile,android,contactless,SG,1186.69,7,0,0,45.65320293087543,3.49,9,2,96.53,2.508,59.5,1,0,0,0,0,1
TXN00823,1397,32,435,25000,restaurant,pos,android,contactless,IN,99.55,23,5,1,13.41,5.62,1,9,139.22,0.715,372.1,0,0,0,0,0,0
TXN00824,1222,45,2309,10000,restaurant,pos,desktop,contactless,AE,29.11,13,5,1,1.01,22.45,4,10,27.8,1.047,360.0,1,0,0,1,0,0
TXN00825,1633,30,2610,50000,atm_withdrawal,online,ios,swipe,IN,193.74,5,3,0,11.29,11.54,4,13,178.54,1.085,137.4,0,1,0,1,1,0
TXN00826,1132,72,1603,50000,online_retail,atm,desktop,contactless,IN,126.65,9,1,0,0.83,16.71,2,7,156.86,0.807,3.5,0,0,0,0,0,0
TXN00827,1162,25,1841,10000,restaurant,mobile,pos_terminal,chip,IN,60.19,7,4,0,4.74,2.89,4,11,75.71,0.795,46.7,0,0,1,1,0,0
TXN00828,1214,46,534,10000,online_retail,pos,desktop,card_not_present,IN,95.7,16,3,0,10.59,15.13,2,8,125.78,0.761,183.4,0,0,0,0,0,0
TXN00829,1732,50,208,15000,fuel,atm,android,contactless,IN,42.38,11,6,1,1.52,3.1,2,12,59.19,0.716,19.2,0,0,0,0,0,0
TXN00830,1234,47,161,50000,grocery,online,android,chip,US,59.37,16,6,1,2.69,52.41,1,7,40.29,1.474,217.1,1,1,1,0,0,0
TXN00831,1842,39,1876,25000,fuel,pos,pos_terminal,card_not_present,IN,45.79,12,2,0,16.01,9.85,2,7,21.96,2.085,2.2,0,0,0,1,0,0
TXN00832,1657,40,1508,5000,travel,pos,android,card_not_present,SG,93.36,18,5,1,17.31,14.27,3,10,79.95,1.168,206.5,1,0,0,0,1,0
TXN00833,1750,42,2425,10000,online_retail,pos,android,card_not_present,IN,89.12,11,4,0,0.37,1.51,0,7,127.1,0.701,335.0,0,0,0,0,0,0
TXN00834,1587,39,2617,15000,atm_withdrawal,pos,desktop,swipe,IN,59.67,15,1,0,1.47,3.46,4,11,29.46,2.025,114.0,0,0,0,1,1,0
TXN00835,1008,55,801,15000,fuel,mobile,ios,chip,IN,104.77,4,3,0,1.0,1.81,1,8,114.32,0.916,318.0,0,0,1,0,0,0
TXN00836,1073,72,1459,5000,grocery,online,pos_terminal,contactless,GB,24.16,15,4,0,1.58,5.93,3,9,29.99,0.806,273.8,1,1,0,1,0,0
TXN00837,1953,34,2153,25000,luxury,online,desktop,chip,IN,155.68,5,3,0,28.1,4.01,5,11,152.21,1.023,200.3,0,1,1,0,1,0
TXN00838,1491,22,608,15000,grocery,mobile,android,card_not_present,US,17.01,10,3,0,6.42,15.84,0,5,12.01,1.416,106.0,1,0,0,1,0,1
TXN00839,1912,40,2931,25000,travel,pos,pos_terminal,chip,IN,390.98,16,3,0,5.05,1.38,1,5,309.49,1.263,57.1,0,0,1,1,1,0
TXN00840,1252,78,1545,25000,online_retail,atm,android,chip,IN,88.64,22,1,0,33.32,16.73,1,7,43.08,2.058,355.0,0,0,1,1,0,0
TXN00841,1229,30,223,15000,online_retail,online,android,swipe,IN,36.78,13,4,0,6.51,0.56,2,9,27.63,1.331,188.2,0,1,0,1,0,0
TXN00842,1518,64,2037,10000,grocery,mobile,ios,swipe,IN,24.95,5,0,0,8.66,2.71,3,9,11.31,2.206,287.9,0,0,0,1,0,0
TXN00843,1173,65,1215,15000,grocery,pos,android,card_not_present,IN,44.8,22,0,0,3.24,18.84,1,4,56.97,0.786,144.5,0,0,0,0,0,0
TXN00844,1652,34,2424,5000,grocery,mobile,ios,swipe,IN,76.81,10,1,0,3.85,16.29,0,6,113.49,0.677,33.9,0,0,0,1,0,0
TXN00845,1167,49,3028,15000,online_retail,pos,android,chip,US,41.12,11,6,1,7.22,7.76,0,7,47.71,0.862,699.2,1,0,1,1,0,0
TXN00846,1169,64,1414,5000,online_retail,pos,ios,chip,IN,98.55,12,1,0,0.58,0.62,2,10,117.08,0.842,36.3,0,0,1,0,0,0
TXN00847,1392,36,1822,15000,fuel,atm,ios,contactless,SG,23.06,3,5,1,2.36,11.3,5,13,22.29,1.035,435.9,1,0,0,1,0,0
TXN00848,1945,39,1140,10000,online_retail,pos,desktop,chip,IN,95.18,6,3,0,1.75,6.27,4,8,55.89,1.703,42.0,0,0,1,0,0,0
TXN00849,1794,33,3363,5000,restaurant,online,pos_terminal,contactless,SG,83.35,1,4,0,0.13,4.57,2,5,34.11,2.444,84.2,1,1,0,0,0,0
TXN00850,1633,27,2291,5000,grocery,online,android,contactless,SG,60.04,5,4,0,6.16,12.27,5,14,48.8,1.23,104.4,1,1,0,0,0,0
TXN00851,1193,32,1966,5000,online_retail,online,ios,card_not_present,IN,138.23,5,2,0,6.59,6.89,3,13,179.95,0.768,457.8,0,1,0,0,0,0
TXN00852,1516,24,2650,15000,restaurant,pos,ios,card_not_present,IN,91.61,17,2,0,3.88,1.16,1,7,142.23,0.644,394.4,0,0,0,0,0,0
TXN00853,1028,42,809,15000,fuel,pos,android,card_not_present,US,165.7,19,0,0,2.5,29.72,2,10,152.0,1.09,311.9,1,0,0,0,0,0
TXN00854,1164,31,291,15000,electronics,pos,desktop,card_not_present,AE,265.39,7,2,0,8.45,18.09,1,7,222.52,1.193,85.1,1,0,0,0,1,0
TXN00855,1421,45,759,5000,online_retail,online,desktop,chip,IN,221.29,7,2,0,1.16,0.7,2,7,206.94,1.069,0.8,0,1,1,0,0,0
TXN00856,1338,20,312,5000,atm_withdrawal,pos,android,chip,IN,89.24,7,0,0,5.85,8.93,2,10,81.51,1.095,206.0,0,0,1,1,1,0
TXN00857,1647,46,1520,5000,restaurant,pos,ios,chip,GB,49.13,7,5,1,11.69,1.04,4,9,56.55,0.869,95.3,1,0,1,0,0,0
TXN00858,1495,53,3481,5000,online_retail,pos,android,card_not_present,IN,75.1,0,6,1,1.44,21.79,1,5,96.2,0.781,254.7,0,0,0,0,0,0
TXN00859,1364,18,391,25000,restaurant,pos,ios,card_not_present,SG,30.99,1,0,0,11.2,11.39,3,11,41.59,0.745,285.1,1,0,0,0,0,0
TXN00860,1832,47,3550,10000,electronics,online,android,card_not_present,IN,68.24,11,6,1,11.44,2.27,0,8,80.49,0.848,104.3,0,1,0,0,1,0
TXN00861,1341,59,470,10000,online_retail,mobile,pos_terminal,chip,IN,129.04,14,2,0,0.49,0.25,4,14,119.4,1.081,248.2,0,0,1,0,0,0
TXN00862,1499,25,2170,5000,travel,pos,desktop,card_not_present,SG,239.85,3,4,0,0.15,0.39,4,11,369.4,0.649,329.8,1,0,0,0,1,0
TXN00863,1656,65,1674,10000,fuel,online,ios,swipe,SG,48.13,2,2,0,29.18,8.5,1,3,60.32,0.798,474.8,1,1,0,1,0,0
TXN00864,1510,47,2830,15000,restaurant,online,ios,chip,IN,131.48,13,3,0,1.72,15.91,3,7,119.91,1.096,157.2,0,1,1,1,0,0
TXN00865,1326,32,896,15000,online_retail,online,pos_terminal,swipe,SG,109.58,21,6,1,13.81,1.55,4,10,102.56,1.068,271.3,1,1,0,0,0,0
TXN00866,1216,41,1477,10000,electronics,online,ios,chip,US,651.04,22,6,1,6.6,3.0,2,5,899.46,0.724,122.8,1,1,1,0,1,0
TXN00867,1300,49,171,5000,luxury,online,android,contactless,SG,641.12,7,3,0,2.46,4.76,2,6,595.38,1.077,7.7,1,1,0,1,1,0
TXN00868,1131,43,1344,10000,grocery,online,ios,chip,IN,61.08,12,3,0,1.11,2.95,3,11,62.27,0.981,30.4,0,1,1,0,0,1
TXN00869,1803,49,1485,10000,electronics,pos,pos_terminal,swipe,SG,219.0,22,5,1,5.49,5.96,2,4,164.22,1.334,24.7,1,0,0,0,1,0
TXN00870,1069,29,2826,10000,grocery,online,ios,contactless,US,28.22,18,1,0,4.19,9.84,3,8,39.7,0.711,33.9,1,1,0,1,0,0
TXN00871,1251,44,1905,50000,restaurant,online,desktop,card_not_present,US,74.5,21,3,0,9.6,13.86,2,8,76.49,0.974,1.8,1,1,0,1,0,1
TXN00872,1414,22,1877,15000,restaurant,pos,pos_terminal,contactless,SG,43.28,4,6,1,18.76,39.82,1,7,46.01,0.941,352.2,1,0,0,0,0,0
TXN00873,1786,40,1742,15000,electronics,pos,pos_terminal,swipe,IN,356.36,12,4,0,13.09,32.06,2,10,519.15,0.686,147.8,0,0,0,0,1,0
TXN00874,1444,29,2730,10000,online_retail,mobile,pos_terminal,card_not_present,US,58.46,19,6,1,2.57,10.13,3,7,87.96,0.665,87.0,1,0,0,0,0,0
TXN00875,1875,31,730,10000,electronics,online,android,card_not_present,US,227.01,0,6,1,16.89,15.9,1,6,315.32,0.72,94.9,1,1,0,0,1,0
TXN00876,1181,59,1027,15000,restaurant,online,ios,chip,IN,52.19,15,5,1,14.34,36.16,2,7,24.97,2.09,112.0,0,1,1,1,0,0
TXN00877,1166,57,2126,15000,travel,mobile,desktop,contactless,IN,723.28,22,1,0,21.18,1.05,0,8,674.25,1.073,13.8,0,0,0,0,1,0
TXN00878,1090,50,1355,15000,travel,online,desktop,chip,IN,316.74,23,1,0,4.91,0.07,3,8,257.19,1.232,57.8,0,1,1,1,1,0
TXN00879,1713,26,910,5000,luxury,online,ios,chip,US,1152.6,1,3,0,11.71,0.36,2,7,756.36,1.524,343.4,1,1,1,0,1,0
TXN00880,1857,37,1243,15000,fuel,atm,android,contactless,IN,36.48,6,2,0,7.17,9.94,3,8,54.38,0.671,245.0,0,0,0,0,0,0
TXN00881,1530,58,1189,10000,grocery,mobile,desktop,card_not_present,SG,52.2,5,6,1,2.97,17.27,3,8,76.63,0.681,149.2,1,0,0,0,0,0
TXN00882,1038,43,584,25000,online_retail,online,desktop,chip,GB,54.81,4,0,0,41.52,5.49,1,11,52.53,1.043,118.0,1,1,1,0,0,0
TXN00883,1125,74,433,15000,luxury,online,android,card_not_present,US,1108.31,3,2,0,0.31,9.46,1,7,622.29,1.781,53.9,1,1,0,0,1,1
TXN00884,1450,47,921,15000,electronics,pos,ios,card_not_present,GB,159.36,1,2,0,1.42,8.72,2,8,66.3,2.404,114.7,1,0,0,1,1,0
TXN00885,1172,44,2942,5000,grocery,mobile,android,card_not_present,OTHER,603.65,9,1,0,110.6150064349892,1.19,7,14,28.1,4.438,164.0,1,0,0,1,0,1
TXN00886,1652,37,631,15000,electronics,online,android,chip,IN,125.27,21,1,0,0.5,4.66,3,13,56.11,2.233,224.5,0,1,1,1,1,0
TXN00887,1753,43,1860,5000,online_retail,pos,android,card_not_present,SG,84.66,4,5,1,17.43,0.24,4,8,95.79,0.884,32.8,1,0,0,1,0,0
TXN00888,1219,39,370,10000,grocery,mobile,ios,chip,IN,62.29,17,5,1,10.05,1.41,2,11,70.39,0.885,301.9,0,0,1,1,0,0
TXN00889,1637,51,1998,5000,online_retail,online,ios,contactless,AE,1659.97,2,1,0,42.502298091918,20.05,7,5,154.31,3.0,76.4,1,1,0,0,0,1
TXN00890,1057,55,733,15000,luxury,pos,ios,chip,IN,554.24,22,4,0,4.49,21.22,4,10,348.1,1.592,125.9,0,0,1,0,1,0
TXN00891,1659,30,347,10000,travel,online,desktop,chip,OTHER,1631.43,22,4,0,105.62644131388757,19.43,5,10,235.22,3.585,168.5,1,1,1,1,1,1
TXN00892,1475,23,2695,10000,electronics,online,pos_terminal,card_not_present,SG,214.47,14,0,0,7.0,15.57,5,9,307.0,0.699,120.5,1,1,0,0,1,0
TXN00893,1455,18,1416,25000,travel,mobile,android,swipe,US,350.43,8,1,0,21.97,18.92,2,6,339.62,1.032,152.7,1,0,0,0,1,0
TXN00894,1828,49,2459,10000,grocery,pos,android,chip,IN,675.05,1,3,0,91.98656886041388,13.34,4,8,24.39,2.556,21.3,0,0,1,1,0,1
TXN00895,1894,26,2310,15000,atm_withdrawal,atm,pos_terminal,chip,IN,165.96,20,5,1,3.24,13.3,3,9,88.45,1.876,101.9,0,0,1,1,1,0
TXN00896,1360,18,1830,10000,travel,online,android,contactless,US,1041.39,16,1,0,0.71,13.21,3,8,1433.1,0.727,59.2,1,1,0,0,1,0
TXN00897,1934,47,1397,5000,electronics,pos,pos_terminal,chip,IN,255.51,20,4,0,23.1,8.66,1,6,330.23,0.774,16.2,0,0,1,0,1,0
TXN00898,1000,76,1602,25000,online_retail,mobile,pos_terminal,card_not_present,AE,97.56,8,1,0,5.83,5.42,3,10,141.57,0.689,38.3,1,0,0,0,0,0
TXN00899,1386,41,846,5000,travel,online,ios,chip,IN,416.03,22,4,0,0.62,15.72,2,8,225.75,1.843,166.0,0,1,1,0,1,0
TXN00900,1972,53,582,10000,online_retail,pos,pos_terminal,chip,US,66.84,15,1,0,13.57,4.26,4,10,87.73,0.762,39.4,1,0,1,0,0,0
TXN00901,1347,43,3630,15000,grocery,online,android,swipe,IN,54.67,5,6,1,16.23,9.39,3,9,64.85,0.843,36.0,0,1,0,1,0,0
TXN00902,1189,40,885,15000,restaurant,mobile,android,swipe,SG,43.64,21,3,0,8.16,6.82,2,9,29.62,1.473,144.9,1,0,0,0,0,0
TXN00903,1504,54,1842,15000,luxury,pos,ios,swipe,US,581.09,10,0,0,4.75,3.89,2,4,911.55,0.637,423.1,1,0,0,0,1,0
TXN00904,1190,37,2896,10000,online_retail,pos,ios,chip,IN,151.35,22,6,1,8.68,44.12,0,6,164.13,0.922,279.8,0,0,1,1,0,0
TXN00905,1507,45,212,5000,luxury,pos,pos_terminal,card_not_present,IN,459.43,16,3,0,9.81,3.59,3,7,683.75,0.672,423.9,0,0,0,0,1,0
TXN00906,1368,46,3142,15000,grocery,pos,android,contactless,IN,55.68,3,4,0,17.88,4.44,3,11,79.67,0.699,157.4,0,0,0,1,0,0
TXN00907,1408,32,1604,15000,travel,atm,ios,chip,SG,102.18,14,5,1,24.96,2.11,5,16,81.72,1.25,95.0,1,0,1,0,1,0
TXN00908,1823,55,426,25000,online_retail,online,ios,swipe,SG,72.25,0,5,1,5.78,20.78,1,8,75.37,0.959,235.4,1,1,0,1,0,0
TXN00909,1928,39,1757,25000,online_retail,pos,desktop,card_not_present,US,61.03,21,2,0,12.82,10.6,2,9,56.0,1.09,54.5,1,0,0,0,0,0
TXN00910,1933,31,2856,25000,travel,pos,android,chip,SG,427.35,19,3,0,26.71,11.39,4,12,534.57,0.799,14.6,1,0,1,0,1,0
TXN00911,1116,49,1547,10000,electronics,pos,ios,chip,IN,219.54,0,1,0,1.31,20.62,2,4,242.73,0.904,76.1,0,0,1,0,1,0
TXN00912,1133,29,936,10000,grocery,mobile,pos_terminal,card_not_present,IN,1301.74,3,0,0,109.15116362906342,5.04,6,7,65.27,4.205,64.0,0,0,0,1,0,1
TXN00913,1057,42,1386,25000,electronics,pos,android,contactless,IN,203.0,11,1,0,16.26,2.58,3,7,84.06,2.415,202.6,0,0,0,0,1,0
TXN00914,1555,41,2204,10000,grocery,mobile,pos_terminal,contactless,IN,55.65,3,1,0,1.74,2.65,1,11,68.19,0.816,144.3,0,0,0,0,0,1
TXN00915,1684,57,30,5000,restaurant,online,ios,chip,OTHER,21.42,21,3,0,0.35,15.83,2,10,16.77,1.277,26.8,1,1,1,1,0,1
TXN00916,1671,48,3269,25000,fuel,pos,desktop,chip,AE,63.79,12,0,0,1.4,11.43,0,9,42.68,1.495,430.5,1,0,1,0,0,0
TXN00917,1172,41,48,25000,grocery,mobile,desktop,contactless,IN,26.88,6,2,0,3.88,2.77,0,7,36.6,0.734,162.0,0,0,0,1,0,0
TXN00918,1828,53,3433,10000,online_retail,online,android,chip,SG,152.07,7,6,1,1.98,1.88,2,7,77.11,1.972,110.1,1,1,1,1,0,0
TXN00919,1814,61,613,5000,online_retail,online,ios,contactless,AE,1381.48,12,1,0,97.19929354254509,1.54,6,8,31.93,2.76,498.2,1,1,0,1,0,1
TXN00920,1148,49,485,10000,atm_withdrawal,mobile,pos_terminal,contactless,IN,259.31,10,0,0,29.61,11.86,1,6,167.12,1.552,18.4,0,0,0,1,1,0
TXN00921,1079,42,3034,25000,online_retail,pos,ios,chip,IN,79.49,8,2,0,9.75,0.0,1,6,71.84,1.106,280.6,0,0,1,0,0,0
TXN00922,1885,23,2066,50000,electronics,pos,pos_terminal,card_not_present,IN,91.44,23,6,1,9.96,0.22,4,17,71.95,1.271,81.6,0,0,0,1,1,0
TXN00923,1212,27,1162,10000,restaurant,online,ios,card_not_present,SG,33.97,15,1,0,0.8,5.92,1,8,42.96,0.791,214.0,1,1,0,0,0,0
TXN00924,1202,37,3369,5000,online_retail,pos,android,card_not_present,OTHER,127.53,9,0,0,10.54,14.11,2,10,158.04,0.807,480.5,1,0,0,0,0,0
TXN00925,1763,33,2522,25000,grocery,pos,ios,chip,US,69.53,10,6,1,10.76,14.25,0,9,54.97,1.265,131.3,1,0,1,0,0,0
TXN00926,1228,39,3341,10000,online_retail,pos,pos_terminal,chip,IN,896.55,11,3,0,107.36761301292744,6.75,5,9,36.19,3.129,4.1,0,0,1,0,0,1
TXN00927,1675,42,1982,15000,luxury,pos,android,swipe,IN,1417.29,13,5,1,2.07,14.1,3,8,920.52,1.54,5.3,0,0,0,0,1,0
TXN00928,1226,49,3402,50000,electronics,atm,pos_terminal,chip,US,246.65,18,5,1,4.4,8.84,3,10,297.21,0.83,72.2,1,0,1,1,1,0
TXN00929,1658,41,2679,5000,fuel,pos,pos_terminal,card_not_present,AE,97.61,11,1,0,14.98,45.23,4,10,85.45,1.142,273.9,1,0,0,1,0,0
TXN00930,1531,48,2180,15000,grocery,online,ios,chip,SG,23.11,17,1,0,8.87,2.13,1,4,12.93,1.787,61.2,1,1,1,1,0,0
TXN00931,1440,42,1017,5000,grocery,online,android,swipe,SG,35.02,20,6,1,10.56,11.02,2,8,19.36,1.809,73.3,1,1,0,0,0,0
TXN00932,1401,18,3351,10000,travel,online,desktop,swipe,IN,502.81,16,0,0,7.08,8.11,1,7,395.6,1.271,276.2,0,1,0,0,1,0
TXN00933,1046,28,3554,25000,online_retail,pos,android,contactless,AE,67.34,2,5,1,4.78,2.6,3,7,87.33,0.771,22.2,1,0,0,1,0,0
TXN00934,1232,39,549,10000,grocery,atm,desktop,chip,US,9.03,0,1,0,11.39,16.64,3,5,3.89,2.321,337.7,1,0,1,0,0,0
TXN00935,1304,25,3254,50000,luxury,pos,ios,swipe,IN,540.23,18,2,0,0.56,3.87,2,9,383.2,1.41,55.6,0,0,0,1,1,0
TXN00936,1525,50,888,15000,restaurant,atm,ios,chip,US,18.67,3,1,0,8.95,5.77,4,12,11.11,1.68,9.5,1,0,1,1,0,0
TXN00937,1142,63,203,10000,online_retail,mobile,desktop,card_not_present,IN,44.4,22,5,1,47.04,5.64,0,9,68.72,0.646,22.5,0,0,0,0,0,0
TXN00938,1414,59,1396,10000,restaurant,online,ios,chip,IN,1081.8,2,4,0,42.12659866431847,3.36,7,7,31.69,3.396,548.7,0,1,1,0,0,1
TXN00939,1512,39,3082,10000,grocery,online,ios,card_not_present,IN,83.9,11,5,1,2.75,6.76,2,8,57.04,1.471,108.0,0,1,0,0,0,0
TXN00940,1372,62,2508,10000,travel,online,ios,card_not_present,IN,886.22,20,2,0,2.6,7.69,2,8,575.11,1.541,53.3,0,1,0,0,1,0
TXN00941,1565,44,756,5000,online_retail,pos,ios,chip,IN,96.53,20,0,0,8.8,16.36,0,8,138.0,0.699,132.6,0,0,1,0,0,0
TXN00942,1885,37,1740,10000,restaurant,mobile,ios,card_not_present,IN,48.46,12,2,0,18.1,17.38,1,11,30.45,1.591,206.4,0,0,0,1,0,0
TXN00943,1258,33,1905,10000,restaurant,mobile,pos_terminal,chip,SG,55.86,16,4,0,6.9,2.07,2,7,89.18,0.626,69.1,1,0,1,0,0,0
TXN00944,1655,37,2927,15000,fuel,pos,ios,card_not_present,SG,111.82,7,4,0,6.0,10.78,2,8,82.61,1.354,232.6,1,0,0,0,0,0
TXN00945,1470,36,1711,15000,luxury,online,ios,contactless,IN,201.55,12,1,0,1.4,27.18,1,6,101.02,1.995,52.3,0,1,0,0,1,0
TXN00946,1952,44,1377,15000,grocery,mobile,desktop,chip,IN,24.91,19,1,0,10.05,1.38,1,7,30.62,0.814,21.4,0,0,1,0,0,0
TXN00947,1970,44,1019,5000,atm_withdrawal,mobile,android,swipe,SG,260.57,4,5,1,9.69,7.68,1,4,294.85,0.884,143.6,1,0,0,1,1,0
TXN00948,1011,42,2716,10000,luxury,online,android,chip,IN,1168.74,17,3,0,27.28,16.65,2,8,1869.73,0.625,29.5,0,1,1,0,1,1
TXN00949,1329,48,449,15000,grocery,online,pos_terminal,card_not_present,IN,62.24,14,2,0,2.86,11.35,1,11,84.8,0.734,507.9,0,1,0,1,0,0
TXN00950,1735,58,623,10000,restaurant,pos,desktop,chip,AE,30.96,11,5,1,11.3,1.27,4,11,28.32,1.093,0.1,1,0,1,1,0,0
TXN00951,1783,55,2562,5000,grocery,mobile,ios,contactless,US,77.55,16,3,0,4.55,6.06,2,9,93.99,0.825,253.7,1,0,0,1,0,0
TXN00952,1967,21,1804,25000,travel,pos,ios,swipe,AE,845.77,14,5,1,6.54,8.49,1,11,1168.36,0.724,59.0,1,0,0,0,1,0
TXN00953,1357,18,2489,25000,online_retail,online,android,card_not_present,SG,118.76,1,4,0,13.56,65.8,1,5,120.72,0.984,336.8,1,1,0,0,0,0
TXN00954,1971,55,965,15000,online_retail,pos,ios,chip,IN,20.29,5,1,0,2.01,2.36,2,10,14.76,1.375,11.2,0,0,1,1,0,0
TXN00955,1407,22,1137,5000,luxury,pos,ios,contactless,US,642.56,16,1,0,3.36,48.49,1,8,419.03,1.533,550.4,1,0,0,1,1,0
TXN00956,1667,38,1166,25000,online_retail,online,ios,swipe,IN,110.38,15,5,1,11.87,5.66,1,6,83.26,1.326,19.2,0,1,0,1,0,0
TXN00957,1372,25,361,15000,online_retail,mobile,ios,card_not_present,IN,60.25,16,1,0,6.76,2.68,1,9,85.42,0.705,279.1,0,0,0,0,0,0
TXN00958,1007,18,3479,25000,restaurant,pos,android,chip,IN,60.95,19,0,0,0.78,6.42,1,7,52.2,1.168,131.1,0,0,1,0,0,0
TXN00959,1121,49,2732,25000,luxury,online,android,chip,AE,452.38,8,5,1,4.5,11.42,4,8,336.57,1.344,101.3,1,1,1,1,1,0
TXN00960,1347,52,2118,25000,grocery,pos,pos_terminal,chip,IN,28.02,4,4,0,7.07,2.88,1,8,38.31,0.731,59.2,0,0,1,0,0,0
TXN00961,1675,33,1823,15000,luxury,pos,ios,card_not_present,GB,1377.13,22,6,1,19.22,4.13,2,5,603.6,2.282,331.4,1,0,0,0,1,0
TXN00962,1089,18,988,5000,grocery,online,ios,chip,AE,50.65,0,5,1,1.67,23.13,2,6,56.36,0.899,40.1,1,1,1,0,0,0
TXN00963,1647,34,134,15000,restaurant,online,android,contactless,SG,29.94,5,5,1,13.12,83.01,1,5,43.36,0.69,229.9,1,1,0,1,0,0
TXN00964,1697,47,231,15000,fuel,pos,android,chip,US,28.14,23,1,0,1.12,4.6,2,6,25.1,1.121,106.2,1,0,1,0,0,0
TXN00965,1315,21,2527,15000,grocery,pos,desktop,card_not_present,SG,28.03,13,4,0,2.22,1.93,1,5,20.27,1.383,1169.8,1,0,0,0,0,0
TXN00966,1177,44,1872,5000,travel,pos,ios,card_not_present,AE,249.86,16,5,1,2.23,18.91,3,8,247.37,1.01,170.1,1,0,0,0,1,0
TXN00967,1539,41,1896,5000,online_retail,pos,ios,contactless,IN,86.71,18,1,0,16.8,11.01,4,8,109.34,0.793,19.8,0,0,0,0,0,0
TXN00968,1731,50,2026,25000,electronics,mobile,android,swipe,US,326.53,0,2,0,1.78,1.27,3,13,333.04,0.98,97.9,1,0,0,1,1,0
TXN00969,1868,43,1319,15000,grocery,mobile,desktop,chip,SG,58.74,0,4,0,12.37,35.2,3,5,24.03,2.444,12.3,1,0,1,0,0,1
TXN00970,1040,28,939,50000,online_retail,pos,android,chip,GB,52.96,12,3,0,4.96,0.98,6,14,26.16,2.024,60.6,1,0,1,0,0,0
TXN00971,1739,58,239,25000,luxury,online,android,chip,SG,995.53,13,0,0,56.02,11.78,2,11,1259.94,0.79,75.7,1,1,1,0,1,0
TXN00972,1703,39,592,15000,electronics,mobile,ios,contactless,SG,737.88,23,3,0,56.13518293373656,6.62,4,7,432.19,2.939,345.3,1,0,0,0,1,1
TXN00973,1922,41,3219,15000,fuel,pos,android,contactless,US,52.01,5,6,1,10.77,9.76,4,14,69.78,0.745,327.6,1,0,0,0,0,0
TXN00974,1501,28,2790,25000,travel,atm,android,card_not_present,AE,226.74,0,4,0,16.37,2.88,2,5,267.41,0.848,2.1,1,0,0,1,1,0
TXN00975,1958,35,3478,15000,grocery,mobile,ios,swipe,SG,47.55,13,5,1,8.04,13.98,3,7,52.2,0.911,136.8,1,0,0,1,0,0
TXN00976,1144,29,1593,15000,restaurant,pos,desktop,contactless,IN,180.44,2,1,0,14.85,38.54,1,7,267.35,0.675,45.5,0,0,0,0,0,0
TXN00977,1200,39,800,5000,restaurant,pos,pos_terminal,swipe,SG,30.73,22,6,1,2.42,7.36,2,10,13.08,2.349,69.4,1,0,0,0,0,0
TXN00978,1928,65,3185,10000,online_retail,mobile,ios,contactless,OTHER,59.9,9,4,0,0.82,8.88,3,10,35.1,1.707,3.9,1,0,0,0,0,0
TXN00979,1723,22,2531,15000,electronics,online,android,chip,US,258.02,18,0,0,7.66,3.29,1,8,296.53,0.87,249.4,1,1,1,1,1,0
TXN00980,1460,19,2744,10000,restaurant,pos,android,swipe,AE,74.09,18,4,0,4.56,26.69,1,7,35.49,2.088,541.4,1,0,0,0,0,0
TXN00981,1731,62,658,10000,online_retail,pos,pos_terminal,swipe,IN,26.84,18,6,1,4.45,42.56,5,12,31.51,0.852,44.6,0,0,0,0,0,0
TXN00982,1751,39,3615,10000,restaurant,online,ios,card_not_present,SG,112.79,22,1,0,5.99,18.52,1,8,178.31,0.633,75.3,1,1,0,1,0,0
TXN00983,1924,32,1658,10000,online_retail,online,desktop,card_not_present,SG,162.84,3,3,0,3.59,9.39,1,7,236.86,0.687,41.6,1,1,0,0,0,0
TXN00984,1908,56,1731,10000,restaurant,online,android,chip,AE,43.54,19,2,0,7.87,37.7,2,7,48.29,0.902,478.8,1,1,1,0,0,0
TXN00985,1557,33,416,10000,online_retail,mobile,ios,chip,IN,354.49,18,3,0,0.25,2.0,2,9,522.08,0.679,1.7,0,0,1,0,0,0
TXN00986,1546,67,1965,50000,travel,pos,android,swipe,AE,785.8,9,1,0,28.02,7.81,5,14,423.96,1.853,157.8,1,0,0,0,1,0
TXN00987,1252,51,3451,15000,luxury,online,ios,contactless,SG,1144.68,1,6,1,20.69,9.26,1,9,1082.45,1.057,368.3,1,1,0,1,1,0
TXN00988,1389,35,2373,5000,online_retail,online,pos_terminal,chip,IN,153.73,3,1,0,21.9,8.13,2,6,140.57,1.094,37.1,0,1,1,1,0,0
TXN00989,1593,72,2335,5000,online_retail,online,pos_terminal,card_not_present,IN,151.31,23,0,0,3.63,19.46,4,13,121.61,1.244,160.5,0,1,0,0,0,1
TXN00990,1882,33,1134,15000,fuel,pos,ios,card_not_present,IN,59.28,5,4,0,6.07,13.32,3,9,23.73,2.498,9.4,0,0,0,0,0,0
TXN00991,1255,52,297,10000,online_retail,mobile,ios,card_not_present,SG,74.85,6,4,0,24.66,1.63,2,5,109.97,0.681,303.3,1,0,0,0,0,0
TXN00992,1708,46,2496,25000,online_retail,mobile,pos_terminal,chip,IN,47.61,15,3,0,18.61,5.1,0,6,63.48,0.75,57.7,0,0,1,0,0,0
TXN00993,1814,60,2312,15000,fuel,online,desktop,card_not_present,IN,43.68,6,6,1,12.49,4.97,3,11,51.69,0.845,807.8,0,1,0,0,0,0
TXN00994,1920,63,1886,25000,grocery,online,android,card_not_present,AE,37.93,17,2,0,4.18,10.01,3,8,21.04,1.803,459.2,1,1,0,0,0,0
TXN00995,1449,42,3412,10000,online_retail,pos,ios,swipe,IN,1163.96,19,2,0,98.35635030205223,4.13,5,5,70.81,4.88,237.4,0,0,0,0,0,1
TXN00996,1009,31,2028,15000,restaurant,online,android,contactless,IN,132.48,21,0,0,12.6,1.5,3,9,199.94,0.663,123.6,0,1,0,0,0,0
TXN00997,1823,48,3063,10000,online_retail,online,ios,card_not_present,SG,25.17,18,1,0,2.55,12.72,6,10,28.7,0.877,261.9,1,1,0,0,0,1
TXN00998,1797,32,1410,50000,fuel,online,ios,swipe,SG,125.72,8,0,0,7.88,22.85,2,6,141.32,0.89,25.2,1,1,0,0,0,0
TXN00999,1241,70,1266,15000,online_retail,mobile,ios,swipe,US,45.86,19,4,0,14.08,32.19,1,6,68.6,0.669,66.8,1,0,0,0,0,0
TXN01000,1250,43,603,10000,grocery,online,ios,swipe,IN,42.49,9,5,1,9.83,43.16,3,7,45.54,0.933,4.9,0,1,0,0,0,0
