promo,temp_c,rain_mm,humidity,staff_count,department,dept_note,date_time,checkouts,hour,day_of_week,is_weekend,hour_sin,hour_cos,is_promo,department_code,is_fresh_area,is_wet_weather,temp_c_scaled,checkouts_scaled,demand_category
,24.68,0.0,50.8,8,Bakery,bread and pastry,2022-03-01 00:00:00,60,0,1,0,0.0,1.0,0,0,1,0,0.47911158117398195,0.39568345323741005,High
,26.14,0.0,70.8,5,Produce,fresh fruit and veg,2022-03-01 01:00:00,34,1,1,0,0.25881904510252074,0.9659258262890683,0,4,1,0,0.5563194077207826,0.20863309352517986,Low
,22.88,0.0,57.9,8,Produce,fresh fruit and veg,2022-03-01 02:00:00,40,2,1,0,0.49999999999999994,0.8660254037844387,0,4,1,0,0.3839238498149127,0.2517985611510791,Medium
,26.17,0.0,49.1,9,General,mixed baskets,2022-03-01 03:00:00,44,3,1,0,0.7071067811865476,0.7071067811865476,0,3,0,0,0.5579058699101005,0.2805755395683453,Medium
,24.11,0.0,61.6,9,Produce,fresh fruit and veg,2022-03-01 04:00:00,30,4,1,0,0.8660254037844386,0.5000000000000001,0,4,1,0,0.44896879957694336,0.17985611510791366,Low
,27.36,0.0,63.5,10,Produce,fresh fruit and veg,2022-03-01 05:00:00,40,5,1,0,0.9659258262890683,0.25881904510252074,0,4,1,0,0.6208355367530406,0.2517985611510791,Medium
,28.12,1.97,56.5,11,General,mixed baskets,2022-03-01 06:00:00,39,6,1,0,1.0,6.123233995736766e-17,0,3,0,1,0.6610259122157588,0.2446043165467626,Low
,29.06,0.0,56.3,8,General,mixed baskets,2022-03-01 07:00:00,18,7,1,0,0.9659258262890683,-0.25881904510252063,0,3,0,0,0.7107350608143838,0.09352517985611511,Low
,24.33,0.0,74.3,11,General,mixed baskets,2022-03-01 08:00:00,52,8,1,0,0.8660254037844387,-0.4999999999999998,0,3,0,0,0.46060285563194064,0.3381294964028777,Medium
,21.35,0.0,55.3,6,Bakery,bread and pastry,2022-03-01 09:00:00,47,9,1,0,0.7071067811865476,-0.7071067811865475,0,0,1,0,0.30301427815970394,0.302158273381295,Medium
,20.51,0.0,57.7,10,General,mixed baskets,2022-03-01 10:00:00,87,10,1,0,0.49999999999999994,-0.8660254037844387,0,3,0,0,0.2585933368588049,0.5899280575539568,Peak
,23.99,0.0,79.1,6,General,mixed baskets,2022-03-01 11:00:00,92,11,1,0,0.258819045102521,-0.9659258262890682,0,3,0,0,0.442622950819672,0.6258992805755396,Peak
,25.79,0.0,54.9,7,Bakery,bread and pastry,2022-03-01 12:00:00,101,12,1,0,1.2246467991473532e-16,-1.0,0,0,1,0,0.5378106821787413,0.6906474820143885,Peak
,20.61,0.0,45.9,8,Frozen,frozen foods,2022-03-01 13:00:00,91,13,1,0,-0.2588190451025208,-0.9659258262890683,0,2,0,0,0.2638815441565309,0.6187050359712231,Peak
,23.85,4.42,60.9,11,Frozen,frozen foods,2022-03-01 14:00:00,37,14,1,0,-0.4999999999999997,-0.8660254037844388,0,2,0,1,0.43521946060285566,0.2302158273381295,Low
,22.27,0.0,56.1,8,Bakery,bread and pastry,2022-03-01 15:00:00,22,15,1,0,-0.7071067811865471,-0.7071067811865479,0,0,1,0,0.3516657852987837,0.1223021582733813,Low
,26.46,0.0,61.0,7,Frozen,frozen foods,2022-03-01 16:00:00,46,16,1,0,-0.8660254037844385,-0.5000000000000004,0,2,0,0,0.5732416710735061,0.2949640287769784,Medium
,29.58,0.0,48.2,8,General,mixed baskets,2022-03-01 17:00:00,76,17,1,0,-0.9659258262890683,-0.25881904510252063,0,3,0,0,0.7382337387625593,0.5107913669064749,High
,24.17,0.0,39.2,8,Dairy,milk and yogurt aisle,2022-03-01 18:00:00,78,18,1,0,-1.0,-1.8369701987210297e-16,0,1,1,0,0.4521417239555791,0.5251798561151079,High
,25.52,0.0,59.4,9,Bakery,bread and pastry,2022-03-01 19:00:00,56,19,1,0,-0.9659258262890684,0.2588190451025203,0,0,1,0,0.5235325224748809,0.3669064748201439,High
,20.8,0.0,53.3,13,General,mixed baskets,2022-03-01 20:00:00,94,20,1,0,-0.8660254037844386,0.5000000000000001,0,3,0,0,0.27392913802221047,0.6402877697841727,Peak
,25.19,0.0,51.1,9,Dairy,milk and yogurt aisle,2022-03-01 21:00:00,41,21,1,0,-0.7071067811865477,0.7071067811865474,0,1,1,0,0.506081438392385,0.2589928057553957,Medium
,22.99,0.0,48.1,7,Dairy,milk and yogurt aisle,2022-03-01 22:00:00,35,22,1,0,-0.5000000000000004,0.8660254037844384,0,1,1,0,0.3897408778424113,0.2158273381294964,Low
,22.0,0.0,63.6,7,Produce,fresh fruit and veg,2022-03-01 23:00:00,64,23,1,0,-0.25881904510252157,0.9659258262890681,0,4,1,0,0.3373876255949233,0.4244604316546763,High
,20.16,0.0,53.7,6,General,mixed baskets,2022-03-02 00:00:00,39,0,2,0,0.0,1.0,0,3,0,0,0.24008461131676362,0.2446043165467626,Low
,28.82,0.0,44.8,9,Produce,fresh fruit and veg,2022-03-02 01:00:00,22,1,2,0,0.25881904510252074,0.9659258262890683,0,4,1,0,0.6980433632998413,0.1223021582733813,Low
,20.78,0.0,47.2,5,Produce,fresh fruit and veg,2022-03-02 02:00:00,35,2,2,0,0.49999999999999994,0.8660254037844387,0,4,1,0,0.2728714965626653,0.2158273381294964,Low
,21.8,0.0,51.4,3,Produce,fresh fruit and veg,2022-03-02 03:00:00,12,3,2,0,0.7071067811865476,0.7071067811865476,0,4,1,0,0.3268112109994712,0.050359712230215826,Low
,24.84,0.0,43.7,8,Produce,fresh fruit and veg,2022-03-02 04:00:00,52,4,2,0,0.8660254037844386,0.5000000000000001,0,4,1,0,0.48757271285034365,0.3381294964028777,Medium
,25.54,0.0,50.9,9,Dairy,milk and yogurt aisle,2022-03-02 05:00:00,35,5,2,0,0.9659258262890683,0.25881904510252074,0,1,1,0,0.5245901639344261,0.2158273381294964,Low
,25.55,0.0,63.8,7,General,mixed baskets,2022-03-02 06:00:00,31,6,2,0,1.0,6.123233995736766e-17,0,3,0,0,0.5251189846641988,0.18705035971223022,Low
,25.1,0.21,62.1,6,Dairy,milk and yogurt aisle,2022-03-02 07:00:00,52,7,2,0,0.9659258262890683,-0.25881904510252063,0,1,1,1,0.5013220518244316,0.3381294964028777,Medium
,22.59,0.0,62.7,10,General,mixed baskets,2022-03-02 08:00:00,20,8,2,0,0.8660254037844387,-0.4999999999999998,0,3,0,0,0.3685880486515071,0.1079136690647482,Low
,26.75,0.0,62.5,3,General,mixed baskets,2022-03-02 09:00:00,46,9,2,0,0.7071067811865476,-0.7071067811865475,0,3,0,0,0.5885774722369116,0.2949640287769784,Medium
,25.31,0.0,56.1,10,General,mixed baskets,2022-03-02 10:00:00,70,10,2,0,0.49999999999999994,-0.8660254037844387,0,3,0,0,0.5124272871496561,0.4676258992805755,High
,21.2,4.89,72.5,7,General,mixed baskets,2022-03-02 11:00:00,87,11,2,0,0.258819045102521,-0.9659258262890682,0,3,0,1,0.2950819672131147,0.5899280575539568,Peak
,28.84,10.02,71.6,7,General,mixed baskets,2022-03-02 12:00:00,80,12,2,0,1.2246467991473532e-16,-1.0,0,3,0,1,0.6991010047593864,0.539568345323741,Peak
,23.98,0.0,60.8,13,General,mixed baskets,2022-03-02 13:00:00,112,13,2,0,-0.2588190451025208,-0.9659258262890683,0,3,0,0,0.4420941300898995,0.7697841726618705,Peak
,27.21,0.0,59.8,12,Produce,fresh fruit and veg,2022-03-02 14:00:00,61,14,2,0,-0.4999999999999997,-0.8660254037844388,0,4,1,0,0.6129032258064516,0.4028776978417266,High
,21.2,0.0,56.8,7,Dairy,milk and yogurt aisle,2022-03-02 15:00:00,36,15,2,0,-0.7071067811865471,-0.7071067811865479,0,1,1,0,0.2950819672131147,0.22302158273381295,Low
,25.79,0.0,56.7,13,General,mixed baskets,2022-03-02 16:00:00,50,16,2,0,-0.8660254037844385,-0.5000000000000004,0,3,0,0,0.5378106821787413,0.3237410071942446,Medium
,23.41,0.0,46.6,6,Dairy,milk and yogurt aisle,2022-03-02 17:00:00,72,17,2,0,-0.9659258262890683,-0.25881904510252063,0,1,1,0,0.4119513484928609,0.48201438848920863,High
,23.11,0.0,51.3,7,General,mixed baskets,2022-03-02 18:00:00,81,18,2,0,-1.0,-1.8369701987210297e-16,0,3,0,0,0.39608672659968264,0.5467625899280576,Peak
,27.37,0.0,42.8,10,General,mixed baskets,2022-03-02 19:00:00,65,19,2,0,-0.9659258262890684,0.2588190451025203,0,3,0,0,0.6213643574828133,0.4316546762589928,High
,20.78,8.89,77.9,8,Produce,fresh fruit and veg,2022-03-02 20:00:00,54,20,2,0,-0.8660254037844386,0.5000000000000001,0,4,1,1,0.2728714965626653,0.35251798561151076,Medium
,25.26,4.76,67.3,4,General,mixed baskets,2022-03-02 21:00:00,18,21,2,0,-0.7071067811865477,0.7071067811865474,0,3,0,1,0.5097831835007932,0.09352517985611511,Low
,22.31,0.0,49.9,11,Produce,fresh fruit and veg,2022-03-02 22:00:00,44,22,2,0,-0.5000000000000004,0.8660254037844384,0,4,1,0,0.35378106821787403,0.2805755395683453,Medium
,26.14,0.21,64.6,6,Dairy,milk and yogurt aisle,2022-03-02 23:00:00,66,23,2,0,-0.25881904510252157,0.9659258262890681,0,1,1,1,0.5563194077207826,0.43884892086330934,High
,25.43,0.0,48.5,3,Dairy,milk and yogurt aisle,2022-03-03 00:00:00,43,0,3,0,0.0,1.0,0,1,1,0,0.5187731359069275,0.2733812949640288,Medium
,23.54,0.0,57.5,9,General,mixed baskets,2022-03-03 01:00:00,33,1,3,0,0.25881904510252074,0.9659258262890683,0,3,0,0,0.4188260179799047,0.2014388489208633,Low
,30.47,0.0,56.5,7,Produce,fresh fruit and veg,2022-03-03 02:00:00,62,2,3,0,0.49999999999999994,0.8660254037844387,0,4,1,0,0.7852987837123213,0.41007194244604317,High
,24.8,0.0,53.6,3,Frozen,frozen foods,2022-03-03 03:00:00,42,3,3,0,0.7071067811865476,0.7071067811865476,0,2,0,0,0.4854574299312533,0.26618705035971224,Medium
,27.66,0.0,59.3,6,General,mixed baskets,2022-03-03 04:00:00,41,4,3,0,0.8660254037844386,0.5000000000000001,0,3,0,0,0.6367001586462189,0.2589928057553957,Medium
,21.6,0.0,58.0,4,Dairy,milk and yogurt aisle,2022-03-03 05:00:00,43,5,3,0,0.9659258262890683,0.25881904510252074,0,1,1,0,0.3162347964040191,0.2733812949640288,Medium
,24.61,0.0,52.0,10,General,mixed baskets,2022-03-03 06:00:00,38,6,3,0,1.0,6.123233995736766e-17,0,3,0,0,0.4754098360655737,0.23741007194244604,Low
,25.14,0.0,65.1,10,General,mixed baskets,2022-03-03 07:00:00,36,7,3,0,0.9659258262890683,-0.25881904510252063,0,3,0,0,0.5034373347435219,0.22302158273381295,Low
,25.27,0.0,53.9,4,Dairy,milk and yogurt aisle,2022-03-03 08:00:00,22,8,3,0,0.8660254037844387,-0.4999999999999998,0,1,1,0,0.5103120042305658,0.1223021582733813,Low
,24.06,0.0,59.8,4,Dairy,milk and yogurt aisle,2022-03-03 09:00:00,46,9,3,0,0.7071067811865476,-0.7071067811865475,0,1,1,0,0.4463246959280803,0.2949640287769784,Medium
,22.85,0.0,47.0,13,Produce,fresh fruit and veg,2022-03-03 10:00:00,93,10,3,0,0.49999999999999994,-0.8660254037844387,0,4,1,0,0.38233738762559494,0.6330935251798561,Peak
,17.19,0.0,47.9,12,Dairy,milk and yogurt aisle,2022-03-03 11:00:00,109,11,3,0,0.258819045102521,-0.9659258262890682,0,1,1,0,0.08302485457429941,0.7482014388489209,Peak
,23.51,0.0,56.3,10,Bakery,bread and pastry,2022-03-03 12:00:00,90,12,3,0,1.2246467991473532e-16,-1.0,0,0,1,0,0.417239555790587,0.6115107913669064,Peak
,22.63,0.0,72.9,12,General,mixed baskets,2022-03-03 13:00:00,72,13,3,0,-0.2588190451025208,-0.9659258262890683,0,3,0,0,0.3707033315705975,0.48201438848920863,High
,24.29,0.0,45.2,12,General,mixed baskets,2022-03-03 14:00:00,38,14,3,0,-0.4999999999999997,-0.8660254037844388,0,3,0,0,0.45848757271285023,0.23741007194244604,Low
,27.08,0.0,45.8,12,Produce,fresh fruit and veg,2022-03-03 15:00:00,60,15,3,0,-0.7071067811865471,-0.7071067811865479,0,4,1,0,0.6060285563194076,0.39568345323741005,High
,30.48,0.0,49.1,12,General,mixed baskets,2022-03-03 16:00:00,35,16,3,0,-0.8660254037844385,-0.5000000000000004,0,3,0,0,0.785827604442094,0.2158273381294964,Low
,26.26,0.0,51.6,9,Frozen,frozen foods,2022-03-03 17:00:00,64,17,3,0,-0.9659258262890683,-0.25881904510252063,0,2,0,0,0.562665256478054,0.4244604316546763,High
,27.48,0.0,55.5,9,Frozen,frozen foods,2022-03-03 18:00:00,60,18,3,0,-1.0,-1.8369701987210297e-16,0,2,0,0,0.627181385510312,0.39568345323741005,High
,26.51,0.0,63.0,6,General,mixed baskets,2022-03-03 19:00:00,62,19,3,0,-0.9659258262890684,0.2588190451025203,0,3,0,0,0.5758857747223691,0.41007194244604317,High
,26.76,0.0,53.7,12,Bakery,bread and pastry,2022-03-03 20:00:00,71,20,3,0,-0.8660254037844386,0.5000000000000001,0,0,1,0,0.5891062929666843,0.4748201438848921,High
,26.42,3.11,68.9,10,Produce,fresh fruit and veg,2022-03-03 21:00:00,25,21,3,0,-0.7071067811865477,0.7071067811865474,0,4,1,1,0.5711263881544156,0.14388489208633093,Low
,24.29,0.0,55.2,5,Dairy,milk and yogurt aisle,2022-03-03 22:00:00,57,22,3,0,-0.5000000000000004,0.8660254037844384,0,1,1,0,0.45848757271285023,0.37410071942446044,High
,24.14,0.0,50.6,6,General,mixed baskets,2022-03-03 23:00:00,36,23,3,0,-0.25881904510252157,0.9659258262890681,0,3,0,0,0.4505552617662612,0.22302158273381295,Low
,25.84,0.0,51.3,6,Frozen,frozen foods,2022-03-04 00:00:00,41,0,4,0,0.0,1.0,0,2,0,0,0.5404547858276044,0.2589928057553957,Medium
,29.52,0.0,58.8,10,Dairy,milk and yogurt aisle,2022-03-04 01:00:00,57,1,4,0,0.25881904510252074,0.9659258262890683,0,1,1,0,0.7350608143839237,0.37410071942446044,High
,26.98,0.0,56.5,7,Dairy,milk and yogurt aisle,2022-03-04 02:00:00,58,2,4,0,0.49999999999999994,0.8660254037844387,0,1,1,0,0.6007403490216816,0.381294964028777,High
,29.05,0.0,65.3,4,Produce,fresh fruit and veg,2022-03-04 03:00:00,37,3,4,0,0.7071067811865476,0.7071067811865476,0,4,1,0,0.7102062400846113,0.2302158273381295,Low
,21.79,2.18,63.1,3,General,mixed baskets,2022-03-04 04:00:00,43,4,4,0,0.8660254037844386,0.5000000000000001,0,3,0,1,0.3262823902696985,0.2733812949640288,Medium
,25.7,0.0,54.2,6,General,mixed baskets,2022-03-04 05:00:00,48,5,4,0,0.9659258262890683,0.25881904510252074,0,3,0,0,0.5330512956107878,0.30935251798561153,Medium
,26.03,0.0,46.3,9,Dairy,milk and yogurt aisle,2022-03-04 06:00:00,37,6,4,0,1.0,6.123233995736766e-17,0,1,1,0,0.550502379693284,0.2302158273381295,Low
,26.34,0.0,49.2,10,Produce,fresh fruit and veg,2022-03-04 07:00:00,18,7,4,0,0.9659258262890683,-0.25881904510252063,0,4,1,0,0.5668958223162347,0.09352517985611511,Low
,21.6,0.97,60.9,10,General,mixed baskets,2022-03-04 08:00:00,47,8,4,0,0.8660254037844387,-0.4999999999999998,0,3,0,1,0.3162347964040191,0.302158273381295,Medium
,20.43,0.0,57.5,7,Dairy,milk and yogurt aisle,2022-03-04 09:00:00,50,9,4,0,0.7071067811865476,-0.7071067811865475,0,1,1,0,0.254362771020624,0.3237410071942446,Medium
,19.73,0.0,67.9,11,Frozen,frozen foods,2022-03-04 10:00:00,99,10,4,0,0.49999999999999994,-0.8660254037844387,0,2,0,0,0.21734531993654152,0.6762589928057554,Peak
,24.04,0.0,50.3,12,Produce,fresh fruit and veg,2022-03-04 11:00:00,83,11,4,0,0.258819045102521,-0.9659258262890682,0,4,1,0,0.4452670544685351,0.5611510791366906,Peak
,30.91,0.0,60.1,10,Dairy,milk and yogurt aisle,2022-03-04 12:00:00,92,12,4,0,1.2246467991473532e-16,-1.0,0,1,1,0,0.8085668958223161,0.6258992805755396,Peak
,25.59,0.0,54.6,9,Produce,fresh fruit and veg,2022-03-04 13:00:00,87,13,4,0,-0.2588190451025208,-0.9659258262890683,0,4,1,0,0.5272342675832892,0.5899280575539568,Peak
,22.02,0.0,39.2,5,Produce,fresh fruit and veg,2022-03-04 14:00:00,36,14,4,0,-0.4999999999999997,-0.8660254037844388,0,4,1,0,0.3384452670544685,0.22302158273381295,Low
,25.9,0.0,46.2,5,General,mixed baskets,2022-03-04 15:00:00,55,15,4,0,-0.7071067811865471,-0.7071067811865479,0,3,0,0,0.5436277102062399,0.3597122302158273,Medium
,24.3,3.98,69.1,9,Produce,fresh fruit and veg,2022-03-04 16:00:00,58,16,4,0,-0.8660254037844385,-0.5000000000000004,0,4,1,1,0.45901639344262296,0.381294964028777,High
,25.48,0.0,52.4,7,Produce,fresh fruit and veg,2022-03-04 17:00:00,83,17,4,0,-0.9659258262890683,-0.25881904510252063,0,4,1,0,0.5214172395557906,0.5611510791366906,Peak
,23.92,0.0,50.0,8,General,mixed baskets,2022-03-04 18:00:00,81,18,4,0,-1.0,-1.8369701987210297e-16,0,3,0,0,0.4389212057112639,0.5467625899280576,Peak
,21.82,0.0,63.7,7,Produce,fresh fruit and veg,2022-03-04 19:00:00,83,19,4,0,-0.9659258262890684,0.2588190451025203,0,4,1,0,0.32786885245901637,0.5611510791366906,Peak
,23.73,0.0,53.5,11,Dairy,milk and yogurt aisle,2022-03-04 20:00:00,74,20,4,0,-0.8660254037844386,0.5000000000000001,0,1,1,0,0.4288736118455843,0.49640287769784175,High
,26.84,0.0,57.4,6,Dairy,milk and yogurt aisle,2022-03-04 21:00:00,39,21,4,0,-0.7071067811865477,0.7071067811865474,0,1,1,0,0.5933368588048651,0.2446043165467626,Low
,25.82,0.0,61.1,3,General,mixed baskets,2022-03-04 22:00:00,31,22,4,0,-0.5000000000000004,0.8660254037844384,0,3,0,0,0.5393971443680592,0.18705035971223022,Low
,28.12,0.0,51.7,9,General,mixed baskets,2022-03-04 23:00:00,39,23,4,0,-0.25881904510252157,0.9659258262890681,0,3,0,0,0.6610259122157588,0.2446043165467626,Low
,22.45,0.0,60.2,8,General,mixed baskets,2022-03-05 00:00:00,87,0,5,1,0.0,1.0,0,3,0,0,0.36118455843469055,0.5899280575539568,Peak
,27.76,0.0,47.5,9,General,mixed baskets,2022-03-05 01:00:00,70,1,5,1,0.25881904510252074,0.9659258262890683,0,3,0,0,0.641988365943945,0.4676258992805755,High
,25.29,0.0,45.3,7,General,mixed baskets,2022-03-05 02:00:00,55,2,5,1,0.49999999999999994,0.8660254037844387,0,3,0,0,0.5113696456901109,0.3597122302158273,Medium
,25.63,0.0,63.8,5,General,mixed baskets,2022-03-05 03:00:00,54,3,5,1,0.7071067811865476,0.7071067811865476,0,3,0,0,0.5293495505023795,0.35251798561151076,Medium
,28.27,0.0,65.3,6,Dairy,milk and yogurt aisle,2022-03-05 04:00:00,49,4,5,1,0.8660254037844386,0.5000000000000001,0,1,1,0,0.6689582231623479,0.31654676258992803,Medium
,24.83,0.0,60.8,9,Produce,fresh fruit and veg,2022-03-05 05:00:00,64,5,5,1,0.9659258262890683,0.25881904510252074,0,4,1,0,0.487043892120571,0.4244604316546763,High
,25.8,0.0,49.4,4,Dairy,milk and yogurt aisle,2022-03-05 06:00:00,64,6,5,1,1.0,6.123233995736766e-17,0,1,1,0,0.538339502908514,0.4244604316546763,High
,26.77,0.0,52.6,10,Produce,fresh fruit and veg,2022-03-05 07:00:00,42,7,5,1,0.9659258262890683,-0.25881904510252063,0,4,1,0,0.5896351136964568,0.26618705035971224,Medium
,26.79,0.0,48.0,9,Dairy,milk and yogurt aisle,2022-03-05 08:00:00,65,8,5,1,0.8660254037844387,-0.4999999999999998,0,1,1,0,0.590692755156002,0.4316546762589928,High
,27.21,0.0,48.0,9,Bakery,bread and pastry,2022-03-05 09:00:00,53,9,5,1,0.7071067811865476,-0.7071067811865475,0,0,1,0,0.6129032258064516,0.34532374100719426,Medium
,28.41,0.0,56.2,11,Dairy,milk and yogurt aisle,2022-03-05 10:00:00,132,10,5,1,0.49999999999999994,-0.8660254037844387,0,1,1,0,0.6763617133791644,0.9136690647482014,Peak
,26.51,0.0,51.5,5,Frozen,frozen foods,2022-03-05 11:00:00,116,11,5,1,0.258819045102521,-0.9659258262890682,0,2,0,0,0.5758857747223691,0.7985611510791367,Peak
,24.09,0.0,64.1,11,Bakery,bread and pastry,2022-03-05 12:00:00,135,12,5,1,1.2246467991473532e-16,-1.0,0,0,1,0,0.4479111581173981,0.935251798561151,Peak
,31.32,0.0,43.1,6,Frozen,frozen foods,2022-03-05 13:00:00,109,13,5,1,-0.2588190451025208,-0.9659258262890683,0,2,0,0,0.830248545742993,0.7482014388489209,Peak
,25.12,0.0,51.1,7,Dairy,milk and yogurt aisle,2022-03-05 14:00:00,56,14,5,1,-0.4999999999999997,-0.8660254037844388,0,1,1,0,0.5023796932839767,0.3669064748201439,High
,26.15,0.0,45.7,12,General,mixed baskets,2022-03-05 15:00:00,63,15,5,1,-0.7071067811865471,-0.7071067811865479,0,3,0,0,0.5568482284505551,0.4172661870503597,High
,23.34,0.15,45.5,9,Bakery,bread and pastry,2022-03-05 16:00:00,72,16,5,1,-0.8660254037844385,-0.5000000000000004,0,0,1,1,0.4082496033844526,0.48201438848920863,High
,19.76,0.0,69.6,11,Produce,fresh fruit and veg,2022-03-05 17:00:00,101,17,5,1,-0.9659258262890683,-0.25881904510252063,0,4,1,0,0.21893178212585943,0.6906474820143885,Peak
,23.27,0.0,67.3,8,Produce,fresh fruit and veg,2022-03-05 18:00:00,80,18,5,1,-1.0,-1.8369701987210297e-16,0,4,1,0,0.40454785827604434,0.539568345323741,Peak
,25.38,0.0,58.3,8,Bakery,bread and pastry,2022-03-05 19:00:00,97,19,5,1,-0.9659258262890684,0.2588190451025203,0,0,1,0,0.5161290322580644,0.6618705035971223,Peak
,26.55,0.0,59.2,10,General,mixed baskets,2022-03-05 20:00:00,95,20,5,1,-0.8660254037844386,0.5000000000000001,0,3,0,0,0.5780010576414595,0.6474820143884892,Peak
,25.29,3.18,69.3,11,Frozen,frozen foods,2022-03-05 21:00:00,54,21,5,1,-0.7071067811865477,0.7071067811865474,0,2,0,1,0.5113696456901109,0.35251798561151076,Medium
,27.21,0.0,55.4,9,Bakery,bread and pastry,2022-03-05 22:00:00,52,22,5,1,-0.5000000000000004,0.8660254037844384,0,0,1,0,0.6129032258064516,0.3381294964028777,Medium
,27.7,0.0,30.9,5,General,mixed baskets,2022-03-05 23:00:00,80,23,5,1,-0.25881904510252157,0.9659258262890681,0,3,0,0,0.6388154415653092,0.539568345323741,Peak
,27.76,0.0,37.6,9,Dairy,milk and yogurt aisle,2022-03-06 00:00:00,55,0,6,1,0.0,1.0,0,1,1,0,0.641988365943945,0.3597122302158273,Medium
,25.3,0.0,59.4,8,Bakery,bread and pastry,2022-03-06 01:00:00,49,1,6,1,0.25881904510252074,0.9659258262890683,0,0,1,0,0.5118984664198837,0.31654676258992803,Medium
,25.5,0.0,35.1,11,Dairy,milk and yogurt aisle,2022-03-06 02:00:00,67,2,6,1,0.49999999999999994,0.8660254037844387,0,1,1,0,0.5224748810153358,0.4460431654676259,High
,24.75,0.0,65.9,5,General,mixed baskets,2022-03-06 03:00:00,61,3,6,1,0.7071067811865476,0.7071067811865476,0,3,0,0,0.4828133262823902,0.4028776978417266,High
,23.11,0.0,61.3,3,Frozen,frozen foods,2022-03-06 04:00:00,59,4,6,1,0.8660254037844386,0.5000000000000001,0,2,0,0,0.39608672659968264,0.38848920863309355,High
,28.86,2.57,65.1,4,Bakery,bread and pastry,2022-03-06 05:00:00,69,5,6,1,0.9659258262890683,0.25881904510252074,0,0,1,1,0.7001586462189316,0.460431654676259,High
,22.19,0.0,57.8,8,Dairy,milk and yogurt aisle,2022-03-06 06:00:00,65,6,6,1,1.0,6.123233995736766e-17,0,1,1,0,0.3474352194606029,0.4316546762589928,High
,25.12,0.0,60.4,9,General,mixed baskets,2022-03-06 07:00:00,64,7,6,1,0.9659258262890683,-0.25881904510252063,0,3,0,0,0.5023796932839767,0.4244604316546763,High
,25.86,0.0,50.3,8,General,mixed baskets,2022-03-06 08:00:00,71,8,6,1,0.8660254037844387,-0.4999999999999998,0,3,0,0,0.5415124272871495,0.4748201438848921,High
,19.95,0.0,69.2,8,General,mixed baskets,2022-03-06 09:00:00,63,9,6,1,0.7071067811865476,-0.7071067811865475,0,3,0,0,0.22897937599153884,0.4172661870503597,High
,27.15,0.0,52.9,11,Dairy,milk and yogurt aisle,2022-03-06 10:00:00,107,10,6,1,0.49999999999999994,-0.8660254037844387,0,1,1,0,0.6097303014278158,0.7338129496402878,Peak
,24.42,0.0,47.8,9,Produce,fresh fruit and veg,2022-03-06 11:00:00,110,11,6,1,0.258819045102521,-0.9659258262890682,0,4,1,0,0.46536224219989425,0.7553956834532374,Peak
,25.86,5.94,87.1,8,Produce,fresh fruit and veg,2022-03-06 12:00:00,108,12,6,1,1.2246467991473532e-16,-1.0,0,4,1,1,0.5415124272871495,0.7410071942446043,Peak
,24.47,0.0,56.0,9,Dairy,milk and yogurt aisle,2022-03-06 13:00:00,117,13,6,1,-0.2588190451025208,-0.9659258262890683,0,1,1,0,0.46800634584875717,0.8057553956834532,Peak
,21.46,0.0,57.5,6,General,mixed baskets,2022-03-06 14:00:00,47,14,6,1,-0.4999999999999997,-0.8660254037844388,0,3,0,0,0.30883130618720256,0.302158273381295,Medium
,25.79,1.29,68.1,5,General,mixed baskets,2022-03-06 15:00:00,38,15,6,1,-0.7071067811865471,-0.7071067811865479,0,3,0,1,0.5378106821787413,0.23741007194244604,Low
,25.56,0.0,72.0,6,General,mixed baskets,2022-03-06 16:00:00,61,16,6,1,-0.8660254037844385,-0.5000000000000004,0,3,0,0,0.5256478053939713,0.4028776978417266,High
,27.79,0.0,54.6,9,Produce,fresh fruit and veg,2022-03-06 17:00:00,78,17,6,1,-0.9659258262890683,-0.25881904510252063,0,4,1,0,0.6435748281332627,0.5251798561151079,High
,26.49,0.0,55.7,6,Dairy,milk and yogurt aisle,2022-03-06 18:00:00,71,18,6,1,-1.0,-1.8369701987210297e-16,0,1,1,0,0.5748281332628238,0.4748201438848921,High
,21.09,0.0,44.1,5,Produce,fresh fruit and veg,2022-03-06 19:00:00,99,19,6,1,-0.9659258262890684,0.2588190451025203,0,4,1,0,0.2892649391856161,0.6762589928057554,Peak
,28.05,0.0,55.1,5,General,mixed baskets,2022-03-06 20:00:00,86,20,6,1,-0.8660254037844386,0.5000000000000001,0,3,0,0,0.6573241671073505,0.5827338129496403,Peak
,27.29,0.0,68.0,7,General,mixed baskets,2022-03-06 21:00:00,65,21,6,1,-0.7071067811865477,0.7071067811865474,0,3,0,0,0.6171337916446323,0.4316546762589928,High
,27.22,0.0,48.9,11,Frozen,frozen foods,2022-03-06 22:00:00,53,22,6,1,-0.5000000000000004,0.8660254037844384,0,2,0,0,0.6134320465362241,0.34532374100719426,Medium
,26.52,0.0,47.8,3,General,mixed baskets,2022-03-06 23:00:00,46,23,6,1,-0.25881904510252157,0.9659258262890681,0,3,0,0,0.5764145954521416,0.2949640287769784,Medium
,23.6,0.0,41.7,3,Produce,fresh fruit and veg,2022-03-07 00:00:00,25,0,0,0,0.0,1.0,0,4,1,0,0.42199894235854046,0.14388489208633093,Low
,26.7,0.0,44.9,8,Produce,fresh fruit and veg,2022-03-07 01:00:00,33,1,0,0,0.25881904510252074,0.9659258262890683,0,4,1,0,0.5859333685880486,0.2014388489208633,Low
,24.45,0.0,44.6,4,General,mixed baskets,2022-03-07 02:00:00,36,2,0,0,0.49999999999999994,0.8660254037844387,0,3,0,0,0.466948704389212,0.22302158273381295,Low
,32.57,0.0,55.0,8,Produce,fresh fruit and veg,2022-03-07 03:00:00,30,3,0,0,0.7071067811865476,0.7071067811865476,0,4,1,0,0.896351136964569,0.17985611510791366,Low
,24.77,0.0,57.1,4,Dairy,milk and yogurt aisle,2022-03-07 04:00:00,36,4,0,0,0.8660254037844386,0.5000000000000001,0,1,1,0,0.4838709677419354,0.22302158273381295,Low
,22.59,0.0,39.1,9,Bakery,bread and pastry,2022-03-07 05:00:00,21,5,0,0,0.9659258262890683,0.25881904510252074,0,0,1,0,0.3685880486515071,0.11510791366906475,Low
,24.51,0.0,58.3,8,Produce,mixed baskets,2022-03-07 06:00:00,40,6,0,0,1.0,6.123233995736766e-17,0,4,1,0,0.47012162876784774,0.2517985611510791,Medium
,28.96,0.0,65.1,6,Dairy,mixed baskets,2022-03-07 07:00:00,18,7,0,0,0.9659258262890683,-0.25881904510252063,0,1,1,0,0.7054468535166578,0.09352517985611511,Low
,23.94,0.0,61.6,5,Bakery,milk and yogurt aisle,2022-03-07 08:00:00,37,8,0,0,0.8660254037844387,-0.4999999999999998,0,0,1,0,0.4399788471708091,0.2302158273381295,Low
,19.25,0.0,49.0,3,General,mixed baskets,2022-03-07 09:00:00,48,9,0,0,0.7071067811865476,-0.7071067811865475,0,3,0,0,0.19196192490745637,0.30935251798561153,Medium
,29.04,0.0,61.4,9,Bakery,bread and pastry,2022-03-07 10:00:00,108,10,0,0,0.49999999999999994,-0.8660254037844387,0,0,1,0,0.7096774193548385,0.7410071942446043,Peak
,26.18,0.0,50.9,13,Bakery,bread and pastry,2022-03-07 11:00:00,115,11,0,0,0.258819045102521,-0.9659258262890682,0,0,1,0,0.558434690639873,0.7913669064748201,Peak
,24.12,0.0,46.2,12,Dairy,milk and yogurt aisle,2022-03-07 12:00:00,76,12,0,0,1.2246467991473532e-16,-1.0,0,1,1,0,0.44949762030671603,0.5107913669064749,High
,27.15,0.0,43.9,13,Dairy,milk and yogurt aisle,2022-03-07 13:00:00,104,13,0,0,-0.2588190451025208,-0.9659258262890683,0,1,1,0,0.6097303014278158,0.7122302158273381,Peak
,23.06,0.0,43.3,10,Bakery,bread and pastry,2022-03-07 14:00:00,54,14,0,0,-0.4999999999999997,-0.8660254037844388,0,0,1,0,0.39344262295081955,0.35251798561151076,Medium
,22.43,0.0,52.3,10,Produce,fresh fruit and veg,2022-03-07 15:00:00,51,15,0,0,-0.7071067811865471,-0.7071067811865479,0,4,1,0,0.3601269169751454,0.33093525179856115,Medium
,27.75,0.0,59.6,8,Frozen,frozen foods,2022-03-07 16:00:00,28,16,0,0,-0.8660254037844385,-0.5000000000000004,0,2,0,0,0.6414595452141724,0.16546762589928057,Low
,24.08,0.0,40.8,9,Bakery,bread and pastry,2022-03-07 17:00:00,79,17,0,0,-0.9659258262890683,-0.25881904510252063,0,0,1,0,0.44738233738762545,0.5323741007194245,Peak
,26.69,0.0,39.1,9,General,mixed baskets,2022-03-07 18:00:00,97,18,0,0,-1.0,-1.8369701987210297e-16,0,3,0,0,0.585404547858276,0.6618705035971223,Peak
,25.4,0.0,64.1,5,General,mixed baskets,2022-03-07 19:00:00,57,19,0,0,-0.9659258262890684,0.2588190451025203,0,3,0,0,0.5171866737176096,0.37410071942446044,High
,27.45,0.06,47.6,12,General,mixed baskets,2022-03-07 20:00:00,80,20,0,0,-0.8660254037844386,0.5000000000000001,0,3,0,1,0.6255949233209941,0.539568345323741,Peak
,25.64,0.0,72.3,5,Frozen,frozen foods,2022-03-07 21:00:00,53,21,0,0,-0.7071067811865477,0.7071067811865474,0,2,0,0,0.5298783712321523,0.34532374100719426,Medium
,20.24,0.0,58.0,6,General,mixed baskets,2022-03-07 22:00:00,31,22,0,0,-0.5000000000000004,0.8660254037844384,0,3,0,0,0.24431517715494439,0.18705035971223022,Low
,27.07,0.0,43.7,11,Produce,fresh fruit and veg,2022-03-07 23:00:00,46,23,0,0,-0.25881904510252157,0.9659258262890681,0,4,1,0,0.6054997355896351,0.2949640287769784,Medium
Women Day Sale,24.23,0.0,62.2,6,Produce,fresh fruit and veg,2022-03-08 00:00:00,27,0,1,0,0.0,1.0,1,4,1,0,0.4553146483342147,0.15827338129496402,Low
Women Day Sale,27.63,0.0,62.9,5,General,mixed baskets,2022-03-08 01:00:00,30,1,1,0,0.25881904510252074,0.9659258262890683,1,3,0,0,0.635113696456901,0.17985611510791366,Low
Women Day Sale,25.7,0.56,43.2,11,Frozen,frozen foods,2022-03-08 02:00:00,30,2,1,0,0.49999999999999994,0.8660254037844387,1,2,0,1,0.5330512956107878,0.17985611510791366,Low
Women Day Sale,28.98,0.0,52.9,6,Dairy,milk and yogurt aisle,2022-03-08 03:00:00,42,3,1,0,0.7071067811865476,0.7071067811865476,1,1,1,0,0.706504494976203,0.26618705035971224,Medium
Women Day Sale,24.63,1.08,68.9,6,General,mixed baskets,2022-03-08 04:00:00,38,4,1,0,0.8660254037844386,0.5000000000000001,1,3,0,1,0.47646747752511887,0.23741007194244604,Low
Women Day Sale,20.28,0.0,42.9,4,Dairy,milk and yogurt aisle,2022-03-08 05:00:00,51,5,1,0,0.9659258262890683,0.25881904510252074,1,1,1,0,0.24643046007403496,0.33093525179856115,Medium
Women Day Sale,24.62,0.0,58.3,7,General,mixed baskets,2022-03-08 06:00:00,28,6,1,0,1.0,6.123233995736766e-17,1,3,0,0,0.47593865679534636,0.16546762589928057,Low
Women Day Sale,26.71,0.0,57.5,8,Frozen,frozen foods,2022-03-08 07:00:00,38,7,1,0,0.9659258262890683,-0.25881904510252063,1,2,0,0,0.5864621893178212,0.23741007194244604,Low
Women Day Sale,24.56,0.0,70.2,8,Produce,fresh fruit and veg,2022-03-08 08:00:00,51,8,1,0,0.8660254037844387,-0.4999999999999998,1,4,1,0,0.4727657324167106,0.33093525179856115,Medium
Women Day Sale,24.25,0.0,65.2,6,General,mixed baskets,2022-03-08 09:00:00,46,9,1,0,0.7071067811865476,-0.7071067811865475,1,3,0,0,0.4563722897937599,0.2949640287769784,Medium
Women Day Sale,29.1,0.0,51.8,13,General,mixed baskets,2022-03-08 10:00:00,79,10,1,0,0.49999999999999994,-0.8660254037844387,1,3,0,0,0.7128503437334743,0.5323741007194245,Peak
Women Day Sale,25.04,0.0,43.6,7,Dairy,milk and yogurt aisle,2022-03-08 11:00:00,102,11,1,0,0.258819045102521,-0.9659258262890682,1,1,1,0,0.49814912744579576,0.697841726618705,Peak
Women Day Sale,28.05,0.0,52.1,12,Produce,fresh fruit and veg,2022-03-08 12:00:00,89,12,1,0,1.2246467991473532e-16,-1.0,1,4,1,0,0.6573241671073505,0.60431654676259,Peak
Women Day Sale,25.79,0.35,56.7,7,Bakery,bread and pastry,2022-03-08 13:00:00,99,13,1,0,-0.2588190451025208,-0.9659258262890683,1,0,1,1,0.5378106821787413,0.6762589928057554,Peak
Women Day Sale,21.8,0.0,54.7,11,Dairy,milk and yogurt aisle,2022-03-08 14:00:00,43,14,1,0,-0.4999999999999997,-0.8660254037844388,1,1,1,0,0.3268112109994712,0.2733812949640288,Medium
Women Day Sale,23.06,0.0,51.4,8,Frozen,frozen foods,2022-03-08 15:00:00,54,15,1,0,-0.7071067811865471,-0.7071067811865479,1,2,0,0,0.39344262295081955,0.35251798561151076,Medium
Women Day Sale,24.63,1.0,50.4,11,Produce,fresh fruit and veg,2022-03-08 16:00:00,41,16,1,0,-0.8660254037844385,-0.5000000000000004,1,4,1,1,0.47646747752511887,0.2589928057553957,Medium
Women Day Sale,26.18,0.0,64.9,11,Produce,fresh fruit and veg,2022-03-08 17:00:00,52,17,1,0,-0.9659258262890683,-0.25881904510252063,1,4,1,0,0.558434690639873,0.3381294964028777,Medium
Women Day Sale,23.39,0.0,51.9,11,Produce,fresh fruit and veg,2022-03-08 18:00:00,58,18,1,0,-1.0,-1.8369701987210297e-16,1,4,1,0,0.4108937070333157,0.381294964028777,High
Women Day Sale,21.88,0.0,49.0,13,Dairy,milk and yogurt aisle,2022-03-08 19:00:00,83,19,1,0,-0.9659258262890684,0.2588190451025203,1,1,1,0,0.33104177683765196,0.5611510791366906,Peak
Women Day Sale,22.88,0.0,56.5,5,Frozen,frozen foods,2022-03-08 20:00:00,71,20,1,0,-0.8660254037844386,0.5000000000000001,1,2,0,0,0.3839238498149127,0.4748201438848921,High
Women Day Sale,24.11,0.0,56.0,9,General,mixed baskets,2022-03-08 21:00:00,53,21,1,0,-0.7071067811865477,0.7071067811865474,1,3,0,0,0.44896879957694336,0.34532374100719426,Medium
Women Day Sale,23.2,0.0,54.7,4,Produce,fresh fruit and veg,2022-03-08 22:00:00,43,22,1,0,-0.5000000000000004,0.8660254037844384,1,4,1,0,0.4008461131676361,0.2733812949640288,Medium
Women Day Sale,23.95,0.0,64.3,5,General,mixed baskets,2022-03-08 23:00:00,31,23,1,0,-0.25881904510252157,0.9659258262890681,1,3,0,0,0.4405076679005816,0.18705035971223022,Low
,30.12,0.63,48.8,6,Produce,fresh fruit and veg,2022-03-09 00:00:00,52,0,2,0,0.0,1.0,0,4,1,1,0.7667900581702802,0.3381294964028777,Medium
,26.17,0.0,57.0,8,General,mixed baskets,2022-03-09 01:00:00,30,1,2,0,0.25881904510252074,0.9659258262890683,0,3,0,0,0.5579058699101005,0.17985611510791366,Low
,23.42,0.0,62.9,4,Produce,fresh fruit and veg,2022-03-09 02:00:00,15,2,2,0,0.49999999999999994,0.8660254037844387,0,4,1,0,0.4124801692226336,0.07194244604316546,Low
,25.44,0.0,51.3,4,Produce,fresh fruit and veg,2022-03-09 03:00:00,64,3,2,0,0.7071067811865476,0.7071067811865476,0,4,1,0,0.5193019566367002,0.4244604316546763,High
,29.41,0.0,56.1,11,Produce,fresh fruit and veg,2022-03-09 04:00:00,17,4,2,0,0.8660254037844386,0.5000000000000001,0,4,1,0,0.7292437863564251,0.08633093525179857,Low
,27.08,0.0,60.1,11,Frozen,frozen foods,2022-03-09 05:00:00,47,5,2,0,0.9659258262890683,0.25881904510252074,0,2,0,0,0.6060285563194076,0.302158273381295,Medium
,25.21,0.0,59.1,11,Dairy,milk and yogurt aisle,2022-03-09 06:00:00,51,6,2,0,1.0,6.123233995736766e-17,0,1,1,0,0.5071390798519302,0.33093525179856115,Medium
,22.07,0.0,55.1,3,Dairy,milk and yogurt aisle,2022-03-09 07:00:00,41,7,2,0,0.9659258262890683,-0.25881904510252063,0,1,1,0,0.34108937070333156,0.2589928057553957,Medium
,21.21,0.0,45.2,8,General,mixed baskets,2022-03-09 08:00:00,19,8,2,0,0.8660254037844387,-0.4999999999999998,0,3,0,0,0.29561078794288737,0.10071942446043165,Low
,24.61,0.0,47.9,8,Bakery,bread and pastry,2022-03-09 09:00:00,52,9,2,0,0.7071067811865476,-0.7071067811865475,0,0,1,0,0.4754098360655737,0.3381294964028777,Medium
,25.19,0.54,56.7,9,Dairy,milk and yogurt aisle,2022-03-09 10:00:00,77,10,2,0,0.49999999999999994,-0.8660254037844387,0,1,1,1,0.506081438392385,0.5179856115107914,High
,21.4,0.0,52.6,12,Frozen,frozen foods,2022-03-09 11:00:00,78,11,2,0,0.258819045102521,-0.9659258262890682,0,2,0,0,0.3056583818085668,0.5251798561151079,High
,22.11,1.97,58.5,13,General,mixed baskets,2022-03-09 12:00:00,90,12,2,0,1.2246467991473532e-16,-1.0,0,3,0,1,0.3432046536224219,0.6115107913669064,Peak
,25.35,0.0,50.8,6,Produce,fresh fruit and veg,2022-03-09 13:00:00,104,13,2,0,-0.2588190451025208,-0.9659258262890683,0,4,1,0,0.5145425700687467,0.7122302158273381,Peak
,19.91,0.0,41.3,12,General,mixed baskets,2022-03-09 14:00:00,43,14,2,0,-0.4999999999999997,-0.8660254037844388,0,3,0,0,0.22686409307244845,0.2733812949640288,Medium
,21.15,0.0,59.8,7,Bakery,bread and pastry,2022-03-09 15:00:00,49,15,2,0,-0.7071067811865471,-0.7071067811865479,0,0,1,0,0.2924378635642516,0.31654676258992803,Medium
,25.33,0.0,46.7,9,Bakery,bread and pastry,2022-03-09 16:00:00,34,16,2,0,-0.8660254037844385,-0.5000000000000004,0,0,1,0,0.5134849286092014,0.20863309352517986,Low
,26.86,0.0,67.4,9,General,mixed baskets,2022-03-09 17:00:00,72,17,2,0,-0.9659258262890683,-0.25881904510252063,0,3,0,0,0.5943945002644102,0.48201438848920863,High
,26.25,0.0,76.9,13,Bakery,bread and pastry,2022-03-09 18:00:00,61,18,2,0,-1.0,-1.8369701987210297e-16,0,0,1,0,0.5621364357482813,0.4028776978417266,High
,27.95,0.0,61.2,12,Dairy,milk and yogurt aisle,2022-03-09 19:00:00,71,19,2,0,-0.9659258262890684,0.2588190451025203,0,1,1,0,0.6520359598096244,0.4748201438848921,High
,29.4,0.0,58.7,9,Produce,fresh fruit and veg,2022-03-09 20:00:00,82,20,2,0,-0.8660254037844386,0.5000000000000001,0,4,1,0,0.7287149656266524,0.5539568345323741,Peak
,27.7,0.0,50.0,11,General,mixed baskets,2022-03-09 21:00:00,36,21,2,0,-0.7071067811865477,0.7071067811865474,0,3,0,0,0.6388154415653092,0.22302158273381295,Low
,24.79,0.0,47.3,5,Dairy,milk and yogurt aisle,2022-03-09 22:00:00,45,22,2,0,-0.5000000000000004,0.8660254037844384,0,1,1,0,0.4849286092014806,0.28776978417266186,Medium
,30.79,0.0,51.8,11,Frozen,frozen foods,2022-03-09 23:00:00,33,23,2,0,-0.25881904510252157,0.9659258262890681,0,2,0,0,0.8022210470650448,0.2014388489208633,Low
,29.72,0.0,63.0,4,Dairy,milk and yogurt aisle,2022-03-10 00:00:00,32,0,3,0,0.0,1.0,0,1,1,0,0.7456372289793758,0.19424460431654678,Low
,27.87,0.51,56.8,4,Dairy,milk and yogurt aisle,2022-03-10 01:00:00,40,1,3,0,0.25881904510252074,0.9659258262890683,0,1,1,1,0.6478053939714437,0.2517985611510791,Medium
,23.49,0.0,42.2,9,Produce,fresh fruit and veg,2022-03-10 02:00:00,37,2,3,0,0.49999999999999994,0.8660254037844387,0,4,1,0,0.4161819143310417,0.2302158273381295,Low
,26.52,0.0,61.3,10,Dairy,milk and yogurt aisle,2022-03-10 03:00:00,47,3,3,0,0.7071067811865476,0.7071067811865476,0,1,1,0,0.5764145954521416,0.302158273381295,Medium
,20.29,0.0,51.1,10,Frozen,frozen foods,2022-03-10 04:00:00,42,4,3,0,0.8660254037844386,0.5000000000000001,0,2,0,0,0.24695928080380747,0.26618705035971224,Medium
,24.69,0.0,61.5,7,General,mixed baskets,2022-03-10 05:00:00,60,5,3,0,0.9659258262890683,0.25881904510252074,0,3,0,0,0.4796404019037546,0.39568345323741005,High
,19.3,0.0,55.1,8,Bakery,bread and pastry,2022-03-10 06:00:00,37,6,3,0,1.0,6.123233995736766e-17,0,0,1,0,0.19460602855631945,0.2302158273381295,Low
,24.48,2.53,56.4,4,General,mixed baskets,2022-03-10 07:00:00,37,7,3,0,0.9659258262890683,-0.25881904510252063,0,3,0,1,0.46853516657852984,0.2302158273381295,Low
,28.09,0.0,51.4,11,Dairy,milk and yogurt aisle,2022-03-10 08:00:00,27,8,3,0,0.8660254037844387,-0.4999999999999998,0,1,1,0,0.6594394500264409,0.15827338129496402,Low
,25.58,0.0,60.8,4,General,mixed baskets,2022-03-10 09:00:00,40,9,3,0,0.7071067811865476,-0.7071067811865475,0,3,0,0,0.5267054468535165,0.2517985611510791,Medium
,29.57,0.0,50.5,8,Dairy,milk and yogurt aisle,2022-03-10 10:00:00,103,10,3,0,0.49999999999999994,-0.8660254037844387,0,1,1,0,0.7377049180327868,0.7050359712230215,Peak
,25.53,0.0,65.5,13,Dairy,milk and yogurt aisle,2022-03-10 11:00:00,86,11,3,0,0.258819045102521,-0.9659258262890682,0,1,1,0,0.5240613432046536,0.5827338129496403,Peak
,25.79,0.0,48.8,7,Frozen,frozen foods,2022-03-10 12:00:00,94,12,3,0,1.2246467991473532e-16,-1.0,0,2,0,0,0.5378106821787413,0.6402877697841727,Peak
,24.78,0.0,66.3,8,Frozen,frozen foods,2022-03-10 13:00:00,103,13,3,0,-0.2588190451025208,-0.9659258262890683,0,2,0,0,0.4843997884717081,0.7050359712230215,Peak
,26.87,0.0,44.6,12,General,mixed baskets,2022-03-10 14:00:00,38,14,3,0,-0.4999999999999997,-0.8660254037844388,0,3,0,0,0.594923320994183,0.23741007194244604,Low
,25.46,0.0,46.5,8,Bakery,bread and pastry,2022-03-10 15:00:00,33,15,3,0,-0.7071067811865471,-0.7071067811865479,0,0,1,0,0.5203595980962453,0.2014388489208633,Low
,28.55,0.0,59.7,8,Produce,fresh fruit and veg,2022-03-10 16:00:00,51,16,3,0,-0.8660254037844385,-0.5000000000000004,0,4,1,0,0.6837652035959809,0.33093525179856115,Medium
,29.58,1.08,70.0,5,Frozen,frozen foods,2022-03-10 17:00:00,76,17,3,0,-0.9659258262890683,-0.25881904510252063,0,2,0,1,0.7382337387625593,0.5107913669064749,High
,26.48,0.0,52.7,13,Dairy,milk and yogurt aisle,2022-03-10 18:00:00,79,18,3,0,-1.0,-1.8369701987210297e-16,0,1,1,0,0.5742993125330512,0.5323741007194245,Peak
,22.74,0.0,61.2,7,Bakery,bread and pastry,2022-03-10 19:00:00,89,19,3,0,-0.9659258262890684,0.2588190451025203,0,0,1,0,0.37652035959809615,0.60431654676259,Peak
,26.95,0.0,47.7,9,Bakery,bread and pastry,2022-03-10 20:00:00,88,20,3,0,-0.8660254037844386,0.5000000000000001,0,0,1,0,0.5991538868323637,0.5971223021582733,Peak
,28.95,2.33,54.1,7,General,mixed baskets,2022-03-10 21:00:00,35,21,3,0,-0.7071067811865477,0.7071067811865474,0,3,0,1,0.7049180327868851,0.2158273381294964,Low
,27.19,0.0,55.2,10,Produce,fresh fruit and veg,2022-03-10 22:00:00,33,22,3,0,-0.5000000000000004,0.8660254037844384,0,4,1,0,0.6118455843469064,0.2014388489208633,Low
,26.29,0.0,71.8,11,Bakery,bread and pastry,2022-03-10 23:00:00,43,23,3,0,-0.25881904510252157,0.9659258262890681,0,0,1,0,0.5642517186673717,0.2733812949640288,Medium
,27.96,0.0,52.9,7,Dairy,milk and yogurt aisle,2022-03-11 00:00:00,38,0,4,0,0.0,1.0,0,1,1,0,0.6525647805393971,0.23741007194244604,Low
,28.91,0.0,42.4,4,General,mixed baskets,2022-03-11 01:00:00,17,1,4,0,0.25881904510252074,0.9659258262890683,0,3,0,0,0.7028027498677947,0.08633093525179857,Low
,19.08,1.54,40.2,7,General,mixed baskets,2022-03-11 02:00:00,55,2,4,0,0.49999999999999994,0.8660254037844387,0,3,0,1,0.18297197250132197,0.3597122302158273,Medium
,29.41,0.0,54.3,3,Frozen,frozen foods,2022-03-11 03:00:00,40,3,4,0,0.7071067811865476,0.7071067811865476,0,2,0,0,0.7292437863564251,0.2517985611510791,Medium
,27.55,0.0,59.7,9,Bakery,bread and pastry,2022-03-11 04:00:00,48,4,4,0,0.8660254037844386,0.5000000000000001,0,0,1,0,0.6308831306187203,0.30935251798561153,Medium
,26.82,0.0,52.0,6,General,mixed baskets,2022-03-11 05:00:00,25,5,4,0,0.9659258262890683,0.25881904510252074,0,3,0,0,0.5922792173453199,0.14388489208633093,Low
,24.23,0.0,56.2,8,General,mixed baskets,2022-03-11 06:00:00,55,6,4,0,1.0,6.123233995736766e-17,0,3,0,0,0.4553146483342147,0.3597122302158273,Medium
,26.18,0.0,48.7,4,General,mixed baskets,2022-03-11 07:00:00,32,7,4,0,0.9659258262890683,-0.25881904510252063,0,3,0,0,0.558434690639873,0.19424460431654678,Low
,27.14,0.0,64.7,10,Produce,fresh fruit and veg,2022-03-11 08:00:00,38,8,4,0,0.8660254037844387,-0.4999999999999998,0,4,1,0,0.6092014806980434,0.23741007194244604,Low
,21.9,0.0,58.7,4,Produce,fresh fruit and veg,2022-03-11 09:00:00,23,9,4,0,0.7071067811865476,-0.7071067811865475,0,4,1,0,0.33209941829719714,0.12949640287769784,Low
,27.49,1.31,47.8,10,Frozen,frozen foods,2022-03-11 10:00:00,92,10,4,0,0.49999999999999994,-0.8660254037844387,0,2,0,1,0.6277102062400844,0.6258992805755396,Peak
,25.8,0.0,49.9,9,Bakery,bread and pastry,2022-03-11 11:00:00,92,11,4,0,0.258819045102521,-0.9659258262890682,0,0,1,0,0.538339502908514,0.6258992805755396,Peak
,29.29,0.0,64.3,13,Bakery,bread and pastry,2022-03-11 12:00:00,92,12,4,0,1.2246467991473532e-16,-1.0,0,0,1,0,0.7228979375991538,0.6258992805755396,Peak
,27.31,0.0,54.5,11,General,mixed baskets,2022-03-11 13:00:00,100,13,4,0,-0.2588190451025208,-0.9659258262890683,0,3,0,0,0.6181914331041776,0.6834532374100719,Peak
,25.18,0.0,36.1,5,Produce,fresh fruit and veg,2022-03-11 14:00:00,40,14,4,0,-0.4999999999999997,-0.8660254037844388,0,4,1,0,0.5055526176626123,0.2517985611510791,Medium
,25.76,0.0,51.6,5,Produce,fresh fruit and veg,2022-03-11 15:00:00,51,15,4,0,-0.7071067811865471,-0.7071067811865479,0,4,1,0,0.5362242199894236,0.33093525179856115,Medium
,27.23,0.0,50.7,5,General,mixed baskets,2022-03-11 16:00:00,34,16,4,0,-0.8660254037844385,-0.5000000000000004,0,3,0,0,0.6139608672659967,0.20863309352517986,Low
,25.99,0.0,33.3,8,General,mixed baskets,2022-03-11 17:00:00,63,17,4,0,-0.9659258262890683,-0.25881904510252063,0,3,0,0,0.5483870967741934,0.4172661870503597,High
,26.99,0.0,58.2,11,Frozen,frozen foods,2022-03-11 18:00:00,74,18,4,0,-1.0,-1.8369701987210297e-16,0,2,0,0,0.6012691697514541,0.49640287769784175,High
,23.84,0.0,65.5,9,Produce,fresh fruit and veg,2022-03-11 19:00:00,82,19,4,0,-0.9659258262890684,0.2588190451025203,0,4,1,0,0.434690639873083,0.5539568345323741,Peak
,22.5,0.78,52.6,11,Produce,fresh fruit and veg,2022-03-11 20:00:00,89,20,4,0,-0.8660254037844386,0.5000000000000001,0,4,1,1,0.36382866208355363,0.60431654676259,Peak
,24.19,0.0,47.5,10,General,mixed baskets,2022-03-11 21:00:00,49,21,4,0,-0.7071067811865477,0.7071067811865474,0,3,0,0,0.4531993654151243,0.31654676258992803,Medium
,22.05,0.0,52.7,8,General,mixed baskets,2022-03-11 22:00:00,18,22,4,0,-0.5000000000000004,0.8660254037844384,0,3,0,0,0.3400317292437864,0.09352517985611511,Low
,23.68,0.0,50.7,3,Produce,fresh fruit and veg,2022-03-11 23:00:00,44,23,4,0,-0.25881904510252157,0.9659258262890681,0,4,1,0,0.42622950819672123,0.2805755395683453,Medium
,26.56,0.0,53.8,3,Produce,fresh fruit and veg,2022-03-12 00:00:00,77,0,5,1,0.0,1.0,0,4,1,0,0.578529878371232,0.5179856115107914,High
,21.59,0.0,58.5,3,Dairy,milk and yogurt aisle,2022-03-12 01:00:00,60,1,5,1,0.25881904510252074,0.9659258262890683,0,1,1,0,0.3157059756742464,0.39568345323741005,High
,22.59,0.0,41.9,4,Frozen,frozen foods,2022-03-12 02:00:00,53,2,5,1,0.49999999999999994,0.8660254037844387,0,2,0,0,0.3685880486515071,0.34532374100719426,Medium
,27.51,0.0,51.7,3,General,mixed baskets,2022-03-12 03:00:00,63,3,5,1,0.7071067811865476,0.7071067811865476,0,3,0,0,0.6287678476996298,0.4172661870503597,High
,24.34,0.0,69.3,5,Dairy,milk and yogurt aisle,2022-03-12 04:00:00,53,4,5,1,0.8660254037844386,0.5000000000000001,0,1,1,0,0.4611316763617133,0.34532374100719426,Medium
,25.64,0.0,53.3,4,General,mixed baskets,2022-03-12 05:00:00,67,5,5,1,0.9659258262890683,0.25881904510252074,0,3,0,0,0.5298783712321523,0.4460431654676259,High
,22.58,0.0,55.2,6,Frozen,frozen foods,2022-03-12 06:00:00,59,6,5,1,1.0,6.123233995736766e-17,0,2,0,0,0.3680592279217344,0.38848920863309355,High
,23.06,0.0,57.0,7,Produce,fresh fruit and veg,2022-03-12 07:00:00,76,7,5,1,0.9659258262890683,-0.25881904510252063,0,4,1,0,0.39344262295081955,0.5107913669064749,High
,24.91,0.0,47.8,8,Bakery,bread and pastry,2022-03-12 08:00:00,65,8,5,1,0.8660254037844387,-0.4999999999999998,0,0,1,0,0.4912744579587519,0.4316546762589928,High
,29.75,0.0,43.3,8,Bakery,bread and pastry,2022-03-12 09:00:00,51,9,5,1,0.7071067811865476,-0.7071067811865475,0,0,1,0,0.7472236911686937,0.33093525179856115,Medium
,26.78,0.0,72.3,5,Produce,fresh fruit and veg,2022-03-12 10:00:00,122,10,5,1,0.49999999999999994,-0.8660254037844387,0,4,1,0,0.5901639344262295,0.841726618705036,Peak
,21.48,0.0,54.5,8,Produce,fresh fruit and veg,2022-03-12 11:00:00,126,11,5,1,0.258819045102521,-0.9659258262890682,0,4,1,0,0.30988894764674774,0.8705035971223022,Peak
,26.79,0.0,46.3,9,General,mixed baskets,2022-03-12 12:00:00,108,12,5,1,1.2246467991473532e-16,-1.0,0,3,0,0,0.590692755156002,0.7410071942446043,Peak
,27.98,0.0,61.2,8,Produce,fresh fruit and veg,2022-03-12 13:00:00,109,13,5,1,-0.2588190451025208,-0.9659258262890683,0,4,1,0,0.6536224219989423,0.7482014388489209,Peak
,27.4,5.76,68.3,12,Dairy,milk and yogurt aisle,2022-03-12 14:00:00,32,14,5,1,-0.4999999999999997,-0.8660254037844388,0,1,1,1,0.622950819672131,0.19424460431654678,Low
,22.61,1.79,52.3,11,Dairy,milk and yogurt aisle,2022-03-12 15:00:00,70,15,5,1,-0.7071067811865471,-0.7071067811865479,0,1,1,1,0.3696456901110523,0.4676258992805755,High
,25.5,0.0,50.2,11,General,mixed baskets,2022-03-12 16:00:00,52,16,5,1,-0.8660254037844385,-0.5000000000000004,0,3,0,0,0.5224748810153358,0.3381294964028777,Medium
,30.98,0.0,43.5,12,Produce,fresh fruit and veg,2022-03-12 17:00:00,69,17,5,1,-0.9659258262890683,-0.25881904510252063,0,4,1,0,0.8122686409307244,0.460431654676259,High
,23.33,0.0,46.2,5,Produce,fresh fruit and veg,2022-03-12 18:00:00,73,18,5,1,-1.0,-1.8369701987210297e-16,0,4,1,0,0.4077207826546799,0.4892086330935252,High
,26.5,0.0,61.3,7,Dairy,milk and yogurt aisle,2022-03-12 19:00:00,92,19,5,1,-0.9659258262890684,0.2588190451025203,0,1,1,0,0.5753569539925965,0.6258992805755396,Peak
,23.79,0.0,55.1,5,Dairy,milk and yogurt aisle,2022-03-12 20:00:00,104,20,5,1,-0.8660254037844386,0.5000000000000001,0,1,1,0,0.4320465362242199,0.7122302158273381,Peak
,22.49,0.71,54.2,9,Bakery,bread and pastry,2022-03-12 21:00:00,58,21,5,1,-0.7071067811865477,0.7071067811865474,0,0,1,1,0.36329984135378096,0.381294964028777,High
,24.59,0.0,64.5,8,Frozen,frozen foods,2022-03-12 22:00:00,65,22,5,1,-0.5000000000000004,0.8660254037844384,0,2,0,0,0.4743521946060285,0.4316546762589928,High
,28.25,0.0,59.8,6,General,mixed baskets,2022-03-12 23:00:00,46,23,5,1,-0.25881904510252157,0.9659258262890681,0,3,0,0,0.6679005817028026,0.2949640287769784,Medium
,28.61,0.0,51.0,10,Dairy,milk and yogurt aisle,2022-03-13 00:00:00,43,0,6,1,0.0,1.0,0,1,1,0,0.6869381279746165,0.2733812949640288,Medium
,23.51,0.11,42.9,7,Frozen,frozen foods,2022-03-13 01:00:00,70,1,6,1,0.25881904510252074,0.9659258262890683,0,2,0,1,0.417239555790587,0.4676258992805755,High
,24.53,0.0,50.0,11,Bakery,bread and pastry,2022-03-13 02:00:00,65,2,6,1,0.49999999999999994,0.8660254037844387,0,0,1,0,0.4711792702273929,0.4316546762589928,High
,23.49,1.62,69.2,6,Produce,fresh fruit and veg,2022-03-13 03:00:00,59,3,6,1,0.7071067811865476,0.7071067811865476,0,4,1,1,0.4161819143310417,0.38848920863309355,High
,20.52,0.43,48.1,9,General,mixed baskets,2022-03-13 04:00:00,75,4,6,1,0.8660254037844386,0.5000000000000001,0,3,0,1,0.25912215758857743,0.5035971223021583,High
,27.23,0.0,71.3,6,Frozen,frozen foods,2022-03-13 05:00:00,48,5,6,1,0.9659258262890683,0.25881904510252074,0,2,0,0,0.6139608672659967,0.30935251798561153,Medium
,29.61,0.0,52.5,8,Bakery,bread and pastry,2022-03-13 06:00:00,54,6,6,1,1.0,6.123233995736766e-17,0,0,1,0,0.7398202009518772,0.35251798561151076,Medium
,29.47,0.0,43.5,11,Bakery,bread and pastry,2022-03-13 07:00:00,72,7,6,1,0.9659258262890683,-0.25881904510252063,0,0,1,0,0.7324167107350606,0.48201438848920863,High
,24.55,0.0,50.6,10,Bakery,bread and pastry,2022-03-13 08:00:00,82,8,6,1,0.8660254037844387,-0.4999999999999998,0,0,1,0,0.4722369116869381,0.5539568345323741,Peak
,29.04,0.0,65.6,6,Frozen,frozen foods,2022-03-13 09:00:00,60,9,6,1,0.7071067811865476,-0.7071067811865475,0,2,0,0,0.7096774193548385,0.39568345323741005,High
,28.45,0.0,49.3,8,Dairy,milk and yogurt aisle,2022-03-13 10:00:00,135,10,6,1,0.49999999999999994,-0.8660254037844387,0,1,1,0,0.6784769962982548,0.935251798561151,Peak
,24.88,0.35,58.8,13,Frozen,frozen foods,2022-03-13 11:00:00,107,11,6,1,0.258819045102521,-0.9659258262890682,0,2,0,1,0.48968799576943406,0.7338129496402878,Peak
,24.81,0.0,49.8,13,Dairy,milk and yogurt aisle,2022-03-13 13:00:00,112,13,6,1,-0.2588190451025208,-0.9659258262890683,0,1,1,0,0.4859862506610258,0.7697841726618705,Peak
,26.33,1.83,68.1,8,Dairy,milk and yogurt aisle,2022-03-13 14:00:00,40,14,6,1,-0.4999999999999997,-0.8660254037844388,0,1,1,1,0.566367001586462,0.2517985611510791,Medium
,30.27,4.84,80.0,9,Frozen,frozen foods,2022-03-13 15:00:00,63,15,6,1,-0.7071067811865471,-0.7071067811865479,0,2,0,1,0.7747223691168692,0.4172661870503597,High
,23.42,0.0,60.5,5,General,mixed baskets,2022-03-13 16:00:00,71,16,6,1,-0.8660254037844385,-0.5000000000000004,0,3,0,0,0.4124801692226336,0.4748201438848921,High
,22.75,0.0,40.3,12,Dairy,milk and yogurt aisle,2022-03-13 17:00:00,93,17,6,1,-0.9659258262890683,-0.25881904510252063,0,1,1,0,0.3770491803278688,0.6330935251798561,Peak
,27.92,0.0,56.7,10,General,mixed baskets,2022-03-13 18:00:00,94,18,6,1,-1.0,-1.8369701987210297e-16,0,3,0,0,0.6504494976203067,0.6402877697841727,Peak
,25.89,0.0,60.1,10,Frozen,frozen foods,2022-03-13 19:00:00,111,19,6,1,-0.9659258262890684,0.2588190451025203,0,2,0,0,0.5430988894764675,0.762589928057554,Peak
,21.01,0.0,61.4,10,Dairy,milk and yogurt aisle,2022-03-13 20:00:00,80,20,6,1,-0.8660254037844386,0.5000000000000001,0,1,1,0,0.2850343733474353,0.539568345323741,Peak
,23.21,0.0,68.8,7,Dairy,milk and yogurt aisle,2022-03-13 21:00:00,42,21,6,1,-0.7071067811865477,0.7071067811865474,0,1,1,0,0.4013749338974088,0.26618705035971224,Medium
,23.67,0.0,56.7,4,Bakery,bread and pastry,2022-03-13 22:00:00,52,22,6,1,-0.5000000000000004,0.8660254037844384,0,0,1,0,0.4257006874669488,0.3381294964028777,Medium
,24.22,0.0,54.7,6,Bakery,bread and pastry,2022-03-13 23:00:00,45,23,6,1,-0.25881904510252157,0.9659258262890681,0,0,1,0,0.454785827604442,0.28776978417266186,Medium
,26.59,0.6,39.9,3,Frozen,frozen foods,2022-03-14 00:00:00,56,0,0,0,0.0,1.0,0,2,0,1,0.58011634056055,0.3669064748201439,High
,28.28,0.0,45.1,10,Produce,fresh fruit and veg,2022-03-14 01:00:00,43,1,0,0,0.25881904510252074,0.9659258262890683,0,4,1,0,0.6694870438921205,0.2733812949640288,Medium
,25.39,0.0,63.3,9,General,mixed baskets,2022-03-14 02:00:00,29,2,0,0,0.49999999999999994,0.8660254037844387,0,3,0,0,0.5166578529878371,0.17266187050359713,Low
,26.16,0.0,45.2,8,General,mixed baskets,2022-03-14 03:00:00,32,3,0,0,0.7071067811865476,0.7071067811865476,0,3,0,0,0.5573770491803278,0.19424460431654678,Low
,23.93,0.0,52.5,8,Frozen,frozen foods,2022-03-14 04:00:00,74,4,0,0,0.8660254037844386,0.5000000000000001,0,2,0,0,0.4394500264410364,0.49640287769784175,High
,28.35,0.0,41.0,8,Dairy,milk and yogurt aisle,2022-03-14 05:00:00,32,5,0,0,0.9659258262890683,0.25881904510252074,0,1,1,0,0.6731887890005288,0.19424460431654678,Low
,29.15,0.0,52.0,9,General,mixed baskets,2022-03-14 06:00:00,30,6,0,0,1.0,6.123233995736766e-17,0,3,0,0,0.7154944473823373,0.17985611510791366,Low
,25.14,0.0,44.6,5,General,mixed baskets,2022-03-14 07:00:00,43,7,0,0,0.9659258262890683,-0.25881904510252063,0,3,0,0,0.5034373347435219,0.2733812949640288,Medium
,23.95,0.0,58.0,5,Frozen,frozen foods,2022-03-14 08:00:00,55,8,0,0,0.8660254037844387,-0.4999999999999998,0,2,0,0,0.4405076679005816,0.3597122302158273,Medium
,30.98,1.0,56.7,3,Bakery,bread and pastry,2022-03-14 09:00:00,42,9,0,0,0.7071067811865476,-0.7071067811865475,0,0,1,1,0.8122686409307244,0.26618705035971224,Medium
,28.12,0.0,57.1,8,Dairy,milk and yogurt aisle,2022-03-14 10:00:00,84,10,0,0,0.49999999999999994,-0.8660254037844387,0,1,1,0,0.6610259122157588,0.5683453237410072,Peak
,23.57,0.0,42.1,13,Produce,fresh fruit and veg,2022-03-14 11:00:00,81,11,0,0,0.258819045102521,-0.9659258262890682,0,4,1,0,0.4204124801692226,0.5467625899280576,Peak
,21.57,0.0,52.7,11,Dairy,milk and yogurt aisle,2022-03-14 12:00:00,102,12,0,0,1.2246467991473532e-16,-1.0,0,1,1,0,0.31464833421470123,0.697841726618705,Peak
,25.07,0.0,61.0,9,Produce,fresh fruit and veg,2022-03-14 13:00:00,94,13,0,0,-0.2588190451025208,-0.9659258262890683,0,4,1,0,0.49973558963511366,0.6402877697841727,Peak
,28.8,0.0,29.1,13,General,mixed baskets,2022-03-14 14:00:00,20,14,0,0,-0.4999999999999997,-0.8660254037844388,0,3,0,0,0.6969857218402961,0.1079136690647482,Low
,24.44,0.0,49.4,13,General,mixed baskets,2022-03-14 15:00:00,54,15,0,0,-0.7071067811865471,-0.7071067811865479,0,3,0,0,0.4664198836594395,0.35251798561151076,Medium
,25.19,1.98,59.4,12,Dairy,milk and yogurt aisle,2022-03-14 16:00:00,49,16,0,0,-0.8660254037844385,-0.5000000000000004,0,1,1,1,0.506081438392385,0.31654676258992803,Medium
,24.58,0.0,60.7,10,Bakery,bread and pastry,2022-03-14 17:00:00,72,17,0,0,-0.9659258262890683,-0.25881904510252063,0,0,1,0,0.4738233738762558,0.48201438848920863,High
,27.44,0.0,59.0,8,General,mixed baskets,2022-03-14 18:00:00,71,18,0,0,-1.0,-1.8369701987210297e-16,0,3,0,0,0.6250661025912215,0.4748201438848921,High
,29.3,0.0,59.2,10,Produce,fresh fruit and veg,2022-03-14 19:00:00,77,19,0,0,-0.9659258262890684,0.2588190451025203,0,4,1,0,0.7234267583289264,0.5179856115107914,High
,22.66,0.0,56.9,11,Bakery,bread and pastry,2022-03-14 20:00:00,66,20,0,0,-0.8660254037844386,0.5000000000000001,0,0,1,0,0.3722897937599154,0.43884892086330934,High
,25.09,0.0,60.4,10,Produce,fresh fruit and veg,2022-03-14 21:00:00,23,21,0,0,-0.7071067811865477,0.7071067811865474,0,4,1,0,0.5007932310946589,0.12949640287769784,Low
,25.31,0.0,53.0,10,Bakery,bread and pastry,2022-03-14 22:00:00,43,22,0,0,-0.5000000000000004,0.8660254037844384,0,0,1,0,0.5124272871496561,0.2733812949640288,Medium
,24.26,0.0,53.4,11,Dairy,milk and yogurt aisle,2022-03-14 23:00:00,22,23,0,0,-0.25881904510252157,0.9659258262890681,0,1,1,0,0.45690111052353255,0.1223021582733813,Low
,22.86,0.3,45.9,10,General,mixed baskets,2022-03-15 00:00:00,44,0,1,0,0.0,1.0,0,3,0,1,0.38286620835536744,0.2805755395683453,Medium
,27.91,0.4,53.8,8,Dairy,milk and yogurt aisle,2022-03-15 01:00:00,22,1,1,0,0.25881904510252074,0.9659258262890683,0,1,1,1,0.649920676890534,0.1223021582733813,Low
,26.25,0.0,52.2,5,General,mixed baskets,2022-03-15 02:00:00,38,2,1,0,0.49999999999999994,0.8660254037844387,0,3,0,0,0.5621364357482813,0.23741007194244604,Low
,27.66,0.0,66.6,5,Produce,fresh fruit and veg,2022-03-15 03:00:00,38,3,1,0,0.7071067811865476,0.7071067811865476,0,4,1,0,0.6367001586462189,0.23741007194244604,Low
,29.65,0.69,47.5,7,Frozen,frozen foods,2022-03-15 04:00:00,61,4,1,0,0.8660254037844386,0.5000000000000001,0,2,0,1,0.7419354838709675,0.4028776978417266,High
,24.95,0.0,56.4,4,General,mixed baskets,2022-03-15 05:00:00,27,5,1,0,0.9659258262890683,0.25881904510252074,0,3,0,0,0.4933897408778423,0.15827338129496402,Low
,27.22,0.0,52.0,6,General,mixed baskets,2022-03-15 06:00:00,23,6,1,0,1.0,6.123233995736766e-17,0,3,0,0,0.6134320465362241,0.12949640287769784,Low
,24.85,0.0,54.7,3,Produce,fresh fruit and veg,2022-03-15 07:00:00,32,7,1,0,0.9659258262890683,-0.25881904510252063,0,4,1,0,0.4881015335801164,0.19424460431654678,Low
,25.64,0.0,62.9,3,Frozen,frozen foods,2022-03-15 08:00:00,26,8,1,0,0.8660254037844387,-0.4999999999999998,0,2,0,0,0.5298783712321523,0.1510791366906475,Low
,26.7,2.21,60.5,3,Produce,fresh fruit and veg,2022-03-15 09:00:00,32,9,1,0,0.7071067811865476,-0.7071067811865475,0,4,1,1,0.5859333685880486,0.19424460431654678,Low
,25.46,0.0,47.0,8,Dairy,milk and yogurt aisle,2022-03-15 10:00:00,100,10,1,0,0.49999999999999994,-0.8660254037844387,0,1,1,0,0.5203595980962453,0.6834532374100719,Peak
,22.09,0.0,55.2,10,Frozen,frozen foods,2022-03-15 11:00:00,104,11,1,0,0.258819045102521,-0.9659258262890682,0,2,0,0,0.34214701216287674,0.7122302158273381,Peak
,29.64,0.0,62.1,6,Bakery,bread and pastry,2022-03-15 12:00:00,114,12,1,0,1.2246467991473532e-16,-1.0,0,0,1,0,0.7414066631411951,0.7841726618705036,Peak
,26.24,0.0,57.0,12,General,mixed baskets,2022-03-15 13:00:00,86,13,1,0,-0.2588190451025208,-0.9659258262890683,0,3,0,0,0.5616076150185085,0.5827338129496403,Peak
,23.0,0.0,60.0,12,Produce,fresh fruit and veg,2022-03-15 14:00:00,71,14,1,0,-0.4999999999999997,-0.8660254037844388,0,4,1,0,0.390269698572184,0.4748201438848921,High
,20.34,0.0,43.6,5,Dairy,milk and yogurt aisle,2022-03-15 15:00:00,63,15,1,0,-0.7071067811865471,-0.7071067811865479,0,1,1,0,0.24960338445267052,0.4172661870503597,High
,25.81,0.0,61.9,5,Bakery,bread and pastry,2022-03-15 16:00:00,37,16,1,0,-0.8660254037844385,-0.5000000000000004,0,0,1,0,0.5388683236382865,0.2302158273381295,Low
,27.5,0.0,50.7,9,Dairy,milk and yogurt aisle,2022-03-15 17:00:00,47,17,1,0,-0.9659258262890683,-0.25881904510252063,0,1,1,0,0.6282390269698571,0.302158273381295,Medium
,28.4,0.0,44.9,7,General,mixed baskets,2022-03-15 18:00:00,74,18,1,0,-1.0,-1.8369701987210297e-16,0,3,0,0,0.6758328926493917,0.49640287769784175,High
,28.67,0.0,57.1,6,Dairy,milk and yogurt aisle,2022-03-15 19:00:00,75,19,1,0,-0.9659258262890684,0.2588190451025203,0,1,1,0,0.6901110523532522,0.5035971223021583,High
,24.92,0.0,43.2,13,General,mixed baskets,2022-03-15 20:00:00,47,20,1,0,-0.8660254037844386,0.5000000000000001,0,3,0,0,0.49180327868852464,0.302158273381295,Medium
,27.48,0.0,56.7,6,Dairy,milk and yogurt aisle,2022-03-15 21:00:00,40,21,1,0,-0.7071067811865477,0.7071067811865474,0,1,1,0,0.627181385510312,0.2517985611510791,Medium
,22.01,0.0,67.2,4,Dairy,milk and yogurt aisle,2022-03-15 22:00:00,37,22,1,0,-0.5000000000000004,0.8660254037844384,0,1,1,0,0.337916446324696,0.2302158273381295,Low
,26.25,0.0,50.2,6,General,mixed baskets,2022-03-15 23:00:00,30,23,1,0,-0.25881904510252157,0.9659258262890681,0,3,0,0,0.5621364357482813,0.17985611510791366,Low
,28.2,0.0,47.5,7,General,mixed baskets,2022-03-16 00:00:00,47,0,2,0,0.0,1.0,0,3,0,0,0.6652564780539396,0.302158273381295,Medium
,24.38,0.0,63.4,6,Dairy,milk and yogurt aisle,2022-03-16 01:00:00,52,1,2,0,0.25881904510252074,0.9659258262890683,0,1,1,0,0.4632469592808037,0.3381294964028777,Medium
,25.51,0.0,59.8,9,Dairy,milk and yogurt aisle,2022-03-16 02:00:00,34,2,2,0,0.49999999999999994,0.8660254037844387,0,1,1,0,0.5230037017451085,0.20863309352517986,Low
,26.18,0.0,61.5,9,Dairy,milk and yogurt aisle,2022-03-16 03:00:00,42,3,2,0,0.7071067811865476,0.7071067811865476,0,1,1,0,0.558434690639873,0.26618705035971224,Medium
,26.26,0.0,39.4,3,Bakery,bread and pastry,2022-03-16 04:00:00,32,4,2,0,0.8660254037844386,0.5000000000000001,0,0,1,0,0.562665256478054,0.19424460431654678,Low
,29.64,0.0,47.9,11,General,mixed baskets,2022-03-16 05:00:00,30,5,2,0,0.9659258262890683,0.25881904510252074,0,3,0,0,0.7414066631411951,0.17985611510791366,Low
,23.21,4.95,84.2,4,Bakery,bread and pastry,2022-03-16 06:00:00,40,6,2,0,1.0,6.123233995736766e-17,0,0,1,1,0.4013749338974088,0.2517985611510791,Medium
,29.26,0.0,48.1,7,Dairy,milk and yogurt aisle,2022-03-16 07:00:00,46,7,2,0,0.9659258262890683,-0.25881904510252063,0,1,1,0,0.7213114754098361,0.2949640287769784,Medium
,22.79,0.14,51.4,9,Frozen,frozen foods,2022-03-16 08:00:00,33,8,2,0,0.8660254037844387,-0.4999999999999998,0,2,0,1,0.3791644632469592,0.2014388489208633,Low
,24.24,0.0,55.6,7,General,mixed baskets,2022-03-16 09:00:00,13,9,2,0,0.7071067811865476,-0.7071067811865475,0,3,0,0,0.4558434690639872,0.05755395683453238,Low
,23.97,0.0,56.3,9,Produce,fresh fruit and veg,2022-03-16 10:00:00,102,10,2,0,0.49999999999999994,-0.8660254037844387,0,4,1,0,0.44156530936012683,0.697841726618705,Peak
,25.69,0.0,53.1,13,General,mixed baskets,2022-03-16 11:00:00,75,11,2,0,0.258819045102521,-0.9659258262890682,0,3,0,0,0.5325224748810153,0.5035971223021583,High
,24.67,0.0,33.8,6,Produce,fresh fruit and veg,2022-03-16 12:00:00,96,12,2,0,1.2246467991473532e-16,-1.0,0,4,1,0,0.47858276044420944,0.6546762589928058,Peak
,27.12,3.37,69.1,8,Bakery,bread and pastry,2022-03-16 13:00:00,116,13,2,0,-0.2588190451025208,-0.9659258262890683,0,0,1,1,0.6081438392384981,0.7985611510791367,Peak
,25.94,0.0,45.3,7,General,mixed baskets,2022-03-16 14:00:00,39,14,2,0,-0.4999999999999997,-0.8660254037844388,0,3,0,0,0.5457429931253305,0.2446043165467626,Low
,31.42,0.0,62.2,8,Produce,fresh fruit and veg,2022-03-16 15:00:00,25,15,2,0,-0.7071067811865471,-0.7071067811865479,0,4,1,0,0.8355367530407192,0.14388489208633093,Low
,26.88,0.0,64.5,6,Frozen,frozen foods,2022-03-16 16:00:00,22,16,2,0,-0.8660254037844385,-0.5000000000000004,0,2,0,0,0.5954521417239554,0.1223021582733813,Low
,25.28,0.0,45.8,6,General,mixed baskets,2022-03-16 17:00:00,89,17,2,0,-0.9659258262890683,-0.25881904510252063,0,3,0,0,0.5108408249603384,0.60431654676259,Peak
,26.85,6.25,74.4,9,Dairy,milk and yogurt aisle,2022-03-16 18:00:00,74,18,2,0,-1.0,-1.8369701987210297e-16,0,1,1,1,0.5938656795346378,0.49640287769784175,High
,27.41,0.0,67.6,8,General,mixed baskets,2022-03-16 19:00:00,81,19,2,0,-0.9659258262890684,0.2588190451025203,0,3,0,0,0.6234796404019037,0.5467625899280576,Peak
,25.44,0.0,68.3,7,Dairy,milk and yogurt aisle,2022-03-16 20:00:00,86,20,2,0,-0.8660254037844386,0.5000000000000001,0,1,1,0,0.5193019566367002,0.5827338129496403,Peak
,23.13,0.0,62.3,10,Produce,fresh fruit and veg,2022-03-16 21:00:00,39,21,2,0,-0.7071067811865477,0.7071067811865474,0,4,1,0,0.3971443680592278,0.2446043165467626,Low
,23.9,0.0,50.6,10,Produce,fresh fruit and veg,2022-03-16 22:00:00,36,22,2,0,-0.5000000000000004,0.8660254037844384,0,4,1,0,0.4378635642517186,0.22302158273381295,Low
,26.36,0.0,58.0,9,Produce,fresh fruit and veg,2022-03-16 23:00:00,28,23,2,0,-0.25881904510252157,0.9659258262890681,0,4,1,0,0.5679534637757799,0.16546762589928057,Low
St Patricks Deal,28.04,1.24,50.9,10,General,mixed baskets,2022-03-17 00:00:00,5,0,3,0,0.0,1.0,1,3,0,1,0.6567953463775779,0.0,Low
St Patricks Deal,27.16,0.0,66.7,3,Bakery,bread and pastry,2022-03-17 01:00:00,21,1,3,0,0.25881904510252074,0.9659258262890683,1,0,1,0,0.6102591221575885,0.11510791366906475,Low
St Patricks Deal,25.73,0.0,57.6,10,General,mixed baskets,2022-03-17 02:00:00,39,2,3,0,0.49999999999999994,0.8660254037844387,1,3,0,0,0.5346377578001057,0.2446043165467626,Low
St Patricks Deal,27.36,0.0,65.9,3,Produce,fresh fruit and veg,2022-03-17 03:00:00,37,3,3,0,0.7071067811865476,0.7071067811865476,1,4,1,0,0.6208355367530406,0.2302158273381295,Low
St Patricks Deal,24.72,0.0,34.7,10,Produce,fresh fruit and veg,2022-03-17 04:00:00,44,4,3,0,0.8660254037844386,0.5000000000000001,1,4,1,0,0.48122686409307236,0.2805755395683453,Medium
St Patricks Deal,26.6,0.62,52.1,4,Produce,fresh fruit and veg,2022-03-17 05:00:00,38,5,3,0,0.9659258262890683,0.25881904510252074,1,4,1,1,0.5806451612903226,0.23741007194244604,Low
St Patricks Deal,29.51,0.0,50.6,8,Frozen,frozen foods,2022-03-17 06:00:00,41,6,3,0,1.0,6.123233995736766e-17,1,2,0,0,0.7345319936541512,0.2589928057553957,Medium
St Patricks Deal,28.74,0.0,51.5,4,Dairy,milk and yogurt aisle,2022-03-17 07:00:00,49,7,3,0,0.9659258262890683,-0.25881904510252063,1,1,1,0,0.6938127974616604,0.31654676258992803,Medium
St Patricks Deal,29.34,0.0,44.7,6,Dairy,milk and yogurt aisle,2022-03-17 08:00:00,29,8,3,0,0.8660254037844387,-0.4999999999999998,1,1,1,0,0.7255420412480168,0.17266187050359713,Low
St Patricks Deal,25.02,0.0,58.4,3,Dairy,milk and yogurt aisle,2022-03-17 09:00:00,36,9,3,0,0.7071067811865476,-0.7071067811865475,1,1,1,0,0.4970914859862506,0.22302158273381295,Low
St Patricks Deal,26.46,0.0,47.7,5,Frozen,frozen foods,2022-03-17 10:00:00,75,10,3,0,0.49999999999999994,-0.8660254037844387,1,2,0,0,0.5732416710735061,0.5035971223021583,High
St Patricks Deal,23.42,0.14,70.0,8,Dairy,milk and yogurt aisle,2022-03-17 11:00:00,106,11,3,0,0.258819045102521,-0.9659258262890682,1,1,1,1,0.4124801692226336,0.7266187050359713,Peak
St Patricks Deal,28.25,0.0,51.7,13,General,mixed baskets,2022-03-17 12:00:00,95,12,3,0,1.2246467991473532e-16,-1.0,1,3,0,0,0.6679005817028026,0.6474820143884892,Peak
St Patricks Deal,24.88,0.89,53.6,5,Dairy,milk and yogurt aisle,2022-03-17 13:00:00,100,13,3,0,-0.2588190451025208,-0.9659258262890683,1,1,1,1,0.48968799576943406,0.6834532374100719,Peak
St Patricks Deal,22.65,0.0,49.0,11,Produce,fresh fruit and veg,2022-03-17 14:00:00,58,14,3,0,-0.4999999999999997,-0.8660254037844388,1,4,1,0,0.37176097303014266,0.381294964028777,High
St Patricks Deal,24.7,0.0,59.4,9,General,mixed baskets,2022-03-17 15:00:00,52,15,3,0,-0.7071067811865471,-0.7071067811865479,1,3,0,0,0.4801692226335271,0.3381294964028777,Medium
St Patricks Deal,26.58,0.0,57.4,7,Produce,fresh fruit and veg,2022-03-17 16:00:00,39,16,3,0,-0.8660254037844385,-0.5000000000000004,1,4,1,0,0.5795875198307772,0.2446043165467626,Low
St Patricks Deal,20.42,0.0,47.0,11,Produce,fresh fruit and veg,2022-03-17 17:00:00,84,17,3,0,-0.9659258262890683,-0.25881904510252063,1,4,1,0,0.2538339502908515,0.5683453237410072,Peak
St Patricks Deal,22.4,0.0,30.6,11,Produce,fresh fruit and veg,2022-03-17 18:00:00,57,18,3,0,-1.0,-1.8369701987210297e-16,1,4,1,0,0.3585404547858275,0.37410071942446044,High
St Patricks Deal,28.41,0.0,51.8,10,Produce,fresh fruit and veg,2022-03-17 19:00:00,80,19,3,0,-0.9659258262890684,0.2588190451025203,1,4,1,0,0.6763617133791644,0.539568345323741,Peak
St Patricks Deal,26.18,0.0,48.0,7,General,mixed baskets,2022-03-17 20:00:00,76,20,3,0,-0.8660254037844386,0.5000000000000001,1,3,0,0,0.558434690639873,0.5107913669064749,High
St Patricks Deal,25.83,0.0,54.7,10,General,mixed baskets,2022-03-17 21:00:00,20,21,3,0,-0.7071067811865477,0.7071067811865474,1,3,0,0,0.5399259650978316,0.1079136690647482,Low
St Patricks Deal,21.92,0.0,47.7,6,General,mixed baskets,2022-03-17 22:00:00,56,22,3,0,-0.5000000000000004,0.8660254037844384,1,3,0,0,0.33315705975674254,0.3669064748201439,High
St Patricks Deal,29.9,0.0,57.1,4,Produce,fresh fruit and veg,2022-03-17 23:00:00,31,23,3,0,-0.25881904510252157,0.9659258262890681,1,4,1,0,0.7551560021152828,0.18705035971223022,Low
,28.54,0.0,45.5,10,Frozen,frozen foods,2022-03-18 00:00:00,48,0,4,0,0.0,1.0,0,2,0,0,0.6832363828662082,0.30935251798561153,Medium
,27.73,0.82,59.2,6,General,mixed baskets,2022-03-18 01:00:00,34,1,4,0,0.25881904510252074,0.9659258262890683,0,3,0,1,0.6404019037546271,0.20863309352517986,Low
,23.19,2.18,59.4,8,Produce,fresh fruit and veg,2022-03-18 02:00:00,51,2,4,0,0.49999999999999994,0.8660254037844387,0,4,1,1,0.40031729243786357,0.33093525179856115,Medium
,27.42,0.0,62.3,4,General,mixed baskets,2022-03-18 03:00:00,55,3,4,0,0.7071067811865476,0.7071067811865476,0,3,0,0,0.6240084611316764,0.3597122302158273,Medium
,28.83,0.0,53.6,3,Dairy,milk and yogurt aisle,2022-03-18 04:00:00,30,4,4,0,0.8660254037844386,0.5000000000000001,0,1,1,0,0.6985721840296137,0.17985611510791366,Low
,25.15,0.0,59.7,3,Bakery,bread and pastry,2022-03-18 05:00:00,21,5,4,0,0.9659258262890683,0.25881904510252074,0,0,1,0,0.5039661554732944,0.11510791366906475,Low
,25.35,0.0,52.3,9,General,mixed baskets,2022-03-18 06:00:00,38,6,4,0,1.0,6.123233995736766e-17,0,3,0,0,0.5145425700687467,0.23741007194244604,Low
,24.79,0.0,53.1,8,Frozen,frozen foods,2022-03-18 07:00:00,50,7,4,0,0.9659258262890683,-0.25881904510252063,0,2,0,0,0.4849286092014806,0.3237410071942446,Medium
,27.47,0.0,49.2,8,Dairy,milk and yogurt aisle,2022-03-18 08:00:00,35,8,4,0,0.8660254037844387,-0.4999999999999998,0,1,1,0,0.6266525647805392,0.2158273381294964,Low
,25.38,0.0,44.4,6,Produce,fresh fruit and veg,2022-03-18 09:00:00,32,9,4,0,0.7071067811865476,-0.7071067811865475,0,4,1,0,0.5161290322580644,0.19424460431654678,Low
,25.18,0.0,56.2,8,Dairy,milk and yogurt aisle,2022-03-18 10:00:00,100,10,4,0,0.49999999999999994,-0.8660254037844387,0,1,1,0,0.5055526176626123,0.6834532374100719,Peak
,22.33,0.0,54.5,12,Dairy,milk and yogurt aisle,2022-03-18 11:00:00,61,11,4,0,0.258819045102521,-0.9659258262890682,0,1,1,0,0.35483870967741926,0.4028776978417266,High
,21.81,0.0,67.3,13,Bakery,bread and pastry,2022-03-18 12:00:00,87,12,4,0,1.2246467991473532e-16,-1.0,0,0,1,0,0.3273400317292437,0.5899280575539568,Peak
,28.31,0.0,58.4,13,Dairy,milk and yogurt aisle,2022-03-18 13:00:00,78,13,4,0,-0.2588190451025208,-0.9659258262890683,0,1,1,0,0.6710735060814382,0.5251798561151079,High
,29.91,0.0,69.6,7,Produce,fresh fruit and veg,2022-03-18 14:00:00,43,14,4,0,-0.4999999999999997,-0.8660254037844388,0,4,1,0,0.7556848228450554,0.2733812949640288,Medium
,28.13,0.0,70.3,5,General,mixed baskets,2022-03-18 15:00:00,31,15,4,0,-0.7071067811865471,-0.7071067811865479,0,3,0,0,0.6615547329455314,0.18705035971223022,Low
,29.51,0.0,56.9,10,Dairy,milk and yogurt aisle,2022-03-18 16:00:00,26,16,4,0,-0.8660254037844385,-0.5000000000000004,0,1,1,0,0.7345319936541512,0.1510791366906475,Low
,24.62,0.0,46.7,12,Frozen,frozen foods,2022-03-18 17:00:00,70,17,4,0,-0.9659258262890683,-0.25881904510252063,0,2,0,0,0.47593865679534636,0.4676258992805755,High
,25.84,0.0,53.0,10,Bakery,bread and pastry,2022-03-18 18:00:00,57,18,4,0,-1.0,-1.8369701987210297e-16,0,0,1,0,0.5404547858276044,0.37410071942446044,High
,26.9,0.0,63.0,10,Produce,fresh fruit and veg,2022-03-18 19:00:00,74,19,4,0,-0.9659258262890684,0.2588190451025203,0,4,1,0,0.5965097831835007,0.49640287769784175,High
,25.55,2.86,63.0,11,General,mixed baskets,2022-03-18 20:00:00,66,20,4,0,-0.8660254037844386,0.5000000000000001,0,3,0,1,0.5251189846641988,0.43884892086330934,High
,30.14,0.0,63.6,9,Dairy,milk and yogurt aisle,2022-03-18 21:00:00,35,21,4,0,-0.7071067811865477,0.7071067811865474,0,1,1,0,0.7678476996298255,0.2158273381294964,Low
,22.64,0.0,52.0,11,Bakery,bread and pastry,2022-03-18 22:00:00,31,22,4,0,-0.5000000000000004,0.8660254037844384,0,0,1,0,0.37123215230037016,0.18705035971223022,Low
,24.53,0.0,55.7,4,Dairy,milk and yogurt aisle,2022-03-18 23:00:00,50,23,4,0,-0.25881904510252157,0.9659258262890681,0,1,1,0,0.4711792702273929,0.3237410071942446,Medium
,25.12,0.0,62.3,4,General,mixed baskets,2022-03-19 00:00:00,58,0,5,1,0.0,1.0,0,3,0,0,0.5023796932839767,0.381294964028777,High
,24.22,0.0,60.2,6,Bakery,bread and pastry,2022-03-19 01:00:00,66,1,5,1,0.25881904510252074,0.9659258262890683,0,0,1,0,0.454785827604442,0.43884892086330934,High
,28.1,0.74,59.8,6,General,mixed baskets,2022-03-19 02:00:00,65,2,5,1,0.49999999999999994,0.8660254037844387,0,3,0,1,0.6599682707562137,0.4316546762589928,High
,21.0,0.91,59.7,6,Produce,fresh fruit and veg,2022-03-19 03:00:00,50,3,5,1,0.7071067811865476,0.7071067811865476,0,4,1,1,0.2845055526176626,0.3237410071942446,Medium
,28.83,0.0,59.6,3,General,mixed baskets,2022-03-19 04:00:00,66,4,5,1,0.8660254037844386,0.5000000000000001,0,3,0,0,0.6985721840296137,0.43884892086330934,High
,28.25,0.0,54.3,10,Produce,fresh fruit and veg,2022-03-19 05:00:00,64,5,5,1,0.9659258262890683,0.25881904510252074,0,4,1,0,0.6679005817028026,0.4244604316546763,High
,26.78,2.38,70.1,8,Dairy,milk and yogurt aisle,2022-03-19 06:00:00,63,6,5,1,1.0,6.123233995736766e-17,0,1,1,1,0.5901639344262295,0.4172661870503597,High
,29.48,0.0,50.3,6,Bakery,bread and pastry,2022-03-19 07:00:00,55,7,5,1,0.9659258262890683,-0.25881904510252063,0,0,1,0,0.7329455314648333,0.3597122302158273,Medium
,31.87,2.21,85.8,8,General,mixed baskets,2022-03-19 08:00:00,54,8,5,1,0.8660254037844387,-0.4999999999999998,0,3,0,1,0.8593336858804863,0.35251798561151076,Medium
,26.45,0.0,56.9,8,Bakery,bread and pastry,2022-03-19 09:00:00,69,9,5,1,0.7071067811865476,-0.7071067811865475,0,0,1,0,0.5727128503437333,0.460431654676259,High
,27.82,0.0,48.4,13,General,mixed baskets,2022-03-19 10:00:00,141,10,5,1,0.49999999999999994,-0.8660254037844387,0,3,0,0,0.6451612903225806,0.9784172661870504,Peak
,26.98,0.0,42.1,11,Frozen,frozen foods,2022-03-19 11:00:00,105,11,5,1,0.258819045102521,-0.9659258262890682,0,2,0,0,0.6007403490216816,0.7194244604316546,Peak
,27.31,1.78,53.1,7,General,mixed baskets,2022-03-19 12:00:00,121,12,5,1,1.2246467991473532e-16,-1.0,0,3,0,1,0.6181914331041776,0.8345323741007195,Peak
,24.74,0.0,58.2,13,General,mixed baskets,2022-03-19 13:00:00,110,13,5,1,-0.2588190451025208,-0.9659258262890683,0,3,0,0,0.48228450555261754,0.7553956834532374,Peak
,24.21,0.0,51.1,8,Bakery,bread and pastry,2022-03-19 14:00:00,69,14,5,1,-0.4999999999999997,-0.8660254037844388,0,0,1,0,0.45425700687466947,0.460431654676259,High
,27.54,0.0,64.3,11,Produce,fresh fruit and veg,2022-03-19 15:00:00,65,15,5,1,-0.7071067811865471,-0.7071067811865479,0,4,1,0,0.6303543098889475,0.4316546762589928,High
,24.71,0.0,52.2,8,General,mixed baskets,2022-03-19 16:00:00,72,16,5,1,-0.8660254037844385,-0.5000000000000004,0,3,0,0,0.48069804336329985,0.48201438848920863,High
,28.35,0.0,46.6,9,Dairy,milk and yogurt aisle,2022-03-19 17:00:00,61,17,5,1,-0.9659258262890683,-0.25881904510252063,0,1,1,0,0.6731887890005288,0.4028776978417266,High
,28.01,0.0,52.4,10,Dairy,milk and yogurt aisle,2022-03-19 18:00:00,87,18,5,1,-1.0,-1.8369701987210297e-16,0,1,1,0,0.6552088841882602,0.5899280575539568,Peak
,24.91,0.0,50.6,5,Produce,fresh fruit and veg,2022-03-19 19:00:00,83,19,5,1,-0.9659258262890684,0.2588190451025203,0,4,1,0,0.4912744579587519,0.5611510791366906,Peak
,26.94,1.15,56.8,5,General,mixed baskets,2022-03-19 20:00:00,93,20,5,1,-0.8660254037844386,0.5000000000000001,0,3,0,1,0.5986250661025913,0.6330935251798561,Peak
,26.23,0.84,48.3,7,General,mixed baskets,2022-03-19 21:00:00,51,21,5,1,-0.7071067811865477,0.7071067811865474,0,3,0,1,0.5610787942887361,0.33093525179856115,Medium
,25.69,0.94,56.6,5,Bakery,bread and pastry,2022-03-19 22:00:00,52,22,5,1,-0.5000000000000004,0.8660254037844384,0,0,1,1,0.5325224748810153,0.3381294964028777,Medium
,28.87,0.0,39.9,11,Produce,fresh fruit and veg,2022-03-19 23:00:00,68,23,5,1,-0.25881904510252157,0.9659258262890681,0,4,1,0,0.7006874669487043,0.45323741007194246,High
,26.17,0.0,56.0,6,General,mixed baskets,2022-03-20 00:00:00,82,0,6,1,0.0,1.0,0,3,0,0,0.5579058699101005,0.5539568345323741,Peak
,26.65,0.0,53.8,4,Produce,fresh fruit and veg,2022-03-20 01:00:00,26,1,6,1,0.25881904510252074,0.9659258262890683,0,4,1,0,0.5832892649391854,0.1510791366906475,Low
,21.22,0.0,53.7,4,Bakery,bread and pastry,2022-03-20 02:00:00,56,2,6,1,0.49999999999999994,0.8660254037844387,0,0,1,0,0.29613960867265987,0.3669064748201439,High
,27.56,0.0,48.4,7,Produce,fresh fruit and veg,2022-03-20 03:00:00,63,3,6,1,0.7071067811865476,0.7071067811865476,0,4,1,0,0.6314119513484927,0.4172661870503597,High
,22.48,0.0,54.5,8,General,mixed baskets,2022-03-20 04:00:00,60,4,6,1,0.8660254037844386,0.5000000000000001,0,3,0,0,0.36277102062400846,0.39568345323741005,High
,25.11,0.0,56.5,8,Bakery,bread and pastry,2022-03-20 05:00:00,55,5,6,1,0.9659258262890683,0.25881904510252074,0,0,1,0,0.501850872554204,0.3597122302158273,Medium
,30.09,0.0,41.0,3,Produce,fresh fruit and veg,2022-03-20 06:00:00,43,6,6,1,1.0,6.123233995736766e-17,0,4,1,0,0.7652035959809623,0.2733812949640288,Medium
,30.53,0.0,62.7,11,Produce,fresh fruit and veg,2022-03-20 07:00:00,48,7,6,1,0.9659258262890683,-0.25881904510252063,0,4,1,0,0.7884717080909571,0.30935251798561153,Medium
,25.1,0.0,53.7,9,Produce,fresh fruit and veg,2022-03-20 08:00:00,68,8,6,1,0.8660254037844387,-0.4999999999999998,0,4,1,0,0.5013220518244316,0.45323741007194246,High
,22.94,0.0,58.8,4,Frozen,frozen foods,2022-03-20 09:00:00,72,9,6,1,0.7071067811865476,-0.7071067811865475,0,2,0,0,0.38709677419354843,0.48201438848920863,High
,27.07,0.0,67.1,13,Bakery,bread and pastry,2022-03-20 10:00:00,116,10,6,1,0.49999999999999994,-0.8660254037844387,0,0,1,0,0.6054997355896351,0.7985611510791367,Peak
,25.08,0.0,45.1,9,Produce,fresh fruit and veg,2022-03-20 11:00:00,104,11,6,1,0.258819045102521,-0.9659258262890682,0,4,1,0,0.5002644103648861,0.7122302158273381,Peak
,26.93,0.0,47.0,7,Produce,fresh fruit and veg,2022-03-20 12:00:00,116,12,6,1,1.2246467991473532e-16,-1.0,0,4,1,0,0.5980962453728185,0.7985611510791367,Peak
,22.72,0.0,47.3,5,General,mixed baskets,2022-03-20 13:00:00,112,13,6,1,-0.2588190451025208,-0.9659258262890683,0,3,0,0,0.3754627181385509,0.7697841726618705,Peak
,28.88,0.0,55.3,12,General,mixed baskets,2022-03-20 14:00:00,66,14,6,1,-0.4999999999999997,-0.8660254037844388,0,3,0,0,0.7012162876784769,0.43884892086330934,High
,29.95,0.0,46.9,13,Bakery,bread and pastry,2022-03-20 15:00:00,61,15,6,1,-0.7071067811865471,-0.7071067811865479,0,0,1,0,0.7578001057641458,0.4028776978417266,High
,22.47,0.65,50.0,6,Produce,fresh fruit and veg,2022-03-20 16:00:00,52,16,6,1,-0.8660254037844385,-0.5000000000000004,0,4,1,1,0.3622421998942358,0.3381294964028777,Medium
,24.16,0.0,68.9,12,Produce,fresh fruit and veg,2022-03-20 17:00:00,97,17,6,1,-0.9659258262890683,-0.25881904510252063,0,4,1,0,0.45161290322580644,0.6618705035971223,Peak
,24.34,0.0,53.0,8,Produce,fresh fruit and veg,2022-03-20 18:00:00,80,18,6,1,-1.0,-1.8369701987210297e-16,0,4,1,0,0.4611316763617133,0.539568345323741,Peak
,27.91,0.0,58.3,13,General,mixed baskets,2022-03-20 19:00:00,104,19,6,1,-0.9659258262890684,0.2588190451025203,0,3,0,0,0.649920676890534,0.7122302158273381,Peak
,21.17,2.23,69.8,8,General,mixed baskets,2022-03-20 20:00:00,109,20,6,1,-0.8660254037844386,0.5000000000000001,0,3,0,1,0.293495505023797,0.7482014388489209,Peak
,26.6,0.13,67.1,8,Produce,fresh fruit and veg,2022-03-20 21:00:00,45,21,6,1,-0.7071067811865477,0.7071067811865474,0,4,1,1,0.5806451612903226,0.28776978417266186,Medium
,25.51,0.68,45.6,10,Bakery,bread and pastry,2022-03-20 22:00:00,65,22,6,1,-0.5000000000000004,0.8660254037844384,0,0,1,1,0.5230037017451085,0.4316546762589928,High
,24.11,0.0,58.2,5,Bakery,bread and pastry,2022-03-20 23:00:00,48,23,6,1,-0.25881904510252157,0.9659258262890681,0,0,1,0,0.44896879957694336,0.30935251798561153,Medium
,27.87,0.0,61.2,6,General,mixed baskets,2022-03-21 00:00:00,52,0,0,0,0.0,1.0,0,3,0,0,0.6478053939714437,0.3381294964028777,Medium
,21.24,0.0,64.0,3,General,mixed baskets,2022-03-21 01:00:00,50,1,0,0,0.25881904510252074,0.9659258262890683,0,3,0,0,0.2971972501322051,0.3237410071942446,Medium
,22.69,0.0,49.7,11,General,mixed baskets,2022-03-21 02:00:00,37,2,0,0,0.49999999999999994,0.8660254037844387,0,3,0,0,0.37387625594923324,0.2302158273381295,Low
,24.16,0.0,51.6,3,General,mixed baskets,2022-03-21 03:00:00,51,3,0,0,0.7071067811865476,0.7071067811865476,0,3,0,0,0.45161290322580644,0.33093525179856115,Medium
,27.89,0.0,56.6,5,Frozen,frozen foods,2022-03-21 04:00:00,34,4,0,0,0.8660254037844386,0.5000000000000001,0,2,0,0,0.6488630354309889,0.20863309352517986,Low
,25.25,0.0,55.5,10,General,mixed baskets,2022-03-21 05:00:00,32,5,0,0,0.9659258262890683,0.25881904510252074,0,3,0,0,0.5092543627710205,0.19424460431654678,Low
,24.05,0.0,52.5,7,Bakery,bread and pastry,2022-03-21 06:00:00,33,6,0,0,1.0,6.123233995736766e-17,0,0,1,0,0.44579587519830777,0.2014388489208633,Low
,27.32,0.78,52.5,7,Produce,fresh fruit and veg,2022-03-21 07:00:00,38,7,0,0,0.9659258262890683,-0.25881904510252063,0,4,1,1,0.6187202538339502,0.23741007194244604,Low
,24.92,0.0,54.1,9,Produce,fresh fruit and veg,2022-03-21 08:00:00,36,8,0,0,0.8660254037844387,-0.4999999999999998,0,4,1,0,0.49180327868852464,0.22302158273381295,Low
,24.51,0.0,52.8,8,General,mixed baskets,2022-03-21 09:00:00,41,9,0,0,0.7071067811865476,-0.7071067811865475,0,3,0,0,0.47012162876784774,0.2589928057553957,Medium
,25.37,0.73,59.3,10,Dairy,milk and yogurt aisle,2022-03-21 10:00:00,87,10,0,0,0.49999999999999994,-0.8660254037844387,0,1,1,1,0.5156002115282919,0.5899280575539568,Peak
,26.97,2.73,58.3,11,Bakery,bread and pastry,2022-03-21 11:00:00,104,11,0,0,0.258819045102521,-0.9659258262890682,0,0,1,1,0.6002115282919089,0.7122302158273381,Peak
,32.86,0.0,46.9,11,General,mixed baskets,2022-03-21 12:00:00,107,12,0,0,1.2246467991473532e-16,-1.0,0,3,0,0,0.9116869381279745,0.7338129496402878,Peak
,23.41,0.0,51.4,12,General,mixed baskets,2022-03-21 13:00:00,89,13,0,0,-0.2588190451025208,-0.9659258262890683,0,3,0,0,0.4119513484928609,0.60431654676259,Peak
,26.82,0.0,53.4,9,Bakery,bread and pastry,2022-03-21 14:00:00,22,14,0,0,-0.4999999999999997,-0.8660254037844388,0,0,1,0,0.5922792173453199,0.1223021582733813,Low
,25.75,0.0,63.6,13,General,mixed baskets,2022-03-21 15:00:00,48,15,0,0,-0.7071067811865471,-0.7071067811865479,0,3,0,0,0.5356953992596509,0.30935251798561153,Medium
,25.49,0.0,51.9,9,Bakery,bread and pastry,2022-03-21 16:00:00,53,16,0,0,-0.8660254037844385,-0.5000000000000004,0,0,1,0,0.521946060285563,0.34532374100719426,Medium
,29.94,0.0,38.2,8,General,mixed baskets,2022-03-21 17:00:00,73,17,0,0,-0.9659258262890683,-0.25881904510252063,0,3,0,0,0.7572712850343734,0.4892086330935252,High
,28.08,0.0,72.7,12,Produce,fresh fruit and veg,2022-03-21 18:00:00,59,18,0,0,-1.0,-1.8369701987210297e-16,0,4,1,0,0.6589106292966682,0.38848920863309355,High
,27.82,0.0,64.8,10,Bakery,bread and pastry,2022-03-21 19:00:00,78,19,0,0,-0.9659258262890684,0.2588190451025203,0,0,1,0,0.6451612903225806,0.5251798561151079,High
,25.02,0.0,59.8,8,General,mixed baskets,2022-03-21 20:00:00,93,20,0,0,-0.8660254037844386,0.5000000000000001,0,3,0,0,0.4970914859862506,0.6330935251798561,Peak
,24.04,0.0,59.0,10,Frozen,frozen foods,2022-03-21 21:00:00,17,21,0,0,-0.7071067811865477,0.7071067811865474,0,2,0,0,0.4452670544685351,0.08633093525179857,Low
,26.89,0.47,56.9,11,Dairy,milk and yogurt aisle,2022-03-21 22:00:00,45,22,0,0,-0.5000000000000004,0.8660254037844384,0,1,1,1,0.5959809624537281,0.28776978417266186,Medium
,25.45,5.3,85.1,7,Frozen,frozen foods,2022-03-21 23:00:00,36,23,0,0,-0.25881904510252157,0.9659258262890681,0,2,0,1,0.5198307773664727,0.22302158273381295,Low
,24.75,0.0,45.3,9,Produce,fresh fruit and veg,2022-03-22 00:00:00,29,0,1,0,0.0,1.0,0,4,1,0,0.4828133262823902,0.17266187050359713,Low
,27.86,0.0,61.2,11,General,mixed baskets,2022-03-22 01:00:00,45,1,1,0,0.25881904510252074,0.9659258262890683,0,3,0,0,0.647276573241671,0.28776978417266186,Medium
,23.18,0.0,61.2,10,Frozen,frozen foods,2022-03-22 02:00:00,24,2,1,0,0.49999999999999994,0.8660254037844387,0,2,0,0,0.3997884717080909,0.1366906474820144,Low
,24.38,0.0,74.3,3,Dairy,milk and yogurt aisle,2022-03-22 03:00:00,43,3,1,0,0.7071067811865476,0.7071067811865476,0,1,1,0,0.4632469592808037,0.2733812949640288,Medium
,28.16,0.0,54.5,7,General,mixed baskets,2022-03-22 04:00:00,55,4,1,0,0.8660254037844386,0.5000000000000001,0,3,0,0,0.6631411951348493,0.3597122302158273,Medium
,25.99,0.0,67.5,3,General,mixed baskets,2022-03-22 05:00:00,42,5,1,0,0.9659258262890683,0.25881904510252074,0,3,0,0,0.5483870967741934,0.26618705035971224,Medium
,27.87,0.0,58.7,9,Dairy,milk and yogurt aisle,2022-03-22 06:00:00,29,6,1,0,1.0,6.123233995736766e-17,0,1,1,0,0.6478053939714437,0.17266187050359713,Low
,24.07,0.0,47.2,10,Dairy,milk and yogurt aisle,2022-03-22 07:00:00,18,7,1,0,0.9659258262890683,-0.25881904510252063,0,1,1,0,0.44685351665785294,0.09352517985611511,Low
,27.96,0.0,46.3,4,Produce,fresh fruit and veg,2022-03-22 08:00:00,24,8,1,0,0.8660254037844387,-0.4999999999999998,0,4,1,0,0.6525647805393971,0.1366906474820144,Low
,24.43,0.0,64.9,9,General,mixed baskets,2022-03-22 09:00:00,17,9,1,0,0.7071067811865476,-0.7071067811865475,0,3,0,0,0.46589106292966675,0.08633093525179857,Low
,29.59,0.13,46.1,6,Produce,fresh fruit and veg,2022-03-22 10:00:00,114,10,1,0,0.49999999999999994,-0.8660254037844387,0,4,1,1,0.7387625594923319,0.7841726618705036,Peak
,28.19,0.0,52.9,11,Bakery,bread and pastry,2022-03-22 11:00:00,92,11,1,0,0.258819045102521,-0.9659258262890682,0,0,1,0,0.664727657324167,0.6258992805755396,Peak
,27.37,0.0,68.7,13,Bakery,bread and pastry,2022-03-22 12:00:00,82,12,1,0,1.2246467991473532e-16,-1.0,0,0,1,0,0.6213643574828133,0.5539568345323741,Peak
,30.05,0.0,47.6,12,Dairy,milk and yogurt aisle,2022-03-22 13:00:00,79,13,1,0,-0.2588190451025208,-0.9659258262890683,0,1,1,0,0.763088313061872,0.5323741007194245,Peak
,27.09,0.0,59.8,5,General,mixed baskets,2022-03-22 14:00:00,27,14,1,0,-0.4999999999999997,-0.8660254037844388,0,3,0,0,0.6065573770491802,0.15827338129496402,Low
,24.64,0.0,70.9,9,General,mixed baskets,2022-03-22 15:00:00,35,15,1,0,-0.7071067811865471,-0.7071067811865479,0,3,0,0,0.4769962982548916,0.2158273381294964,Low
,30.1,0.0,67.7,7,Produce,fresh fruit and veg,2022-03-22 16:00:00,24,16,1,0,-0.8660254037844385,-0.5000000000000004,0,4,1,0,0.765732416710735,0.1366906474820144,Low
,27.09,0.0,61.7,9,Frozen,frozen foods,2022-03-22 17:00:00,95,17,1,0,-0.9659258262890683,-0.25881904510252063,0,2,0,0,0.6065573770491802,0.6474820143884892,Peak
,29.27,0.0,49.4,13,Produce,fresh fruit and veg,2022-03-22 18:00:00,66,18,1,0,-1.0,-1.8369701987210297e-16,0,4,1,0,0.7218402961396085,0.43884892086330934,High
,26.61,0.0,70.0,13,Dairy,milk and yogurt aisle,2022-03-22 19:00:00,65,19,1,0,-0.9659258262890684,0.2588190451025203,0,1,1,0,0.5811739820200951,0.4316546762589928,High
,29.14,0.0,59.4,11,Bakery,bread and pastry,2022-03-22 20:00:00,78,20,1,0,-0.8660254037844386,0.5000000000000001,0,0,1,0,0.7149656266525647,0.5251798561151079,High
,24.08,0.0,55.8,11,Produce,fresh fruit and veg,2022-03-22 21:00:00,57,21,1,0,-0.7071067811865477,0.7071067811865474,0,4,1,0,0.44738233738762545,0.37410071942446044,High
,23.08,0.0,46.5,4,Produce,fresh fruit and veg,2022-03-22 22:00:00,55,22,1,0,-0.5000000000000004,0.8660254037844384,0,4,1,0,0.3945002644103648,0.3597122302158273,Medium
,22.73,0.0,37.8,3,Frozen,frozen foods,2022-03-22 23:00:00,34,23,1,0,-0.25881904510252157,0.9659258262890681,0,2,0,0,0.37599153886832365,0.20863309352517986,Low
,28.17,0.0,58.4,9,General,mixed baskets,2022-03-23 00:00:00,43,0,2,0,0.0,1.0,0,3,0,0,0.6636700158646219,0.2733812949640288,Medium
,21.36,0.0,51.6,8,General,mixed baskets,2022-03-23 01:00:00,41,1,2,0,0.25881904510252074,0.9659258262890683,0,3,0,0,0.3035430988894764,0.2589928057553957,Medium
,21.82,0.0,41.5,5,Dairy,milk and yogurt aisle,2022-03-23 02:00:00,46,2,2,0,0.49999999999999994,0.8660254037844387,0,1,1,0,0.32786885245901637,0.2949640287769784,Medium
,22.73,0.77,64.9,11,General,mixed baskets,2022-03-23 03:00:00,43,3,2,0,0.7071067811865476,0.7071067811865476,0,3,0,1,0.37599153886832365,0.2733812949640288,Medium
,26.85,0.58,59.0,6,Produce,fresh fruit and veg,2022-03-23 04:00:00,28,4,2,0,0.8660254037844386,0.5000000000000001,0,4,1,1,0.5938656795346378,0.16546762589928057,Low
,27.37,0.0,50.4,5,Dairy,milk and yogurt aisle,2022-03-23 05:00:00,24,5,2,0,0.9659258262890683,0.25881904510252074,0,1,1,0,0.6213643574828133,0.1366906474820144,Low
,24.24,0.25,52.7,10,Dairy,milk and yogurt aisle,2022-03-23 06:00:00,42,6,2,0,1.0,6.123233995736766e-17,0,1,1,1,0.4558434690639872,0.26618705035971224,Medium
,28.25,0.0,59.8,7,Dairy,milk and yogurt aisle,2022-03-23 07:00:00,25,7,2,0,0.9659258262890683,-0.25881904510252063,0,1,1,0,0.6679005817028026,0.14388489208633093,Low
,27.08,0.0,59.5,11,General,mixed baskets,2022-03-23 08:00:00,56,8,2,0,0.8660254037844387,-0.4999999999999998,0,3,0,0,0.6060285563194076,0.3669064748201439,High
,29.31,0.0,48.0,3,General,mixed baskets,2022-03-23 09:00:00,40,9,2,0,0.7071067811865476,-0.7071067811865475,0,3,0,0,0.7239555790586989,0.2517985611510791,Medium
,28.64,5.92,80.4,11,Dairy,milk and yogurt aisle,2022-03-23 10:00:00,82,10,2,0,0.49999999999999994,-0.8660254037844387,0,1,1,1,0.6885245901639344,0.5539568345323741,Peak
,24.57,0.0,53.7,11,Frozen,frozen foods,2022-03-23 11:00:00,91,11,2,0,0.258819045102521,-0.9659258262890682,0,2,0,0,0.47329455314648333,0.6187050359712231,Peak
,26.79,0.0,47.2,6,General,mixed baskets,2022-03-23 12:00:00,88,12,2,0,1.2246467991473532e-16,-1.0,0,3,0,0,0.590692755156002,0.5971223021582733,Peak
,25.88,0.0,54.3,6,Frozen,frozen foods,2022-03-23 13:00:00,93,13,2,0,-0.2588190451025208,-0.9659258262890683,0,2,0,0,0.5425700687466948,0.6330935251798561,Peak
,27.45,0.0,55.6,13,Dairy,milk and yogurt aisle,2022-03-23 14:00:00,51,14,2,0,-0.4999999999999997,-0.8660254037844388,0,1,1,0,0.6255949233209941,0.33093525179856115,Medium
,26.8,0.0,64.7,11,General,mixed baskets,2022-03-23 15:00:00,22,15,2,0,-0.7071067811865471,-0.7071067811865479,0,3,0,0,0.5912215758857747,0.1223021582733813,Low
,26.36,0.0,60.8,5,Produce,fresh fruit and veg,2022-03-23 16:00:00,17,16,2,0,-0.8660254037844385,-0.5000000000000004,0,4,1,0,0.5679534637757799,0.08633093525179857,Low
,28.07,0.0,37.2,13,Frozen,frozen foods,2022-03-23 17:00:00,79,17,2,0,-0.9659258262890683,-0.25881904510252063,0,2,0,0,0.6583818085668958,0.5323741007194245,Peak
,26.45,0.0,45.4,9,General,mixed baskets,2022-03-23 18:00:00,72,18,2,0,-1.0,-1.8369701987210297e-16,0,3,0,0,0.5727128503437333,0.48201438848920863,High
,28.13,0.0,61.7,9,Dairy,milk and yogurt aisle,2022-03-23 19:00:00,76,19,2,0,-0.9659258262890684,0.2588190451025203,0,1,1,0,0.6615547329455314,0.5107913669064749,High
,26.39,0.0,57.5,5,Dairy,milk and yogurt aisle,2022-03-23 20:00:00,80,20,2,0,-0.8660254037844386,0.5000000000000001,0,1,1,0,0.5695399259650978,0.539568345323741,Peak
,25.91,0.0,47.6,7,Produce,fresh fruit and veg,2022-03-23 21:00:00,37,21,2,0,-0.7071067811865477,0.7071067811865474,0,4,1,0,0.5441565309360127,0.2302158273381295,Low
,28.61,0.0,51.2,3,Dairy,milk and yogurt aisle,2022-03-23 22:00:00,49,22,2,0,-0.5000000000000004,0.8660254037844384,0,1,1,0,0.6869381279746165,0.31654676258992803,Medium
,28.68,0.0,68.3,7,Produce,fresh fruit and veg,2022-03-23 23:00:00,29,23,2,0,-0.25881904510252157,0.9659258262890681,0,4,1,0,0.6906398730830248,0.17266187050359713,Low
,29.42,0.0,36.2,11,Produce,fresh fruit and veg,2022-03-24 00:00:00,40,0,3,0,0.0,1.0,0,4,1,0,0.7297726070861977,0.2517985611510791,Medium
,27.9,0.0,65.3,6,Frozen,frozen foods,2022-03-24 01:00:00,30,1,3,0,0.25881904510252074,0.9659258262890683,0,2,0,0,0.6493918561607613,0.17985611510791366,Low
,25.8,0.0,63.9,3,Bakery,bread and pastry,2022-03-24 02:00:00,26,2,3,0,0.49999999999999994,0.8660254037844387,0,0,1,0,0.538339502908514,0.1510791366906475,Low
,26.8,2.68,58.5,5,Frozen,frozen foods,2022-03-24 03:00:00,47,3,3,0,0.7071067811865476,0.7071067811865476,0,2,0,1,0.5912215758857747,0.302158273381295,Medium
,26.72,0.0,53.1,4,General,mixed baskets,2022-03-24 04:00:00,46,4,3,0,0.8660254037844386,0.5000000000000001,0,3,0,0,0.5869910100475937,0.2949640287769784,Medium
,21.94,0.0,58.2,8,Bakery,bread and pastry,2022-03-24 05:00:00,16,5,3,0,0.9659258262890683,0.25881904510252074,0,0,1,0,0.3342147012162877,0.07913669064748201,Low
,23.53,1.56,60.6,11,General,mixed baskets,2022-03-24 06:00:00,26,6,3,0,1.0,6.123233995736766e-17,0,3,0,1,0.4182971972501322,0.1510791366906475,Low
,30.14,0.0,58.7,6,Dairy,milk and yogurt aisle,2022-03-24 07:00:00,43,7,3,0,0.9659258262890683,-0.25881904510252063,0,1,1,0,0.7678476996298255,0.2733812949640288,Medium
,26.18,0.0,64.9,9,Frozen,frozen foods,2022-03-24 08:00:00,52,8,3,0,0.8660254037844387,-0.4999999999999998,0,2,0,0,0.558434690639873,0.3381294964028777,Medium
,19.21,0.0,50.2,7,Dairy,milk and yogurt aisle,2022-03-24 09:00:00,32,9,3,0,0.7071067811865476,-0.7071067811865475,0,1,1,0,0.18984664198836598,0.19424460431654678,Low
,26.03,0.0,55.3,7,Frozen,frozen foods,2022-03-24 10:00:00,92,10,3,0,0.49999999999999994,-0.8660254037844387,0,2,0,0,0.550502379693284,0.6258992805755396,Peak
,26.73,0.0,59.0,12,Bakery,bread and pastry,2022-03-24 11:00:00,78,11,3,0,0.258819045102521,-0.9659258262890682,0,0,1,0,0.5875198307773665,0.5251798561151079,High
,23.26,0.0,51.8,13,General,mixed baskets,2022-03-24 12:00:00,125,12,3,0,1.2246467991473532e-16,-1.0,0,3,0,0,0.4040190375462719,0.8633093525179856,Peak
,32.0,0.0,55.0,10,Produce,fresh fruit and veg,2022-03-24 13:00:00,100,13,3,0,-0.2588190451025208,-0.9659258262890683,0,4,1,0,0.8662083553675304,0.6834532374100719,Peak
,29.13,0.6,68.8,9,Bakery,bread and pastry,2022-03-24 14:00:00,50,14,3,0,-0.4999999999999997,-0.8660254037844388,0,0,1,1,0.714436805922792,0.3237410071942446,Medium
,28.35,0.0,38.9,6,Dairy,milk and yogurt aisle,2022-03-24 15:00:00,47,15,3,0,-0.7071067811865471,-0.7071067811865479,0,1,1,0,0.6731887890005288,0.302158273381295,Medium
,25.85,0.0,57.6,12,General,mixed baskets,2022-03-24 16:00:00,51,16,3,0,-0.8660254037844385,-0.5000000000000004,0,3,0,0,0.5409836065573771,0.33093525179856115,Medium
,27.53,0.0,51.0,6,Produce,fresh fruit and veg,2022-03-24 17:00:00,82,17,3,0,-0.9659258262890683,-0.25881904510252063,0,4,1,0,0.629825489159175,0.5539568345323741,Peak
,28.43,0.0,46.1,6,Produce,fresh fruit and veg,2022-03-24 18:00:00,70,18,3,0,-1.0,-1.8369701987210297e-16,0,4,1,0,0.6774193548387095,0.4676258992805755,High
,27.51,0.0,53.4,9,Bakery,bread and pastry,2022-03-24 19:00:00,83,19,3,0,-0.9659258262890684,0.2588190451025203,0,0,1,0,0.6287678476996298,0.5611510791366906,Peak
,24.65,0.0,58.3,10,General,mixed baskets,2022-03-24 20:00:00,75,20,3,0,-0.8660254037844386,0.5000000000000001,0,3,0,0,0.4775251189846641,0.5035971223021583,High
,26.79,0.0,61.9,5,General,mixed baskets,2022-03-24 21:00:00,55,21,3,0,-0.7071067811865477,0.7071067811865474,0,3,0,0,0.590692755156002,0.3597122302158273,Medium
,26.65,0.63,51.1,3,General,mixed baskets,2022-03-24 22:00:00,31,22,3,0,-0.5000000000000004,0.8660254037844384,0,3,0,1,0.5832892649391854,0.18705035971223022,Low
,27.04,1.16,64.0,8,General,mixed baskets,2022-03-24 23:00:00,33,23,3,0,-0.25881904510252157,0.9659258262890681,0,3,0,1,0.6039132734003172,0.2014388489208633,Low
,23.74,0.0,67.0,5,General,mixed baskets,2022-03-25 00:00:00,47,0,4,0,0.0,1.0,0,3,0,0,0.4294024325753568,0.302158273381295,Medium
,26.99,0.0,56.8,5,Produce,fresh fruit and veg,2022-03-25 01:00:00,55,1,4,0,0.25881904510252074,0.9659258262890683,0,4,1,0,0.6012691697514541,0.3597122302158273,Medium
,26.33,0.0,61.1,11,General,mixed baskets,2022-03-25 02:00:00,41,2,4,0,0.49999999999999994,0.8660254037844387,0,3,0,0,0.566367001586462,0.2589928057553957,Medium
,26.91,0.0,59.1,7,General,mixed baskets,2022-03-25 03:00:00,31,3,4,0,0.7071067811865476,0.7071067811865476,0,3,0,0,0.5970386039132733,0.18705035971223022,Low
,26.82,0.0,60.6,9,Bakery,bread and pastry,2022-03-25 04:00:00,38,4,4,0,0.8660254037844386,0.5000000000000001,0,0,1,0,0.5922792173453199,0.23741007194244604,Low
,22.73,0.0,47.7,9,General,mixed baskets,2022-03-25 05:00:00,34,5,4,0,0.9659258262890683,0.25881904510252074,0,3,0,0,0.37599153886832365,0.20863309352517986,Low
,28.45,0.0,65.1,6,General,mixed baskets,2022-03-25 06:00:00,62,6,4,0,1.0,6.123233995736766e-17,0,3,0,0,0.6784769962982548,0.41007194244604317,High
,28.18,0.0,59.1,6,General,mixed baskets,2022-03-25 07:00:00,50,7,4,0,0.9659258262890683,-0.25881904510252063,0,3,0,0,0.6641988365943944,0.3237410071942446,Medium
,22.96,0.0,70.1,8,Dairy,milk and yogurt aisle,2022-03-25 08:00:00,55,8,4,0,0.8660254037844387,-0.4999999999999998,0,1,1,0,0.3881544156530936,0.3597122302158273,Medium
,26.07,0.0,61.9,10,Dairy,milk and yogurt aisle,2022-03-25 09:00:00,43,9,4,0,0.7071067811865476,-0.7071067811865475,0,1,1,0,0.5526176626123743,0.2733812949640288,Medium
,24.18,0.0,48.4,12,General,mixed baskets,2022-03-25 10:00:00,88,10,4,0,0.49999999999999994,-0.8660254037844387,0,3,0,0,0.4526705446853516,0.5971223021582733,Peak
,25.17,0.0,64.8,11,Produce,fresh fruit and veg,2022-03-25 11:00:00,109,11,4,0,0.258819045102521,-0.9659258262890682,0,4,1,0,0.5050237969328398,0.7482014388489209,Peak
,28.79,0.37,67.5,6,Frozen,frozen foods,2022-03-25 12:00:00,114,12,4,0,1.2246467991473532e-16,-1.0,0,2,0,1,0.6964569011105234,0.7841726618705036,Peak
,27.61,0.34,64.9,13,Frozen,frozen foods,2022-03-25 13:00:00,101,13,4,0,-0.2588190451025208,-0.9659258262890683,0,2,0,1,0.6340560549973557,0.6906474820143885,Peak
,31.22,0.0,53.1,6,Frozen,frozen foods,2022-03-25 14:00:00,39,14,4,0,-0.4999999999999997,-0.8660254037844388,0,2,0,0,0.8249603384452668,0.2446043165467626,Low
,26.51,0.0,52.1,11,Dairy,milk and yogurt aisle,2022-03-25 15:00:00,52,15,4,0,-0.7071067811865471,-0.7071067811865479,0,1,1,0,0.5758857747223691,0.3381294964028777,Medium
,23.48,0.32,67.2,11,Frozen,frozen foods,2022-03-25 16:00:00,35,16,4,0,-0.8660254037844385,-0.5000000000000004,0,2,0,1,0.4156530936012692,0.2158273381294964,Low
,26.55,0.0,49.2,10,Bakery,bread and pastry,2022-03-25 17:00:00,84,17,4,0,-0.9659258262890683,-0.25881904510252063,0,0,1,0,0.5780010576414595,0.5683453237410072,Peak
,20.18,0.0,62.5,6,General,mixed baskets,2022-03-25 18:00:00,66,18,4,0,-1.0,-1.8369701987210297e-16,0,3,0,0,0.24114225277630882,0.43884892086330934,High
,30.7,0.0,56.5,7,General,mixed baskets,2022-03-25 19:00:00,63,19,4,0,-0.9659258262890684,0.2588190451025203,0,3,0,0,0.7974616604970913,0.4172661870503597,High
,26.9,0.0,50.2,5,Dairy,milk and yogurt aisle,2022-03-25 20:00:00,81,20,4,0,-0.8660254037844386,0.5000000000000001,0,1,1,0,0.5965097831835007,0.5467625899280576,Peak
,27.35,0.0,52.5,8,General,mixed baskets,2022-03-25 21:00:00,44,21,4,0,-0.7071067811865477,0.7071067811865474,0,3,0,0,0.6203067160232681,0.2805755395683453,Medium
,26.61,0.0,51.2,10,Bakery,bread and pastry,2022-03-25 22:00:00,62,22,4,0,-0.5000000000000004,0.8660254037844384,0,0,1,0,0.5811739820200951,0.41007194244604317,High
,24.1,6.57,79.3,4,General,mixed baskets,2022-03-25 23:00:00,36,23,4,0,-0.25881904510252157,0.9659258262890681,0,3,0,1,0.44843997884717085,0.22302158273381295,Low
,25.94,0.0,50.1,3,Dairy,milk and yogurt aisle,2022-03-26 00:00:00,60,0,5,1,0.0,1.0,0,1,1,0,0.5457429931253305,0.39568345323741005,High
,24.27,0.0,54.8,10,Frozen,frozen foods,2022-03-26 01:00:00,46,1,5,1,0.25881904510252074,0.9659258262890683,0,2,0,0,0.45742993125330506,0.2949640287769784,Medium
,24.95,0.0,53.6,3,Produce,fresh fruit and veg,2022-03-26 02:00:00,37,2,5,1,0.49999999999999994,0.8660254037844387,0,4,1,0,0.4933897408778423,0.2302158273381295,Low
,27.04,0.0,58.6,11,Produce,fresh fruit and veg,2022-03-26 03:00:00,38,3,5,1,0.7071067811865476,0.7071067811865476,0,4,1,0,0.6039132734003172,0.23741007194244604,Low
,23.2,0.0,63.6,3,Frozen,frozen foods,2022-03-26 04:00:00,65,4,5,1,0.8660254037844386,0.5000000000000001,0,2,0,0,0.4008461131676361,0.4316546762589928,High
,30.28,0.0,43.6,6,Produce,fresh fruit and veg,2022-03-26 05:00:00,45,5,5,1,0.9659258262890683,0.25881904510252074,0,4,1,0,0.775251189846642,0.28776978417266186,Medium
,23.53,0.49,60.3,5,Dairy,milk and yogurt aisle,2022-03-26 06:00:00,73,6,5,1,1.0,6.123233995736766e-17,0,1,1,1,0.4182971972501322,0.4892086330935252,High
,28.24,0.0,49.9,5,Produce,fresh fruit and veg,2022-03-26 07:00:00,77,7,5,1,0.9659258262890683,-0.25881904510252063,0,4,1,0,0.66737176097303,0.5179856115107914,High
,24.57,0.0,53.8,11,Dairy,milk and yogurt aisle,2022-03-26 08:00:00,56,8,5,1,0.8660254037844387,-0.4999999999999998,0,1,1,0,0.47329455314648333,0.3669064748201439,High
,23.06,0.0,54.4,5,Bakery,bread and pastry,2022-03-26 09:00:00,79,9,5,1,0.7071067811865476,-0.7071067811865475,0,0,1,0,0.39344262295081955,0.5323741007194245,Peak
,27.1,0.0,68.0,9,Frozen,frozen foods,2022-03-26 10:00:00,117,10,5,1,0.49999999999999994,-0.8660254037844387,0,2,0,0,0.6070861977789529,0.8057553956834532,Peak
,26.55,0.0,67.6,11,Dairy,milk and yogurt aisle,2022-03-26 11:00:00,128,11,5,1,0.258819045102521,-0.9659258262890682,0,1,1,0,0.5780010576414595,0.8848920863309353,Peak
,25.56,0.0,53.5,10,Produce,fresh fruit and veg,2022-03-26 12:00:00,112,12,5,1,1.2246467991473532e-16,-1.0,0,4,1,0,0.5256478053939713,0.7697841726618705,Peak
,25.97,0.0,53.5,11,General,mixed baskets,2022-03-26 13:00:00,126,13,5,1,-0.2588190451025208,-0.9659258262890683,0,3,0,0,0.5473294553146482,0.8705035971223022,Peak
,24.55,0.91,69.8,6,General,mixed baskets,2022-03-26 14:00:00,48,14,5,1,-0.4999999999999997,-0.8660254037844388,0,3,0,1,0.4722369116869381,0.30935251798561153,Medium
,27.15,0.0,59.6,13,Frozen,frozen foods,2022-03-26 15:00:00,67,15,5,1,-0.7071067811865471,-0.7071067811865479,0,2,0,0,0.6097303014278158,0.4460431654676259,High
,24.89,0.0,70.5,5,Bakery,bread and pastry,2022-03-26 16:00:00,54,16,5,1,-0.8660254037844385,-0.5000000000000004,0,0,1,0,0.49021681649920673,0.35251798561151076,Medium
,26.13,0.0,49.9,11,Produce,fresh fruit and veg,2022-03-26 17:00:00,93,17,5,1,-0.9659258262890683,-0.25881904510252063,0,4,1,0,0.5557905869910099,0.6330935251798561,Peak
,28.83,0.0,64.6,9,Dairy,milk and yogurt aisle,2022-03-26 18:00:00,102,18,5,1,-1.0,-1.8369701987210297e-16,0,1,1,0,0.6985721840296137,0.697841726618705,Peak
,22.77,0.0,51.5,6,Bakery,bread and pastry,2022-03-26 19:00:00,97,19,5,1,-0.9659258262890684,0.2588190451025203,0,0,1,0,0.378106821787414,0.6618705035971223,Peak
,24.63,0.0,32.1,8,General,mixed baskets,2022-03-26 20:00:00,94,20,5,1,-0.8660254037844386,0.5000000000000001,0,3,0,0,0.47646747752511887,0.6402877697841727,Peak
,24.36,0.0,61.5,4,General,mixed baskets,2022-03-26 21:00:00,68,21,5,1,-0.7071067811865477,0.7071067811865474,0,3,0,0,0.4621893178212585,0.45323741007194246,High
,24.06,0.0,47.8,10,General,mixed baskets,2022-03-26 22:00:00,69,22,5,1,-0.5000000000000004,0.8660254037844384,0,3,0,0,0.4463246959280803,0.460431654676259,High
,22.68,0.0,61.2,5,Produce,fresh fruit and veg,2022-03-26 23:00:00,43,23,5,1,-0.25881904510252157,0.9659258262890681,0,4,1,0,0.37334743521946057,0.2733812949640288,Medium
,25.36,0.0,53.0,7,General,mixed baskets,2022-03-27 00:00:00,66,0,6,1,0.0,1.0,0,3,0,0,0.5150713907985192,0.43884892086330934,High
,26.41,0.0,65.4,10,Frozen,frozen foods,2022-03-27 01:00:00,68,1,6,1,0.25881904510252074,0.9659258262890683,0,2,0,0,0.570597567424643,0.45323741007194246,High
,25.74,0.0,44.5,3,Dairy,milk and yogurt aisle,2022-03-27 02:00:00,50,2,6,1,0.49999999999999994,0.8660254037844387,0,1,1,0,0.5351665785298783,0.3237410071942446,Medium
,22.05,0.0,42.9,4,Produce,fresh fruit and veg,2022-03-27 03:00:00,64,3,6,1,0.7071067811865476,0.7071067811865476,0,4,1,0,0.3400317292437864,0.4244604316546763,High
,27.7,0.0,67.4,8,General,mixed baskets,2022-03-27 04:00:00,44,4,6,1,0.8660254037844386,0.5000000000000001,0,3,0,0,0.6388154415653092,0.2805755395683453,Medium
,27.76,0.0,64.2,7,Dairy,milk and yogurt aisle,2022-03-27 05:00:00,77,5,6,1,0.9659258262890683,0.25881904510252074,0,1,1,0,0.641988365943945,0.5179856115107914,High
,26.19,0.0,56.3,11,Dairy,milk and yogurt aisle,2022-03-27 06:00:00,57,6,6,1,1.0,6.123233995736766e-17,0,1,1,0,0.5589635113696457,0.37410071942446044,High
,23.52,0.0,42.4,6,General,mixed baskets,2022-03-27 07:00:00,59,7,6,1,0.9659258262890683,-0.25881904510252063,0,3,0,0,0.41776837652035953,0.38848920863309355,High
,23.87,0.0,62.3,10,Dairy,milk and yogurt aisle,2022-03-27 08:00:00,74,8,6,1,0.8660254037844387,-0.4999999999999998,0,1,1,0,0.43627710206240083,0.49640287769784175,High
,30.84,0.0,75.1,9,Produce,fresh fruit and veg,2022-03-27 09:00:00,58,9,6,1,0.7071067811865476,-0.7071067811865475,0,4,1,0,0.8048651507139079,0.381294964028777,High
,30.27,0.0,52.5,12,Frozen,frozen foods,2022-03-27 10:00:00,122,10,6,1,0.49999999999999994,-0.8660254037844387,0,2,0,0,0.7747223691168692,0.841726618705036,Peak
,27.17,0.0,52.2,13,Produce,fresh fruit and veg,2022-03-27 11:00:00,102,11,6,1,0.258819045102521,-0.9659258262890682,0,4,1,0,0.6107879428873612,0.697841726618705,Peak
,23.72,0.0,48.6,5,General,mixed baskets,2022-03-27 12:00:00,108,12,6,1,1.2246467991473532e-16,-1.0,0,3,0,0,0.42834479111581164,0.7410071942446043,Peak
,29.12,0.0,59.0,10,Produce,fresh fruit and veg,2022-03-27 13:00:00,98,13,6,1,-0.2588190451025208,-0.9659258262890683,0,4,1,0,0.7139079851930196,0.6690647482014388,Peak
,26.43,0.0,54.7,7,Dairy,milk and yogurt aisle,2022-03-27 14:00:00,57,14,6,1,-0.4999999999999997,-0.8660254037844388,0,1,1,0,0.5716552088841882,0.37410071942446044,High
,30.15,0.0,43.0,7,General,mixed baskets,2022-03-27 15:00:00,72,15,6,1,-0.7071067811865471,-0.7071067811865479,0,3,0,0,0.7683765203595979,0.48201438848920863,High
,24.56,0.0,49.5,7,Bakery,bread and pastry,2022-03-27 16:00:00,62,16,6,1,-0.8660254037844385,-0.5000000000000004,0,0,1,0,0.4727657324167106,0.41007194244604317,High
,27.15,0.0,62.9,11,General,mixed baskets,2022-03-27 17:00:00,105,17,6,1,-0.9659258262890683,-0.25881904510252063,0,3,0,0,0.6097303014278158,0.7194244604316546,Peak
,25.46,0.0,46.2,11,Frozen,frozen foods,2022-03-27 18:00:00,82,18,6,1,-1.0,-1.8369701987210297e-16,0,2,0,0,0.5203595980962453,0.5539568345323741,Peak
,27.85,0.0,57.3,11,Frozen,frozen foods,2022-03-27 19:00:00,84,19,6,1,-0.9659258262890684,0.2588190451025203,0,2,0,0,0.6467477525118984,0.5683453237410072,Peak
,24.4,0.0,63.4,6,General,mixed baskets,2022-03-27 20:00:00,89,20,6,1,-0.8660254037844386,0.5000000000000001,0,3,0,0,0.4643046007403489,0.60431654676259,Peak
,28.26,0.73,63.4,4,General,mixed baskets,2022-03-27 21:00:00,66,21,6,1,-0.7071067811865477,0.7071067811865474,0,3,0,1,0.6684294024325753,0.43884892086330934,High
,25.02,0.0,40.9,9,Produce,fresh fruit and veg,2022-03-27 22:00:00,64,22,6,1,-0.5000000000000004,0.8660254037844384,0,4,1,0,0.4970914859862506,0.4244604316546763,High
,23.76,0.0,59.8,6,General,mixed baskets,2022-03-27 23:00:00,59,23,6,1,-0.25881904510252157,0.9659258262890681,0,3,0,0,0.4304600740349022,0.38848920863309355,High
,27.4,0.0,46.2,6,General,mixed baskets,2022-03-28 00:00:00,47,0,0,0,0.0,1.0,0,3,0,0,0.622950819672131,0.302158273381295,Medium
,26.57,0.12,39.3,5,General,mixed baskets,2022-03-28 01:00:00,38,1,0,0,0.25881904510252074,0.9659258262890683,0,3,0,1,0.5790586991010047,0.23741007194244604,Low
,20.73,0.0,57.5,9,General,mixed baskets,2022-03-28 02:00:00,39,2,0,0,0.49999999999999994,0.8660254037844387,0,3,0,0,0.2702273929138022,0.2446043165467626,Low
,25.88,0.0,42.0,11,General,mixed baskets,2022-03-28 03:00:00,55,3,0,0,0.7071067811865476,0.7071067811865476,0,3,0,0,0.5425700687466948,0.3597122302158273,Medium
,26.24,0.0,53.1,9,Produce,fresh fruit and veg,2022-03-28 04:00:00,32,4,0,0,0.8660254037844386,0.5000000000000001,0,4,1,0,0.5616076150185085,0.19424460431654678,Low
,26.45,0.0,64.9,8,General,mixed baskets,2022-03-28 05:00:00,42,5,0,0,0.9659258262890683,0.25881904510252074,0,3,0,0,0.5727128503437333,0.26618705035971224,Medium
,31.07,0.0,59.5,9,Produce,fresh fruit and veg,2022-03-28 06:00:00,59,6,0,0,1.0,6.123233995736766e-17,0,4,1,0,0.8170280274986779,0.38848920863309355,High
,24.38,0.0,53.9,4,General,mixed baskets,2022-03-28 07:00:00,41,7,0,0,0.9659258262890683,-0.25881904510252063,0,3,0,0,0.4632469592808037,0.2589928057553957,Medium
,25.94,0.0,62.5,5,Dairy,milk and yogurt aisle,2022-03-28 08:00:00,48,8,0,0,0.8660254037844387,-0.4999999999999998,0,1,1,0,0.5457429931253305,0.30935251798561153,Medium
,21.76,0.0,55.5,3,Bakery,bread and pastry,2022-03-28 09:00:00,32,9,0,0,0.7071067811865476,-0.7071067811865475,0,0,1,0,0.32469592808038084,0.19424460431654678,Low
,22.36,0.0,61.4,10,General,mixed baskets,2022-03-28 10:00:00,118,10,0,0,0.49999999999999994,-0.8660254037844387,0,3,0,0,0.3564251718667371,0.8129496402877698,Peak
,24.56,0.0,64.0,5,Frozen,frozen foods,2022-03-28 11:00:00,68,11,0,0,0.258819045102521,-0.9659258262890682,0,2,0,0,0.4727657324167106,0.45323741007194246,High
,25.66,0.0,47.0,6,General,mixed baskets,2022-03-28 12:00:00,81,12,0,0,1.2246467991473532e-16,-1.0,0,3,0,0,0.5309360126916974,0.5467625899280576,Peak
,25.49,2.21,74.8,9,Dairy,milk and yogurt aisle,2022-03-28 13:00:00,82,13,0,0,-0.2588190451025208,-0.9659258262890683,0,1,1,1,0.521946060285563,0.5539568345323741,Peak
,27.56,0.0,53.9,11,Frozen,frozen foods,2022-03-28 14:00:00,59,14,0,0,-0.4999999999999997,-0.8660254037844388,0,2,0,0,0.6314119513484927,0.38848920863309355,High
,27.8,0.0,55.5,8,Bakery,bread and pastry,2022-03-28 15:00:00,44,15,0,0,-0.7071067811865471,-0.7071067811865479,0,0,1,0,0.6441036488630354,0.2805755395683453,Medium
,28.49,5.28,72.3,12,Dairy,milk and yogurt aisle,2022-03-28 16:00:00,36,16,0,0,-0.8660254037844385,-0.5000000000000004,0,1,1,1,0.6805922792173451,0.22302158273381295,Low
,25.57,0.0,52.7,11,Produce,fresh fruit and veg,2022-03-28 17:00:00,59,17,0,0,-0.9659258262890683,-0.25881904510252063,0,4,1,0,0.526176626123744,0.38848920863309355,High
,27.2,0.0,51.4,10,Frozen,frozen foods,2022-03-28 18:00:00,79,18,0,0,-1.0,-1.8369701987210297e-16,0,2,0,0,0.6123744050766788,0.5323741007194245,Peak
,24.19,0.0,59.2,7,General,mixed baskets,2022-03-28 19:00:00,76,19,0,0,-0.9659258262890684,0.2588190451025203,0,3,0,0,0.4531993654151243,0.5107913669064749,High
,26.88,2.85,58.6,10,Produce,fresh fruit and veg,2022-03-28 20:00:00,66,20,0,0,-0.8660254037844386,0.5000000000000001,0,4,1,1,0.5954521417239554,0.43884892086330934,High
,27.18,0.0,58.7,7,Produce,fresh fruit and veg,2022-03-28 21:00:00,22,21,0,0,-0.7071067811865477,0.7071067811865474,0,4,1,0,0.6113167636171337,0.1223021582733813,Low
,24.73,4.51,74.3,3,Produce,fresh fruit and veg,2022-03-28 22:00:00,26,22,0,0,-0.5000000000000004,0.8660254037844384,0,4,1,1,0.48175568482284503,0.1510791366906475,Low
,17.96,0.0,50.3,8,Bakery,bread and pastry,2022-03-28 23:00:00,42,23,0,0,-0.25881904510252157,0.9659258262890681,0,0,1,0,0.12374405076679013,0.26618705035971224,Medium
,24.36,0.0,52.3,3,Produce,fresh fruit and veg,2022-03-29 00:00:00,43,0,1,0,0.0,1.0,0,4,1,0,0.4621893178212585,0.2733812949640288,Medium
,32.4,5.37,75.2,6,General,mixed baskets,2022-03-29 01:00:00,40,1,1,0,0.25881904510252074,0.9659258262890683,0,3,0,1,0.8873611845584346,0.2517985611510791,Medium
,25.74,0.0,54.6,5,Frozen,frozen foods,2022-03-29 02:00:00,38,2,1,0,0.49999999999999994,0.8660254037844387,0,2,0,0,0.5351665785298783,0.23741007194244604,Low
,24.39,0.38,61.0,7,Dairy,milk and yogurt aisle,2022-03-29 03:00:00,18,3,1,0,0.7071067811865476,0.7071067811865476,0,1,1,1,0.4637757800105764,0.09352517985611511,Low
,26.25,0.0,54.4,4,Dairy,milk and yogurt aisle,2022-03-29 04:00:00,40,4,1,0,0.8660254037844386,0.5000000000000001,0,1,1,0,0.5621364357482813,0.2517985611510791,Medium
,28.76,0.0,52.2,9,General,mixed baskets,2022-03-29 05:00:00,27,5,1,0,0.9659258262890683,0.25881904510252074,0,3,0,0,0.6948704389212057,0.15827338129496402,Low
,26.82,0.0,53.1,7,General,mixed baskets,2022-03-29 06:00:00,40,6,1,0,1.0,6.123233995736766e-17,0,3,0,0,0.5922792173453199,0.2517985611510791,Medium
,25.47,0.0,57.4,8,Dairy,milk and yogurt aisle,2022-03-29 07:00:00,45,7,1,0,0.9659258262890683,-0.25881904510252063,0,1,1,0,0.5208884188260179,0.28776978417266186,Medium
,22.78,0.0,64.3,7,Produce,fresh fruit and veg,2022-03-29 08:00:00,31,8,1,0,0.8660254037844387,-0.4999999999999998,0,4,1,0,0.3786356425171867,0.18705035971223022,Low
,25.24,0.0,41.4,11,Dairy,milk and yogurt aisle,2022-03-29 09:00:00,27,9,1,0,0.7071067811865476,-0.7071067811865475,0,1,1,0,0.5087255420412479,0.15827338129496402,Low
,23.0,1.87,56.6,7,Dairy,milk and yogurt aisle,2022-03-29 10:00:00,106,10,1,0,0.49999999999999994,-0.8660254037844387,0,1,1,1,0.390269698572184,0.7266187050359713,Peak
,26.86,0.0,51.7,12,Produce,fresh fruit and veg,2022-03-29 11:00:00,99,11,1,0,0.258819045102521,-0.9659258262890682,0,4,1,0,0.5943945002644102,0.6762589928057554,Peak
,29.74,0.0,48.5,7,Dairy,milk and yogurt aisle,2022-03-29 12:00:00,87,12,1,0,1.2246467991473532e-16,-1.0,0,1,1,0,0.746694870438921,0.5899280575539568,Peak
,28.61,0.0,51.1,13,Dairy,milk and yogurt aisle,2022-03-29 13:00:00,58,13,1,0,-0.2588190451025208,-0.9659258262890683,0,1,1,0,0.6869381279746165,0.381294964028777,High
,24.5,0.0,64.2,8,Bakery,bread and pastry,2022-03-29 14:00:00,39,14,1,0,-0.4999999999999997,-0.8660254037844388,0,0,1,0,0.469592808038075,0.2446043165467626,Low
,23.52,0.0,63.0,5,General,mixed baskets,2022-03-29 15:00:00,47,15,1,0,-0.7071067811865471,-0.7071067811865479,0,3,0,0,0.41776837652035953,0.302158273381295,Medium
,22.51,0.0,50.1,11,Bakery,bread and pastry,2022-03-29 16:00:00,53,16,1,0,-0.8660254037844385,-0.5000000000000004,0,0,1,0,0.36435748281332636,0.34532374100719426,Medium
,27.08,0.0,43.3,8,Frozen,frozen foods,2022-03-29 17:00:00,66,17,1,0,-0.9659258262890683,-0.25881904510252063,0,2,0,0,0.6060285563194076,0.43884892086330934,High
,27.4,0.0,58.2,12,Dairy,milk and yogurt aisle,2022-03-29 18:00:00,67,18,1,0,-1.0,-1.8369701987210297e-16,0,1,1,0,0.622950819672131,0.4460431654676259,High
,27.95,0.0,58.7,8,General,mixed baskets,2022-03-29 19:00:00,69,19,1,0,-0.9659258262890684,0.2588190451025203,0,3,0,0,0.6520359598096244,0.460431654676259,High
,26.82,0.0,45.4,13,Frozen,frozen foods,2022-03-29 20:00:00,85,20,1,0,-0.8660254037844386,0.5000000000000001,0,2,0,0,0.5922792173453199,0.5755395683453237,Peak
,22.95,0.0,56.5,6,General,mixed baskets,2022-03-29 21:00:00,25,21,1,0,-0.7071067811865477,0.7071067811865474,0,3,0,0,0.38762559492332094,0.14388489208633093,Low
,21.18,0.0,58.3,7,Bakery,bread and pastry,2022-03-29 22:00:00,38,22,1,0,-0.5000000000000004,0.8660254037844384,0,0,1,0,0.2940243257535695,0.23741007194244604,Low
,28.75,0.0,60.2,3,Produce,fresh fruit and veg,2022-03-29 23:00:00,28,23,1,0,-0.25881904510252157,0.9659258262890681,0,4,1,0,0.694341618191433,0.16546762589928057,Low
,23.88,0.0,50.9,3,Frozen,frozen foods,2022-03-30 00:00:00,43,0,2,0,0.0,1.0,0,2,0,0,0.43680592279217334,0.2733812949640288,Medium
,30.71,0.0,58.9,6,Frozen,frozen foods,2022-03-30 01:00:00,21,1,2,0,0.25881904510252074,0.9659258262890683,0,2,0,0,0.797990481226864,0.11510791366906475,Low
,20.7,0.0,53.6,8,General,mixed baskets,2022-03-30 02:00:00,44,2,2,0,0.49999999999999994,0.8660254037844387,0,3,0,0,0.26864093072448436,0.2805755395683453,Medium
,23.21,0.0,61.7,3,Frozen,frozen foods,2022-03-30 03:00:00,34,3,2,0,0.7071067811865476,0.7071067811865476,0,2,0,0,0.4013749338974088,0.20863309352517986,Low
,23.63,0.0,56.9,7,General,mixed baskets,2022-03-30 04:00:00,37,4,2,0,0.8660254037844386,0.5000000000000001,0,3,0,0,0.4235854045478582,0.2302158273381295,Low
,26.62,1.67,64.9,6,Frozen,frozen foods,2022-03-30 05:00:00,46,5,2,0,0.9659258262890683,0.25881904510252074,0,2,0,1,0.5817028027498677,0.2949640287769784,Medium
,27.62,1.43,59.3,9,Produce,fresh fruit and veg,2022-03-30 06:00:00,53,6,2,0,1.0,6.123233995736766e-17,0,4,1,1,0.6345848757271285,0.34532374100719426,Medium
,24.58,0.0,52.9,6,General,mixed baskets,2022-03-30 07:00:00,19,7,2,0,0.9659258262890683,-0.25881904510252063,0,3,0,0,0.4738233738762558,0.10071942446043165,Low
,27.45,9.82,86.2,7,General,mixed baskets,2022-03-30 08:00:00,52,8,2,0,0.8660254037844387,-0.4999999999999998,0,3,0,1,0.6255949233209941,0.3381294964028777,Medium
,22.71,0.0,61.8,5,Dairy,milk and yogurt aisle,2022-03-30 09:00:00,46,9,2,0,0.7071067811865476,-0.7071067811865475,0,1,1,0,0.3749338974087784,0.2949640287769784,Medium
,24.7,0.0,51.9,5,Dairy,milk and yogurt aisle,2022-03-30 10:00:00,91,10,2,0,0.49999999999999994,-0.8660254037844387,0,1,1,0,0.4801692226335271,0.6187050359712231,Peak
,22.93,0.0,57.7,12,General,mixed baskets,2022-03-30 11:00:00,111,11,2,0,0.258819045102521,-0.9659258262890682,0,3,0,0,0.3865679534637757,0.762589928057554,Peak
,24.56,0.64,76.2,5,General,mixed baskets,2022-03-30 12:00:00,97,12,2,0,1.2246467991473532e-16,-1.0,0,3,0,1,0.4727657324167106,0.6618705035971223,Peak
,24.35,0.0,49.8,10,General,mixed baskets,2022-03-30 13:00:00,110,13,2,0,-0.2588190451025208,-0.9659258262890683,0,3,0,0,0.461660497091486,0.7553956834532374,Peak
,26.71,0.0,44.4,13,Dairy,milk and yogurt aisle,2022-03-30 14:00:00,32,14,2,0,-0.4999999999999997,-0.8660254037844388,0,1,1,0,0.5864621893178212,0.19424460431654678,Low
,34.53,0.0,47.4,10,Frozen,frozen foods,2022-03-30 15:00:00,29,15,2,0,-0.7071067811865471,-0.7071067811865479,0,2,0,0,1.0,0.17266187050359713,Low
,22.52,0.0,52.6,8,General,mixed baskets,2022-03-30 16:00:00,54,16,2,0,-0.8660254037844385,-0.5000000000000004,0,3,0,0,0.3648863035430988,0.35251798561151076,Medium
,25.44,0.0,54.9,7,Bakery,bread and pastry,2022-03-30 17:00:00,100,17,2,0,-0.9659258262890683,-0.25881904510252063,0,0,1,0,0.5193019566367002,0.6834532374100719,Peak
,27.65,0.0,37.2,13,General,mixed baskets,2022-03-30 18:00:00,82,18,2,0,-1.0,-1.8369701987210297e-16,0,3,0,0,0.6361713379164462,0.5539568345323741,Peak
,26.12,0.0,39.2,13,Dairy,milk and yogurt aisle,2022-03-30 19:00:00,85,19,2,0,-0.9659258262890684,0.2588190451025203,0,1,1,0,0.5552617662612375,0.5755395683453237,Peak
,29.48,0.0,61.1,8,Produce,fresh fruit and veg,2022-03-30 20:00:00,69,20,2,0,-0.8660254037844386,0.5000000000000001,0,4,1,0,0.7329455314648333,0.460431654676259,High
,23.39,0.0,43.7,8,Bakery,bread and pastry,2022-03-30 21:00:00,24,21,2,0,-0.7071067811865477,0.7071067811865474,0,0,1,0,0.4108937070333157,0.1366906474820144,Low
,27.88,1.1,63.6,3,General,mixed baskets,2022-03-30 22:00:00,37,22,2,0,-0.5000000000000004,0.8660254037844384,0,3,0,1,0.6483342147012161,0.2302158273381295,Low
,23.98,0.0,64.6,11,Bakery,bread and pastry,2022-03-30 23:00:00,58,23,2,0,-0.25881904510252157,0.9659258262890681,0,0,1,0,0.4420941300898995,0.381294964028777,High
,27.99,0.0,30.5,5,Produce,fresh fruit and veg,2022-03-31 00:00:00,17,0,3,0,0.0,1.0,0,4,1,0,0.6541512427287148,0.08633093525179857,Low
,26.36,0.0,59.3,6,Produce,fresh fruit and veg,2022-03-31 01:00:00,34,1,3,0,0.25881904510252074,0.9659258262890683,0,4,1,0,0.5679534637757799,0.20863309352517986,Low
,26.56,0.0,55.2,7,General,mixed baskets,2022-03-31 02:00:00,17,2,3,0,0.49999999999999994,0.8660254037844387,0,3,0,0,0.578529878371232,0.08633093525179857,Low
,24.48,6.75,72.5,10,Frozen,frozen foods,2022-03-31 03:00:00,41,3,3,0,0.7071067811865476,0.7071067811865476,0,2,0,1,0.46853516657852984,0.2589928057553957,Medium
,21.33,0.0,58.0,8,Dairy,milk and yogurt aisle,2022-03-31 04:00:00,50,4,3,0,0.8660254037844386,0.5000000000000001,0,1,1,0,0.30195663670015854,0.3237410071942446,Medium
,23.19,0.0,54.5,6,Dairy,milk and yogurt aisle,2022-03-31 05:00:00,25,5,3,0,0.9659258262890683,0.25881904510252074,0,1,1,0,0.40031729243786357,0.14388489208633093,Low
,27.71,0.93,62.0,10,General,mixed baskets,2022-03-31 06:00:00,35,6,3,0,1.0,6.123233995736766e-17,0,3,0,1,0.6393442622950819,0.2158273381294964,Low
,25.29,0.0,69.5,3,General,mixed baskets,2022-03-31 07:00:00,55,7,3,0,0.9659258262890683,-0.25881904510252063,0,3,0,0,0.5113696456901109,0.3597122302158273,Medium
,27.78,0.0,57.3,6,Produce,fresh fruit and veg,2022-03-31 08:00:00,38,8,3,0,0.8660254037844387,-0.4999999999999998,0,4,1,0,0.6430460074034902,0.23741007194244604,Low
,22.64,0.0,45.3,5,General,mixed baskets,2022-03-31 09:00:00,25,9,3,0,0.7071067811865476,-0.7071067811865475,0,3,0,0,0.37123215230037016,0.14388489208633093,Low
,27.54,0.0,66.0,6,Produce,fresh fruit and veg,2022-03-31 10:00:00,79,10,3,0,0.49999999999999994,-0.8660254037844387,0,4,1,0,0.6303543098889475,0.5323741007194245,Peak
,28.46,0.0,63.8,11,Bakery,bread and pastry,2022-03-31 11:00:00,70,11,3,0,0.258819045102521,-0.9659258262890682,0,0,1,0,0.6790058170280274,0.4676258992805755,High
,20.43,0.0,66.4,11,Bakery,bread and pastry,2022-03-31 12:00:00,104,12,3,0,1.2246467991473532e-16,-1.0,0,0,1,0,0.254362771020624,0.7122302158273381,Peak
,26.75,0.0,58.0,6,Bakery,bread and pastry,2022-03-31 13:00:00,86,13,3,0,-0.2588190451025208,-0.9659258262890683,0,0,1,0,0.5885774722369116,0.5827338129496403,Peak
,30.79,0.33,63.0,6,Bakery,bread and pastry,2022-03-31 14:00:00,52,14,3,0,-0.4999999999999997,-0.8660254037844388,0,0,1,1,0.8022210470650448,0.3381294964028777,Medium
,24.06,0.0,70.6,9,General,mixed baskets,2022-03-31 15:00:00,50,15,3,0,-0.7071067811865471,-0.7071067811865479,0,3,0,0,0.4463246959280803,0.3237410071942446,Medium
,28.44,0.0,54.4,7,Bakery,bread and pastry,2022-03-31 16:00:00,32,16,3,0,-0.8660254037844385,-0.5000000000000004,0,0,1,0,0.6779481755684823,0.19424460431654678,Low
,26.05,0.0,50.1,6,Bakery,bread and pastry,2022-03-31 17:00:00,68,17,3,0,-0.9659258262890683,-0.25881904510252063,0,0,1,0,0.5515600211528292,0.45323741007194246,High
,28.09,0.01,66.5,5,Bakery,bread and pastry,2022-03-31 18:00:00,84,18,3,0,-1.0,-1.8369701987210297e-16,0,0,1,1,0.6594394500264409,0.5683453237410072,Peak
,24.99,0.0,52.3,9,General,mixed baskets,2022-03-31 19:00:00,76,19,3,0,-0.9659258262890684,0.2588190451025203,0,3,0,0,0.4955050237969327,0.5107913669064749,High
,24.02,0.0,64.1,9,General,mixed baskets,2022-03-31 20:00:00,78,20,3,0,-0.8660254037844386,0.5000000000000001,0,3,0,0,0.44420941300898986,0.5251798561151079,High
,24.89,0.0,50.8,9,General,mixed baskets,2022-03-31 21:00:00,20,21,3,0,-0.7071067811865477,0.7071067811865474,0,3,0,0,0.49021681649920673,0.1079136690647482,Low
,25.05,1.13,54.7,3,Dairy,milk and yogurt aisle,2022-03-31 22:00:00,50,22,3,0,-0.5000000000000004,0.8660254037844384,0,1,1,1,0.4986779481755685,0.3237410071942446,Medium
,24.49,0.0,57.4,8,Bakery,bread and pastry,2022-03-31 23:00:00,29,23,3,0,-0.25881904510252157,0.9659258262890681,0,0,1,0,0.46906398730830234,0.17266187050359713,Low
April Promo,23.77,0.0,57.6,9,Produce,fresh fruit and veg,2022-04-01 00:00:00,12,0,4,0,0.0,1.0,1,4,1,0,0.4309888947646747,0.050359712230215826,Low
April Promo,28.72,0.0,49.0,11,General,mixed baskets,2022-04-01 01:00:00,32,1,4,0,0.25881904510252074,0.9659258262890683,1,3,0,0,0.6927551560021151,0.19424460431654678,Low
April Promo,24.51,0.0,68.0,5,Produce,fresh fruit and veg,2022-04-01 02:00:00,45,2,4,0,0.49999999999999994,0.8660254037844387,1,4,1,0,0.47012162876784774,0.28776978417266186,Medium
April Promo,22.95,0.0,51.7,8,Dairy,milk and yogurt aisle,2022-04-01 03:00:00,65,3,4,0,0.7071067811865476,0.7071067811865476,1,1,1,0,0.38762559492332094,0.4316546762589928,High
April Promo,23.62,0.0,60.7,9,Produce,fresh fruit and veg,2022-04-01 04:00:00,35,4,4,0,0.8660254037844386,0.5000000000000001,1,4,1,0,0.4230565838180857,0.2158273381294964,Low
April Promo,27.18,0.0,47.9,8,General,mixed baskets,2022-04-01 05:00:00,24,5,4,0,0.9659258262890683,0.25881904510252074,1,3,0,0,0.6113167636171337,0.1366906474820144,Low
April Promo,20.4,1.86,55.9,6,Produce,fresh fruit and veg,2022-04-01 06:00:00,65,6,4,0,1.0,6.123233995736766e-17,1,4,1,1,0.2527763088313061,0.4316546762589928,High
April Promo,27.21,0.0,50.6,10,General,mixed baskets,2022-04-01 07:00:00,41,7,4,0,0.9659258262890683,-0.25881904510252063,1,3,0,0,0.6129032258064516,0.2589928057553957,Medium
April Promo,27.75,0.0,56.4,4,Dairy,milk and yogurt aisle,2022-04-01 08:00:00,36,8,4,0,0.8660254037844387,-0.4999999999999998,1,1,1,0,0.6414595452141724,0.22302158273381295,Low
April Promo,29.16,0.0,56.4,10,General,mixed baskets,2022-04-01 09:00:00,27,9,4,0,0.7071067811865476,-0.7071067811865475,1,3,0,0,0.7160232681121099,0.15827338129496402,Low
April Promo,24.87,0.0,56.8,13,General,mixed baskets,2022-04-01 10:00:00,82,10,4,0,0.49999999999999994,-0.8660254037844387,1,3,0,0,0.48915917503966155,0.5539568345323741,Peak
April Promo,23.92,0.26,56.1,12,Produce,fresh fruit and veg,2022-04-01 11:00:00,112,11,4,0,0.258819045102521,-0.9659258262890682,1,4,1,1,0.4389212057112639,0.7697841726618705,Peak
April Promo,26.41,0.0,62.4,5,General,mixed baskets,2022-04-01 12:00:00,91,12,4,0,1.2246467991473532e-16,-1.0,1,3,0,0,0.570597567424643,0.6187050359712231,Peak
April Promo,26.32,0.0,62.3,9,Bakery,bread and pastry,2022-04-01 13:00:00,88,13,4,0,-0.2588190451025208,-0.9659258262890683,1,0,1,0,0.5658381808566896,0.5971223021582733,Peak
April Promo,29.25,0.0,51.7,5,Frozen,frozen foods,2022-04-01 14:00:00,33,14,4,0,-0.4999999999999997,-0.8660254037844388,1,2,0,0,0.7207826546800633,0.2014388489208633,Low
April Promo,26.11,0.0,56.3,8,Dairy,milk and yogurt aisle,2022-04-01 15:00:00,58,15,4,0,-0.7071067811865471,-0.7071067811865479,1,1,1,0,0.5547329455314647,0.381294964028777,High
April Promo,24.91,4.26,71.5,8,Dairy,milk and yogurt aisle,2022-04-01 16:00:00,32,16,4,0,-0.8660254037844385,-0.5000000000000004,1,1,1,1,0.4912744579587519,0.19424460431654678,Low
April Promo,22.65,0.0,60.9,9,General,mixed baskets,2022-04-01 17:00:00,82,17,4,0,-0.9659258262890683,-0.25881904510252063,1,3,0,0,0.37176097303014266,0.5539568345323741,Peak
April Promo,25.46,0.0,59.2,12,Bakery,bread and pastry,2022-04-01 18:00:00,78,18,4,0,-1.0,-1.8369701987210297e-16,1,0,1,0,0.5203595980962453,0.5251798561151079,High
April Promo,26.17,0.0,52.5,12,Dairy,milk and yogurt aisle,2022-04-01 19:00:00,77,19,4,0,-0.9659258262890684,0.2588190451025203,1,1,1,0,0.5579058699101005,0.5179856115107914,High
April Promo,28.93,0.0,52.6,6,Produce,fresh fruit and veg,2022-04-01 20:00:00,64,20,4,0,-0.8660254037844386,0.5000000000000001,1,4,1,0,0.7038603913273399,0.4244604316546763,High
April Promo,26.25,0.0,55.8,3,Produce,fresh fruit and veg,2022-04-01 21:00:00,47,21,4,0,-0.7071067811865477,0.7071067811865474,1,4,1,0,0.5621364357482813,0.302158273381295,Medium
April Promo,29.35,0.0,59.1,9,Frozen,frozen foods,2022-04-01 22:00:00,59,22,4,0,-0.5000000000000004,0.8660254037844384,1,2,0,0,0.7260708619777895,0.38848920863309355,High
April Promo,29.08,0.0,46.8,6,Bakery,bread and pastry,2022-04-01 23:00:00,39,23,4,0,-0.25881904510252157,0.9659258262890681,1,0,1,0,0.711792702273929,0.2446043165467626,Low
,24.07,0.0,47.4,10,Bakery,bread and pastry,2022-04-02 00:00:00,48,0,5,1,0.0,1.0,0,0,1,0,0.44685351665785294,0.30935251798561153,Medium
,23.14,0.0,52.0,11,Frozen,frozen foods,2022-04-02 01:00:00,44,1,5,1,0.25881904510252074,0.9659258262890683,0,2,0,0,0.39767318878900054,0.2805755395683453,Medium
,24.4,0.0,55.9,8,Produce,fresh fruit and veg,2022-04-02 02:00:00,62,2,5,1,0.49999999999999994,0.8660254037844387,0,4,1,0,0.4643046007403489,0.41007194244604317,High
,25.4,0.0,50.0,7,Frozen,frozen foods,2022-04-02 03:00:00,56,3,5,1,0.7071067811865476,0.7071067811865476,0,2,0,0,0.5171866737176096,0.3669064748201439,High
,23.97,0.0,51.8,8,Produce,fresh fruit and veg,2022-04-02 04:00:00,58,4,5,1,0.8660254037844386,0.5000000000000001,0,4,1,0,0.44156530936012683,0.381294964028777,High
,27.74,3.5,59.3,3,General,mixed baskets,2022-04-02 05:00:00,60,5,5,1,0.9659258262890683,0.25881904510252074,0,3,0,1,0.6409307244843996,0.39568345323741005,High
,27.67,0.0,59.2,9,Bakery,bread and pastry,2022-04-02 06:00:00,42,6,5,1,1.0,6.123233995736766e-17,0,0,1,0,0.6372289793759915,0.26618705035971224,Medium
,29.01,0.99,42.4,10,General,mixed baskets,2022-04-02 07:00:00,69,7,5,1,0.9659258262890683,-0.25881904510252063,0,3,0,1,0.7080909571655208,0.460431654676259,High
,26.69,0.0,55.1,10,Produce,fresh fruit and veg,2022-04-02 08:00:00,62,8,5,1,0.8660254037844387,-0.4999999999999998,0,4,1,0,0.585404547858276,0.41007194244604317,High
,24.9,0.0,49.9,3,Bakery,bread and pastry,2022-04-02 09:00:00,59,9,5,1,0.7071067811865476,-0.7071067811865475,0,0,1,0,0.49074563722897924,0.38848920863309355,High
,27.01,0.65,57.3,9,Produce,fresh fruit and veg,2022-04-02 10:00:00,117,10,5,1,0.49999999999999994,-0.8660254037844387,0,4,1,1,0.6023268112109995,0.8057553956834532,Peak
,23.72,0.17,57.1,9,Frozen,frozen foods,2022-04-02 11:00:00,126,11,5,1,0.258819045102521,-0.9659258262890682,0,2,0,1,0.42834479111581164,0.8705035971223022,Peak
,26.36,0.0,31.5,7,Produce,fresh fruit and veg,2022-04-02 12:00:00,115,12,5,1,1.2246467991473532e-16,-1.0,0,4,1,0,0.5679534637757799,0.7913669064748201,Peak
,24.09,0.0,63.9,13,Bakery,bread and pastry,2022-04-02 13:00:00,104,13,5,1,-0.2588190451025208,-0.9659258262890683,0,0,1,0,0.4479111581173981,0.7122302158273381,Peak
,28.88,0.0,60.8,11,Bakery,bread and pastry,2022-04-02 14:00:00,73,14,5,1,-0.4999999999999997,-0.8660254037844388,0,0,1,0,0.7012162876784769,0.4892086330935252,High
,19.34,0.0,67.5,6,General,mixed baskets,2022-04-02 15:00:00,54,15,5,1,-0.7071067811865471,-0.7071067811865479,0,3,0,0,0.19672131147540983,0.35251798561151076,Medium
,28.11,0.0,61.3,10,Dairy,milk and yogurt aisle,2022-04-02 16:00:00,51,16,5,1,-0.8660254037844385,-0.5000000000000004,0,1,1,0,0.6604970914859861,0.33093525179856115,Medium
,28.2,0.0,62.3,12,Bakery,bread and pastry,2022-04-02 17:00:00,76,17,5,1,-0.9659258262890683,-0.25881904510252063,0,0,1,0,0.6652564780539396,0.5107913669064749,High
,25.89,3.87,71.0,8,Produce,fresh fruit and veg,2022-04-02 18:00:00,95,18,5,1,-1.0,-1.8369701987210297e-16,0,4,1,1,0.5430988894764675,0.6474820143884892,Peak
,26.84,0.0,67.7,12,Produce,fresh fruit and veg,2022-04-02 19:00:00,82,19,5,1,-0.9659258262890684,0.2588190451025203,0,4,1,0,0.5933368588048651,0.5539568345323741,Peak
,26.51,0.0,44.6,9,Dairy,milk and yogurt aisle,2022-04-02 20:00:00,88,20,5,1,-0.8660254037844386,0.5000000000000001,0,1,1,0,0.5758857747223691,0.5971223021582733,Peak
,29.23,0.0,54.4,3,General,mixed baskets,2022-04-02 21:00:00,65,21,5,1,-0.7071067811865477,0.7071067811865474,0,3,0,0,0.7197250132205182,0.4316546762589928,High
,30.13,0.0,47.9,9,General,mixed baskets,2022-04-02 22:00:00,60,22,5,1,-0.5000000000000004,0.8660254037844384,0,3,0,0,0.7673188789000527,0.39568345323741005,High
,26.03,0.0,62.0,10,General,mixed baskets,2022-04-02 23:00:00,72,23,5,1,-0.25881904510252157,0.9659258262890681,0,3,0,0,0.550502379693284,0.48201438848920863,High
,30.08,0.0,57.2,5,General,mixed baskets,2022-04-03 00:00:00,63,0,6,1,0.0,1.0,0,3,0,0,0.7646747752511897,0.4172661870503597,High
,24.39,0.95,70.8,9,General,mixed baskets,2022-04-03 01:00:00,55,1,6,1,0.25881904510252074,0.9659258262890683,0,3,0,1,0.4637757800105764,0.3597122302158273,Medium
,27.04,0.0,56.3,3,General,mixed baskets,2022-04-03 02:00:00,56,2,6,1,0.49999999999999994,0.8660254037844387,0,3,0,0,0.6039132734003172,0.3669064748201439,High
,27.09,0.0,53.8,4,Produce,fresh fruit and veg,2022-04-03 03:00:00,53,3,6,1,0.7071067811865476,0.7071067811865476,0,4,1,0,0.6065573770491802,0.34532374100719426,Medium
,22.84,0.0,53.8,10,Bakery,bread and pastry,2022-04-03 04:00:00,67,4,6,1,0.8660254037844386,0.5000000000000001,0,0,1,0,0.38180856689582227,0.4460431654676259,High
,26.82,0.0,49.3,11,Bakery,bread and pastry,2022-04-03 05:00:00,60,5,6,1,0.9659258262890683,0.25881904510252074,0,0,1,0,0.5922792173453199,0.39568345323741005,High
,24.33,0.0,39.1,6,General,mixed baskets,2022-04-03 06:00:00,55,6,6,1,1.0,6.123233995736766e-17,0,3,0,0,0.46060285563194064,0.3597122302158273,Medium
,27.98,0.0,54.9,4,Bakery,bread and pastry,2022-04-03 07:00:00,70,7,6,1,0.9659258262890683,-0.25881904510252063,0,0,1,0,0.6536224219989423,0.4676258992805755,High
,23.78,0.0,51.7,5,General,mixed baskets,2022-04-03 08:00:00,61,8,6,1,0.8660254037844387,-0.4999999999999998,0,3,0,0,0.4315177154944474,0.4028776978417266,High
,21.56,0.0,51.6,8,Dairy,milk and yogurt aisle,2022-04-03 09:00:00,54,9,6,1,0.7071067811865476,-0.7071067811865475,0,1,1,0,0.3141195134849285,0.35251798561151076,Medium
,22.75,0.0,46.1,7,Frozen,frozen foods,2022-04-03 10:00:00,96,10,6,1,0.49999999999999994,-0.8660254037844387,0,2,0,0,0.3770491803278688,0.6546762589928058,Peak
,26.05,0.0,55.9,12,Frozen,frozen foods,2022-04-03 11:00:00,120,11,6,1,0.258819045102521,-0.9659258262890682,0,2,0,0,0.5515600211528292,0.8273381294964028,Peak
,26.77,0.0,46.9,11,Frozen,frozen foods,2022-04-03 12:00:00,117,12,6,1,1.2246467991473532e-16,-1.0,0,2,0,0,0.5896351136964568,0.8057553956834532,Peak
,26.85,0.0,57.3,12,Dairy,milk and yogurt aisle,2022-04-03 13:00:00,115,13,6,1,-0.2588190451025208,-0.9659258262890683,0,1,1,0,0.5938656795346378,0.7913669064748201,Peak
,24.09,0.0,53.3,8,Produce,fresh fruit and veg,2022-04-03 14:00:00,54,14,6,1,-0.4999999999999997,-0.8660254037844388,0,4,1,0,0.4479111581173981,0.35251798561151076,Medium
,27.97,0.0,52.6,13,Bakery,bread and pastry,2022-04-03 15:00:00,49,15,6,1,-0.7071067811865471,-0.7071067811865479,0,0,1,0,0.6530936012691696,0.31654676258992803,Medium
,24.62,10.99,75.6,12,General,mixed baskets,2022-04-03 16:00:00,57,16,6,1,-0.8660254037844385,-0.5000000000000004,0,3,0,1,0.47593865679534636,0.37410071942446044,High
,25.44,0.0,57.7,13,Produce,fresh fruit and veg,2022-04-03 17:00:00,97,17,6,1,-0.9659258262890683,-0.25881904510252063,0,4,1,0,0.5193019566367002,0.6618705035971223,Peak
,28.45,0.0,61.9,9,General,mixed baskets,2022-04-03 18:00:00,93,18,6,1,-1.0,-1.8369701987210297e-16,0,3,0,0,0.6784769962982548,0.6330935251798561,Peak
,25.59,0.0,54.1,6,Bakery,bread and pastry,2022-04-03 19:00:00,93,19,6,1,-0.9659258262890684,0.2588190451025203,0,0,1,0,0.5272342675832892,0.6330935251798561,Peak
,21.3,0.0,50.5,8,General,mixed baskets,2022-04-03 20:00:00,89,20,6,1,-0.8660254037844386,0.5000000000000001,0,3,0,0,0.30037017451084086,0.60431654676259,Peak
,27.78,0.0,59.9,5,Bakery,bread and pastry,2022-04-03 21:00:00,64,21,6,1,-0.7071067811865477,0.7071067811865474,0,0,1,0,0.6430460074034902,0.4244604316546763,High
,26.0,0.0,61.3,5,General,mixed baskets,2022-04-03 22:00:00,62,22,6,1,-0.5000000000000004,0.8660254037844384,0,3,0,0,0.5489159175039661,0.41007194244604317,High
,25.03,0.0,51.7,10,Frozen,frozen foods,2022-04-03 23:00:00,50,23,6,1,-0.25881904510252157,0.9659258262890681,0,2,0,0,0.49762030671602325,0.3237410071942446,Medium
,29.21,0.0,76.6,10,Dairy,milk and yogurt aisle,2022-04-04 00:00:00,49,0,0,0,0.0,1.0,0,1,1,0,0.718667371760973,0.31654676258992803,Medium
,24.42,0.0,64.8,8,Produce,fresh fruit and veg,2022-04-04 01:00:00,49,1,0,0,0.25881904510252074,0.9659258262890683,0,4,1,0,0.46536224219989425,0.31654676258992803,Medium
,27.62,0.0,66.9,3,Frozen,frozen foods,2022-04-04 02:00:00,49,2,0,0,0.49999999999999994,0.8660254037844387,0,2,0,0,0.6345848757271285,0.31654676258992803,Medium
,26.33,0.0,58.4,5,Bakery,bread and pastry,2022-04-04 03:00:00,38,3,0,0,0.7071067811865476,0.7071067811865476,0,0,1,0,0.566367001586462,0.23741007194244604,Low
,32.48,1.08,61.5,11,General,mixed baskets,2022-04-04 04:00:00,37,4,0,0,0.8660254037844386,0.5000000000000001,0,3,0,1,0.8915917503966153,0.2302158273381295,Low
,21.49,0.0,47.3,4,Produce,fresh fruit and veg,2022-04-04 05:00:00,26,5,0,0,0.9659258262890683,0.25881904510252074,0,4,1,0,0.31041776837652024,0.1510791366906475,Low
,26.48,0.0,53.1,11,Dairy,milk and yogurt aisle,2022-04-04 06:00:00,49,6,0,0,1.0,6.123233995736766e-17,0,1,1,0,0.5742993125330512,0.31654676258992803,Medium
,26.85,0.0,55.5,7,Dairy,milk and yogurt aisle,2022-04-04 07:00:00,14,7,0,0,0.9659258262890683,-0.25881904510252063,0,1,1,0,0.5938656795346378,0.06474820143884892,Low
,28.73,0.0,60.6,9,Frozen,frozen foods,2022-04-04 08:00:00,35,8,0,0,0.8660254037844387,-0.4999999999999998,0,2,0,0,0.6932839767318878,0.2158273381294964,Low
,24.93,0.0,51.1,3,Bakery,bread and pastry,2022-04-04 09:00:00,35,9,0,0,0.7071067811865476,-0.7071067811865475,0,0,1,0,0.49233209941829714,0.2158273381294964,Low
,24.4,0.0,48.4,5,Dairy,milk and yogurt aisle,2022-04-04 10:00:00,105,10,0,0,0.49999999999999994,-0.8660254037844387,0,1,1,0,0.4643046007403489,0.7194244604316546,Peak
,29.46,0.0,64.3,13,Produce,fresh fruit and veg,2022-04-04 11:00:00,94,11,0,0,0.258819045102521,-0.9659258262890682,0,4,1,0,0.7318878900052882,0.6402877697841727,Peak
,24.92,0.0,56.0,9,Dairy,milk and yogurt aisle,2022-04-04 12:00:00,83,12,0,0,1.2246467991473532e-16,-1.0,0,1,1,0,0.49180327868852464,0.5611510791366906,Peak
,26.68,0.0,62.6,13,Frozen,frozen foods,2022-04-04 13:00:00,77,13,0,0,-0.2588190451025208,-0.9659258262890683,0,2,0,0,0.5848757271285033,0.5179856115107914,High
,25.86,0.0,56.0,13,General,mixed baskets,2022-04-04 14:00:00,31,14,0,0,-0.4999999999999997,-0.8660254037844388,0,3,0,0,0.5415124272871495,0.18705035971223022,Low
,26.94,0.78,52.6,8,General,mixed baskets,2022-04-04 15:00:00,41,15,0,0,-0.7071067811865471,-0.7071067811865479,0,3,0,1,0.5986250661025913,0.2589928057553957,Medium
,22.62,0.0,54.9,9,Produce,fresh fruit and veg,2022-04-04 16:00:00,40,16,0,0,-0.8660254037844385,-0.5000000000000004,0,4,1,0,0.370174510840825,0.2517985611510791,Medium
,24.63,6.03,53.8,11,Dairy,milk and yogurt aisle,2022-04-04 17:00:00,72,17,0,0,-0.9659258262890683,-0.25881904510252063,0,1,1,1,0.47646747752511887,0.48201438848920863,High
,25.85,0.0,62.8,12,Dairy,milk and yogurt aisle,2022-04-04 18:00:00,66,18,0,0,-1.0,-1.8369701987210297e-16,0,1,1,0,0.5409836065573771,0.43884892086330934,High
,26.25,0.0,59.5,10,Bakery,bread and pastry,2022-04-04 19:00:00,72,19,0,0,-0.9659258262890684,0.2588190451025203,0,0,1,0,0.5621364357482813,0.48201438848920863,High
,28.73,0.0,64.3,8,Produce,fresh fruit and veg,2022-04-04 20:00:00,86,20,0,0,-0.8660254037844386,0.5000000000000001,0,4,1,0,0.6932839767318878,0.5827338129496403,Peak
,27.26,0.0,53.4,3,General,mixed baskets,2022-04-04 21:00:00,26,21,0,0,-0.7071067811865477,0.7071067811865474,0,3,0,0,0.6155473294553147,0.1510791366906475,Low
,27.42,0.0,70.7,10,Frozen,frozen foods,2022-04-04 22:00:00,40,22,0,0,-0.5000000000000004,0.8660254037844384,0,2,0,0,0.6240084611316764,0.2517985611510791,Medium
,25.84,0.0,64.8,11,General,mixed baskets,2022-04-04 23:00:00,59,23,0,0,-0.25881904510252157,0.9659258262890681,0,3,0,0,0.5404547858276044,0.38848920863309355,High
,29.12,0.0,41.2,9,Produce,fresh fruit and veg,2022-04-05 00:00:00,46,0,1,0,0.0,1.0,0,4,1,0,0.7139079851930196,0.2949640287769784,Medium
,24.46,0.0,41.1,7,Produce,fresh fruit and veg,2022-04-05 01:00:00,34,1,1,0,0.25881904510252074,0.9659258262890683,0,4,1,0,0.46747752511898466,0.20863309352517986,Low
,25.74,0.16,57.6,6,Bakery,bread and pastry,2022-04-05 02:00:00,47,2,1,0,0.49999999999999994,0.8660254037844387,0,0,1,1,0.5351665785298783,0.302158273381295,Medium
,22.26,0.0,44.1,8,Frozen,frozen foods,2022-04-05 03:00:00,30,3,1,0,0.7071067811865476,0.7071067811865476,0,2,0,0,0.35113696456901117,0.17985611510791366,Low
,23.35,0.0,53.9,3,General,mixed baskets,2022-04-05 04:00:00,40,4,1,0,0.8660254037844386,0.5000000000000001,0,3,0,0,0.4087784241142253,0.2517985611510791,Medium
,28.1,0.0,53.7,6,Produce,fresh fruit and veg,2022-04-05 05:00:00,58,5,1,0,0.9659258262890683,0.25881904510252074,0,4,1,0,0.6599682707562137,0.381294964028777,High
,25.86,0.0,52.6,7,Dairy,milk and yogurt aisle,2022-04-05 06:00:00,62,6,1,0,1.0,6.123233995736766e-17,0,1,1,0,0.5415124272871495,0.41007194244604317,High
,21.34,0.0,66.9,8,General,mixed baskets,2022-04-05 07:00:00,19,7,1,0,0.9659258262890683,-0.25881904510252063,0,3,0,0,0.3024854574299312,0.10071942446043165,Low
,25.86,0.0,59.6,7,General,mixed baskets,2022-04-05 08:00:00,48,8,1,0,0.8660254037844387,-0.4999999999999998,0,3,0,0,0.5415124272871495,0.30935251798561153,Medium
,25.38,0.35,61.2,3,Frozen,frozen foods,2022-04-05 09:00:00,63,9,1,0,0.7071067811865476,-0.7071067811865475,0,2,0,1,0.5161290322580644,0.4172661870503597,High
,23.14,0.0,56.9,12,Produce,fresh fruit and veg,2022-04-05 10:00:00,88,10,1,0,0.49999999999999994,-0.8660254037844387,0,4,1,0,0.39767318878900054,0.5971223021582733,Peak
,26.8,0.0,78.6,6,Produce,fresh fruit and veg,2022-04-05 11:00:00,98,11,1,0,0.258819045102521,-0.9659258262890682,0,4,1,0,0.5912215758857747,0.6690647482014388,Peak
,25.3,0.0,65.5,13,Frozen,frozen foods,2022-04-05 12:00:00,113,12,1,0,1.2246467991473532e-16,-1.0,0,2,0,0,0.5118984664198837,0.7769784172661871,Peak
,25.99,0.0,49.6,6,Dairy,milk and yogurt aisle,2022-04-05 13:00:00,89,13,1,0,-0.2588190451025208,-0.9659258262890683,0,1,1,0,0.5483870967741934,0.60431654676259,Peak
,28.32,0.0,59.5,11,Dairy,milk and yogurt aisle,2022-04-05 14:00:00,45,14,1,0,-0.4999999999999997,-0.8660254037844388,0,1,1,0,0.6716023268112109,0.28776978417266186,Medium
,24.43,0.05,49.4,10,Bakery,bread and pastry,2022-04-05 15:00:00,39,15,1,0,-0.7071067811865471,-0.7071067811865479,0,0,1,1,0.46589106292966675,0.2446043165467626,Low
,28.66,0.0,53.7,13,Dairy,milk and yogurt aisle,2022-04-05 16:00:00,16,16,1,0,-0.8660254037844385,-0.5000000000000004,0,1,1,0,0.6895822316234795,0.07913669064748201,Low
,25.29,0.0,54.4,8,General,mixed baskets,2022-04-05 17:00:00,79,17,1,0,-0.9659258262890683,-0.25881904510252063,0,3,0,0,0.5113696456901109,0.5323741007194245,Peak
,25.32,0.0,44.1,13,Produce,fresh fruit and veg,2022-04-05 18:00:00,72,18,1,0,-1.0,-1.8369701987210297e-16,0,4,1,0,0.5129561078794288,0.48201438848920863,High
,29.18,0.0,40.3,11,General,mixed baskets,2022-04-05 19:00:00,86,19,1,0,-0.9659258262890684,0.2588190451025203,0,3,0,0,0.717080909571655,0.5827338129496403,Peak
,26.91,0.0,45.4,8,Dairy,milk and yogurt aisle,2022-04-05 20:00:00,100,20,1,0,-0.8660254037844386,0.5000000000000001,0,1,1,0,0.5970386039132733,0.6834532374100719,Peak
,24.95,0.0,59.4,11,General,mixed baskets,2022-04-05 21:00:00,48,21,1,0,-0.7071067811865477,0.7071067811865474,0,3,0,0,0.4933897408778423,0.30935251798561153,Medium
,25.67,0.0,33.0,6,Produce,fresh fruit and veg,2022-04-05 22:00:00,35,22,1,0,-0.5000000000000004,0.8660254037844384,0,4,1,0,0.5314648334214701,0.2158273381294964,Low
,26.5,0.0,59.8,4,General,mixed baskets,2022-04-05 23:00:00,45,23,1,0,-0.25881904510252157,0.9659258262890681,0,3,0,0,0.5753569539925965,0.28776978417266186,Medium
,22.32,0.0,38.2,11,General,mixed baskets,2022-04-06 00:00:00,42,0,2,0,0.0,1.0,0,3,0,0,0.35430988894764676,0.26618705035971224,Medium
,27.62,0.0,48.7,5,Produce,fresh fruit and veg,2022-04-06 01:00:00,52,1,2,0,0.25881904510252074,0.9659258262890683,0,4,1,0,0.6345848757271285,0.3381294964028777,Medium
,25.94,0.0,50.8,7,Produce,fresh fruit and veg,2022-04-06 02:00:00,22,2,2,0,0.49999999999999994,0.8660254037844387,0,4,1,0,0.5457429931253305,0.1223021582733813,Low
,22.72,0.0,60.9,5,General,mixed baskets,2022-04-06 03:00:00,26,3,2,0,0.7071067811865476,0.7071067811865476,0,3,0,0,0.3754627181385509,0.1510791366906475,Low
,23.6,0.0,55.0,8,General,mixed baskets,2022-04-06 04:00:00,15,4,2,0,0.8660254037844386,0.5000000000000001,0,3,0,0,0.42199894235854046,0.07194244604316546,Low
,28.11,0.0,46.3,9,Produce,fresh fruit and veg,2022-04-06 05:00:00,47,5,2,0,0.9659258262890683,0.25881904510252074,0,4,1,0,0.6604970914859861,0.302158273381295,Medium
,22.79,0.0,50.3,11,Frozen,frozen foods,2022-04-06 06:00:00,39,6,2,0,1.0,6.123233995736766e-17,0,2,0,0,0.3791644632469592,0.2446043165467626,Low
,31.31,1.78,62.3,8,Bakery,bread and pastry,2022-04-06 07:00:00,32,7,2,0,0.9659258262890683,-0.25881904510252063,0,0,1,1,0.8297197250132203,0.19424460431654678,Low
,23.28,0.0,63.6,7,Dairy,milk and yogurt aisle,2022-04-06 08:00:00,31,8,2,0,0.8660254037844387,-0.4999999999999998,0,1,1,0,0.40507667900581706,0.18705035971223022,Low
,26.46,0.91,59.9,6,Frozen,frozen foods,2022-04-06 09:00:00,33,9,2,0,0.7071067811865476,-0.7071067811865475,0,2,0,1,0.5732416710735061,0.2014388489208633,Low
,19.57,0.0,54.1,6,General,mixed baskets,2022-04-06 10:00:00,83,10,2,0,0.49999999999999994,-0.8660254037844387,0,3,0,0,0.20888418826017982,0.5611510791366906,Peak
,25.76,0.0,52.9,10,General,mixed baskets,2022-04-06 11:00:00,91,11,2,0,0.258819045102521,-0.9659258262890682,0,3,0,0,0.5362242199894236,0.6187050359712231,Peak
,24.64,0.0,67.5,9,Dairy,milk and yogurt aisle,2022-04-06 12:00:00,89,12,2,0,1.2246467991473532e-16,-1.0,0,1,1,0,0.4769962982548916,0.60431654676259,Peak
,27.14,0.0,48.5,8,Frozen,frozen foods,2022-04-06 13:00:00,111,13,2,0,-0.2588190451025208,-0.9659258262890683,0,2,0,0,0.6092014806980434,0.762589928057554,Peak
,26.42,0.0,51.4,11,Produce,fresh fruit and veg,2022-04-06 14:00:00,43,14,2,0,-0.4999999999999997,-0.8660254037844388,0,4,1,0,0.5711263881544156,0.2733812949640288,Medium
,25.1,0.0,57.8,10,Produce,fresh fruit and veg,2022-04-06 15:00:00,30,15,2,0,-0.7071067811865471,-0.7071067811865479,0,4,1,0,0.5013220518244316,0.17985611510791366,Low
,31.3,0.0,65.1,8,General,mixed baskets,2022-04-06 16:00:00,32,16,2,0,-0.8660254037844385,-0.5000000000000004,0,3,0,0,0.8291909042834479,0.19424460431654678,Low
,27.85,0.0,41.3,10,Produce,fresh fruit and veg,2022-04-06 17:00:00,89,17,2,0,-0.9659258262890683,-0.25881904510252063,0,4,1,0,0.6467477525118984,0.60431654676259,Peak
,24.09,0.0,62.7,10,Produce,fresh fruit and veg,2022-04-06 18:00:00,80,18,2,0,-1.0,-1.8369701987210297e-16,0,4,1,0,0.4479111581173981,0.539568345323741,Peak
,26.79,0.0,64.2,8,Produce,fresh fruit and veg,2022-04-06 19:00:00,78,19,2,0,-0.9659258262890684,0.2588190451025203,0,4,1,0,0.590692755156002,0.5251798561151079,High
,18.7,0.0,57.0,10,Dairy,milk and yogurt aisle,2022-04-06 20:00:00,83,20,2,0,-0.8660254037844386,0.5000000000000001,0,1,1,0,0.16287678476996295,0.5611510791366906,Peak
,24.45,0.0,39.9,5,Bakery,bread and pastry,2022-04-06 21:00:00,59,21,2,0,-0.7071067811865477,0.7071067811865474,0,0,1,0,0.466948704389212,0.38848920863309355,High
,29.01,0.0,49.3,6,General,mixed baskets,2022-04-06 22:00:00,25,22,2,0,-0.5000000000000004,0.8660254037844384,0,3,0,0,0.7080909571655208,0.14388489208633093,Low
,24.51,0.0,53.8,8,General,mixed baskets,2022-04-06 23:00:00,31,23,2,0,-0.25881904510252157,0.9659258262890681,0,3,0,0,0.47012162876784774,0.18705035971223022,Low
,26.24,0.0,57.2,11,Produce,fresh fruit and veg,2022-04-07 00:00:00,19,0,3,0,0.0,1.0,0,4,1,0,0.5616076150185085,0.10071942446043165,Low
,23.0,0.35,46.1,7,Dairy,milk and yogurt aisle,2022-04-07 01:00:00,45,1,3,0,0.25881904510252074,0.9659258262890683,0,1,1,1,0.390269698572184,0.28776978417266186,Medium
,27.84,0.0,53.0,6,Bakery,bread and pastry,2022-04-07 02:00:00,35,2,3,0,0.49999999999999994,0.8660254037844387,0,0,1,0,0.6462189317821257,0.2158273381294964,Low
,26.16,0.0,60.6,7,Frozen,frozen foods,2022-04-07 03:00:00,31,3,3,0,0.7071067811865476,0.7071067811865476,0,2,0,0,0.5573770491803278,0.18705035971223022,Low
,25.87,0.0,50.6,4,Produce,fresh fruit and veg,2022-04-07 04:00:00,30,4,3,0,0.8660254037844386,0.5000000000000001,0,4,1,0,0.5420412480169222,0.17985611510791366,Low
,28.2,0.0,52.5,3,Bakery,bread and pastry,2022-04-07 05:00:00,48,5,3,0,0.9659258262890683,0.25881904510252074,0,0,1,0,0.6652564780539396,0.30935251798561153,Medium
,29.95,6.81,71.7,9,General,mixed baskets,2022-04-07 06:00:00,38,6,3,0,1.0,6.123233995736766e-17,0,3,0,1,0.7578001057641458,0.23741007194244604,Low
,27.85,0.0,43.7,9,General,mixed baskets,2022-04-07 07:00:00,33,7,3,0,0.9659258262890683,-0.25881904510252063,0,3,0,0,0.6467477525118984,0.2014388489208633,Low
,21.53,1.47,56.5,7,Produce,fresh fruit and veg,2022-04-07 08:00:00,55,8,3,0,0.8660254037844387,-0.4999999999999998,0,4,1,1,0.3125330512956108,0.3597122302158273,Medium
,26.85,0.0,53.2,4,Dairy,milk and yogurt aisle,2022-04-07 09:00:00,27,9,3,0,0.7071067811865476,-0.7071067811865475,0,1,1,0,0.5938656795346378,0.15827338129496402,Low
,26.51,0.0,60.9,8,General,mixed baskets,2022-04-07 10:00:00,79,10,3,0,0.49999999999999994,-0.8660254037844387,0,3,0,0,0.5758857747223691,0.5323741007194245,Peak
,22.99,0.0,48.6,12,General,mixed baskets,2022-04-07 11:00:00,126,11,3,0,0.258819045102521,-0.9659258262890682,0,3,0,0,0.3897408778424113,0.8705035971223022,Peak
,21.81,0.0,44.5,6,Produce,fresh fruit and veg,2022-04-07 12:00:00,90,12,3,0,1.2246467991473532e-16,-1.0,0,4,1,0,0.3273400317292437,0.6115107913669064,Peak
,24.82,0.0,51.0,8,Dairy,milk and yogurt aisle,2022-04-07 13:00:00,88,13,3,0,-0.2588190451025208,-0.9659258262890683,0,1,1,0,0.48651507139079847,0.5971223021582733,Peak
,25.09,2.4,55.1,6,Produce,fresh fruit and veg,2022-04-07 14:00:00,31,14,3,0,-0.4999999999999997,-0.8660254037844388,0,4,1,1,0.5007932310946589,0.18705035971223022,Low
,25.66,0.0,59.4,6,General,mixed baskets,2022-04-07 15:00:00,38,15,3,0,-0.7071067811865471,-0.7071067811865479,0,3,0,0,0.5309360126916974,0.23741007194244604,Low
,24.0,0.0,50.5,7,General,mixed baskets,2022-04-07 16:00:00,49,16,3,0,-0.8660254037844385,-0.5000000000000004,0,3,0,0,0.4431517715494447,0.31654676258992803,Medium
,26.22,0.0,42.5,13,General,mixed baskets,2022-04-07 17:00:00,84,17,3,0,-0.9659258262890683,-0.25881904510252063,0,3,0,0,0.5605499735589634,0.5683453237410072,Peak
,26.56,0.0,59.8,11,Dairy,milk and yogurt aisle,2022-04-07 18:00:00,81,18,3,0,-1.0,-1.8369701987210297e-16,0,1,1,0,0.578529878371232,0.5467625899280576,Peak
,25.1,0.0,54.3,9,General,mixed baskets,2022-04-07 19:00:00,71,19,3,0,-0.9659258262890684,0.2588190451025203,0,3,0,0,0.5013220518244316,0.4748201438848921,High
,26.78,0.0,56.4,11,Produce,fresh fruit and veg,2022-04-07 20:00:00,57,20,3,0,-0.8660254037844386,0.5000000000000001,0,4,1,0,0.5901639344262295,0.37410071942446044,High
,24.35,0.0,58.1,9,General,mixed baskets,2022-04-07 21:00:00,43,21,3,0,-0.7071067811865477,0.7071067811865474,0,3,0,0,0.461660497091486,0.2733812949640288,Medium
,21.89,0.0,63.4,9,Produce,fresh fruit and veg,2022-04-07 22:00:00,58,22,3,0,-0.5000000000000004,0.8660254037844384,0,4,1,0,0.33157059756742463,0.381294964028777,High
,25.8,2.42,54.9,5,General,mixed baskets,2022-04-07 23:00:00,52,23,3,0,-0.25881904510252157,0.9659258262890681,0,3,0,1,0.538339502908514,0.3381294964028777,Medium
,28.0,3.56,70.6,5,Frozen,frozen foods,2022-04-08 00:00:00,37,0,4,0,0.0,1.0,0,2,0,1,0.6546800634584875,0.2302158273381295,Low
,32.54,0.0,55.5,4,Dairy,milk and yogurt aisle,2022-04-08 01:00:00,49,1,4,0,0.25881904510252074,0.9659258262890683,0,1,1,0,0.8947646747752511,0.31654676258992803,Medium
,20.48,0.0,55.4,7,Frozen,frozen foods,2022-04-08 02:00:00,35,2,4,0,0.49999999999999994,0.8660254037844387,0,2,0,0,0.2570068746694871,0.2158273381294964,Low
,24.53,2.48,61.6,6,General,mixed baskets,2022-04-08 03:00:00,39,3,4,0,0.7071067811865476,0.7071067811865476,0,3,0,1,0.4711792702273929,0.2446043165467626,Low
,23.6,0.0,51.2,11,General,mixed baskets,2022-04-08 04:00:00,25,4,4,0,0.8660254037844386,0.5000000000000001,0,3,0,0,0.42199894235854046,0.14388489208633093,Low
,26.47,0.0,56.6,3,Dairy,milk and yogurt aisle,2022-04-08 05:00:00,36,5,4,0,0.9659258262890683,0.25881904510252074,0,1,1,0,0.5737704918032785,0.22302158273381295,Low
,23.6,0.0,55.2,6,General,mixed baskets,2022-04-08 06:00:00,41,6,4,0,1.0,6.123233995736766e-17,0,3,0,0,0.42199894235854046,0.2589928057553957,Medium
,26.11,0.0,60.4,7,General,mixed baskets,2022-04-08 07:00:00,37,7,4,0,0.9659258262890683,-0.25881904510252063,0,3,0,0,0.5547329455314647,0.2302158273381295,Low
,28.27,0.0,66.8,11,Dairy,milk and yogurt aisle,2022-04-08 08:00:00,49,8,4,0,0.8660254037844387,-0.4999999999999998,0,1,1,0,0.6689582231623479,0.31654676258992803,Medium
,23.92,0.0,47.1,3,Produce,fresh fruit and veg,2022-04-08 09:00:00,62,9,4,0,0.7071067811865476,-0.7071067811865475,0,4,1,0,0.4389212057112639,0.41007194244604317,High
,25.62,0.0,70.4,7,General,mixed baskets,2022-04-08 10:00:00,110,10,4,0,0.49999999999999994,-0.8660254037844387,0,3,0,0,0.5288207297726071,0.7553956834532374,Peak
,29.84,0.0,63.6,11,Bakery,bread and pastry,2022-04-08 11:00:00,91,11,4,0,0.258819045102521,-0.9659258262890682,0,0,1,0,0.7519830777366472,0.6187050359712231,Peak
,28.01,0.0,45.8,8,General,mixed baskets,2022-04-08 12:00:00,86,12,4,0,1.2246467991473532e-16,-1.0,0,3,0,0,0.6552088841882602,0.5827338129496403,Peak
,21.76,0.0,53.9,12,Dairy,milk and yogurt aisle,2022-04-08 13:00:00,87,13,4,0,-0.2588190451025208,-0.9659258262890683,0,1,1,0,0.32469592808038084,0.5899280575539568,Peak
,30.99,0.0,54.9,12,Produce,fresh fruit and veg,2022-04-08 14:00:00,28,14,4,0,-0.4999999999999997,-0.8660254037844388,0,4,1,0,0.8127974616604969,0.16546762589928057,Low
,24.11,0.0,64.3,11,Dairy,milk and yogurt aisle,2022-04-08 15:00:00,40,15,4,0,-0.7071067811865471,-0.7071067811865479,0,1,1,0,0.44896879957694336,0.2517985611510791,Medium
,26.57,0.0,47.2,11,Produce,fresh fruit and veg,2022-04-08 16:00:00,45,16,4,0,-0.8660254037844385,-0.5000000000000004,0,4,1,0,0.5790586991010047,0.28776978417266186,Medium
,24.78,0.0,68.6,10,General,mixed baskets,2022-04-08 17:00:00,77,17,4,0,-0.9659258262890683,-0.25881904510252063,0,3,0,0,0.4843997884717081,0.5179856115107914,High
,24.68,0.0,46.3,11,Bakery,bread and pastry,2022-04-08 18:00:00,77,18,4,0,-1.0,-1.8369701987210297e-16,0,0,1,0,0.47911158117398195,0.5179856115107914,High
,24.08,0.0,52.1,11,Produce,fresh fruit and veg,2022-04-08 19:00:00,76,19,4,0,-0.9659258262890684,0.2588190451025203,0,4,1,0,0.44738233738762545,0.5107913669064749,High
,27.37,0.0,50.1,5,Produce,fresh fruit and veg,2022-04-08 20:00:00,73,20,4,0,-0.8660254037844386,0.5000000000000001,0,4,1,0,0.6213643574828133,0.4892086330935252,High
,23.88,0.0,45.1,7,Bakery,bread and pastry,2022-04-08 21:00:00,31,21,4,0,-0.7071067811865477,0.7071067811865474,0,0,1,0,0.43680592279217334,0.18705035971223022,Low
,22.67,0.0,45.9,7,Produce,fresh fruit and veg,2022-04-08 22:00:00,60,22,4,0,-0.5000000000000004,0.8660254037844384,0,4,1,0,0.37281861448968806,0.39568345323741005,High
,24.4,0.0,50.3,9,General,mixed baskets,2022-04-08 23:00:00,52,23,4,0,-0.25881904510252157,0.9659258262890681,0,3,0,0,0.4643046007403489,0.3381294964028777,Medium
,25.8,0.0,52.8,8,Produce,fresh fruit and veg,2022-04-09 00:00:00,49,0,5,1,0.0,1.0,0,4,1,0,0.538339502908514,0.31654676258992803,Medium
,20.79,0.0,50.0,10,Dairy,milk and yogurt aisle,2022-04-09 01:00:00,49,1,5,1,0.25881904510252074,0.9659258262890683,0,1,1,0,0.2734003172924378,0.31654676258992803,Medium
,27.79,0.94,50.4,7,Produce,fresh fruit and veg,2022-04-09 02:00:00,52,2,5,1,0.49999999999999994,0.8660254037844387,0,4,1,1,0.6435748281332627,0.3381294964028777,Medium
,24.01,0.0,34.4,8,Produce,fresh fruit and veg,2022-04-09 03:00:00,60,3,5,1,0.7071067811865476,0.7071067811865476,0,4,1,0,0.44368059227921736,0.39568345323741005,High
,27.61,0.06,52.9,4,Bakery,bread and pastry,2022-04-09 04:00:00,75,4,5,1,0.8660254037844386,0.5000000000000001,0,0,1,1,0.6340560549973557,0.5035971223021583,High
,29.26,0.53,71.5,3,Frozen,frozen foods,2022-04-09 05:00:00,72,5,5,1,0.9659258262890683,0.25881904510252074,0,2,0,1,0.7213114754098361,0.48201438848920863,High
,26.6,0.24,68.9,7,Frozen,frozen foods,2022-04-09 06:00:00,72,6,5,1,1.0,6.123233995736766e-17,0,2,0,1,0.5806451612903226,0.48201438848920863,High
,27.15,0.44,65.5,8,Bakery,bread and pastry,2022-04-09 07:00:00,73,7,5,1,0.9659258262890683,-0.25881904510252063,0,0,1,1,0.6097303014278158,0.4892086330935252,High
,24.69,2.72,60.0,5,Produce,fresh fruit and veg,2022-04-09 08:00:00,73,8,5,1,0.8660254037844387,-0.4999999999999998,0,4,1,1,0.4796404019037546,0.4892086330935252,High
,24.14,1.26,62.8,11,General,mixed baskets,2022-04-09 09:00:00,68,9,5,1,0.7071067811865476,-0.7071067811865475,0,3,0,1,0.4505552617662612,0.45323741007194246,High
,21.08,0.0,50.7,11,Frozen,frozen foods,2022-04-09 10:00:00,120,10,5,1,0.49999999999999994,-0.8660254037844387,0,2,0,0,0.28873611845584335,0.8273381294964028,Peak
,25.33,0.0,51.2,9,Produce,fresh fruit and veg,2022-04-09 11:00:00,113,11,5,1,0.258819045102521,-0.9659258262890682,0,4,1,0,0.5134849286092014,0.7769784172661871,Peak
,24.45,0.0,56.2,7,Dairy,milk and yogurt aisle,2022-04-09 12:00:00,94,12,5,1,1.2246467991473532e-16,-1.0,0,1,1,0,0.466948704389212,0.6402877697841727,Peak
,19.9,0.0,63.1,13,Bakery,bread and pastry,2022-04-09 13:00:00,113,13,5,1,-0.2588190451025208,-0.9659258262890683,0,0,1,0,0.22633527234267575,0.7769784172661871,Peak
,26.5,1.41,55.3,5,Produce,fresh fruit and veg,2022-04-09 14:00:00,81,14,5,1,-0.4999999999999997,-0.8660254037844388,0,4,1,1,0.5753569539925965,0.5467625899280576,Peak
,29.61,0.0,49.7,6,General,mixed baskets,2022-04-09 15:00:00,53,15,5,1,-0.7071067811865471,-0.7071067811865479,0,3,0,0,0.7398202009518772,0.34532374100719426,Medium
,26.82,0.0,54.7,9,General,mixed baskets,2022-04-09 16:00:00,52,16,5,1,-0.8660254037844385,-0.5000000000000004,0,3,0,0,0.5922792173453199,0.3381294964028777,Medium
,28.72,0.0,43.2,11,Dairy,milk and yogurt aisle,2022-04-09 17:00:00,107,17,5,1,-0.9659258262890683,-0.25881904510252063,0,1,1,0,0.6927551560021151,0.7338129496402878,Peak
,25.15,0.0,61.8,12,Frozen,frozen foods,2022-04-09 18:00:00,95,18,5,1,-1.0,-1.8369701987210297e-16,0,2,0,0,0.5039661554732944,0.6474820143884892,Peak
,23.28,0.0,63.1,12,Frozen,frozen foods,2022-04-09 19:00:00,89,19,5,1,-0.9659258262890684,0.2588190451025203,0,2,0,0,0.40507667900581706,0.60431654676259,Peak
,25.98,0.0,64.4,12,Dairy,milk and yogurt aisle,2022-04-09 20:00:00,113,20,5,1,-0.8660254037844386,0.5000000000000001,0,1,1,0,0.5478582760444209,0.7769784172661871,Peak
,24.95,0.78,63.5,10,Dairy,milk and yogurt aisle,2022-04-09 21:00:00,67,21,5,1,-0.7071067811865477,0.7071067811865474,0,1,1,1,0.4933897408778423,0.4460431654676259,High
,22.98,0.0,50.3,7,Produce,fresh fruit and veg,2022-04-09 22:00:00,69,22,5,1,-0.5000000000000004,0.8660254037844384,0,4,1,0,0.3892120571126388,0.460431654676259,High
,28.4,0.42,54.4,5,Frozen,frozen foods,2022-04-09 23:00:00,53,23,5,1,-0.25881904510252157,0.9659258262890681,0,2,0,1,0.6758328926493917,0.34532374100719426,Medium
,26.22,0.0,47.5,3,Frozen,frozen foods,2022-04-10 00:00:00,65,0,6,1,0.0,1.0,0,2,0,0,0.5605499735589634,0.4316546762589928,High
,24.16,0.0,57.4,11,Dairy,milk and yogurt aisle,2022-04-10 01:00:00,64,1,6,1,0.25881904510252074,0.9659258262890683,0,1,1,0,0.45161290322580644,0.4244604316546763,High
,26.29,0.0,72.3,9,Produce,fresh fruit and veg,2022-04-10 02:00:00,69,2,6,1,0.49999999999999994,0.8660254037844387,0,4,1,0,0.5642517186673717,0.460431654676259,High
,25.43,2.89,55.8,3,Produce,fresh fruit and veg,2022-04-10 03:00:00,73,3,6,1,0.7071067811865476,0.7071067811865476,0,4,1,1,0.5187731359069275,0.4892086330935252,High
,27.35,0.0,60.2,7,Bakery,bread and pastry,2022-04-10 04:00:00,73,4,6,1,0.8660254037844386,0.5000000000000001,0,0,1,0,0.6203067160232681,0.4892086330935252,High
,29.79,0.0,65.9,10,Produce,fresh fruit and veg,2022-04-10 05:00:00,62,5,6,1,0.9659258262890683,0.25881904510252074,0,4,1,0,0.749338974087784,0.41007194244604317,High
,24.26,0.0,46.7,9,Produce,fresh fruit and veg,2022-04-10 06:00:00,68,6,6,1,1.0,6.123233995736766e-17,0,4,1,0,0.45690111052353255,0.45323741007194246,High
,22.83,0.0,71.9,11,Bakery,bread and pastry,2022-04-10 07:00:00,46,7,6,1,0.9659258262890683,-0.25881904510252063,0,0,1,0,0.3812797461660496,0.2949640287769784,Medium
,29.25,0.0,49.7,11,General,mixed baskets,2022-04-10 08:00:00,67,8,6,1,0.8660254037844387,-0.4999999999999998,0,3,0,0,0.7207826546800633,0.4460431654676259,High
,31.8,0.0,54.2,9,Bakery,bread and pastry,2022-04-10 09:00:00,68,9,6,1,0.7071067811865476,-0.7071067811865475,0,0,1,0,0.855631940772078,0.45323741007194246,High
,24.29,0.0,58.3,8,Bakery,bread and pastry,2022-04-10 10:00:00,110,10,6,1,0.49999999999999994,-0.8660254037844387,0,0,1,0,0.45848757271285023,0.7553956834532374,Peak
,23.54,0.0,62.4,12,Dairy,milk and yogurt aisle,2022-04-10 11:00:00,105,11,6,1,0.258819045102521,-0.9659258262890682,0,1,1,0,0.4188260179799047,0.7194244604316546,Peak
,22.82,0.0,61.4,10,Produce,fresh fruit and veg,2022-04-10 12:00:00,114,12,6,1,1.2246467991473532e-16,-1.0,0,4,1,0,0.3807509254362771,0.7841726618705036,Peak
,25.8,0.0,53.0,12,Bakery,bread and pastry,2022-04-10 13:00:00,100,13,6,1,-0.2588190451025208,-0.9659258262890683,0,0,1,0,0.538339502908514,0.6834532374100719,Peak
,26.08,0.0,49.8,5,General,mixed baskets,2022-04-10 14:00:00,64,14,6,1,-0.4999999999999997,-0.8660254037844388,0,3,0,0,0.5531464833421469,0.4244604316546763,High
,25.17,0.0,36.4,6,Bakery,bread and pastry,2022-04-10 15:00:00,63,15,6,1,-0.7071067811865471,-0.7071067811865479,0,0,1,0,0.5050237969328398,0.4172661870503597,High
,27.91,0.0,51.0,8,Dairy,milk and yogurt aisle,2022-04-10 16:00:00,48,16,6,1,-0.8660254037844385,-0.5000000000000004,0,1,1,0,0.649920676890534,0.30935251798561153,Medium
,23.78,0.0,65.1,13,Dairy,milk and yogurt aisle,2022-04-10 17:00:00,95,17,6,1,-0.9659258262890683,-0.25881904510252063,0,1,1,0,0.4315177154944474,0.6474820143884892,Peak
,24.34,0.0,48.7,10,General,mixed baskets,2022-04-10 18:00:00,107,18,6,1,-1.0,-1.8369701987210297e-16,0,3,0,0,0.4611316763617133,0.7338129496402878,Peak
,22.69,0.0,59.9,10,Dairy,milk and yogurt aisle,2022-04-10 19:00:00,107,19,6,1,-0.9659258262890684,0.2588190451025203,0,1,1,0,0.37387625594923324,0.7338129496402878,Peak
,29.29,0.0,60.7,8,Bakery,bread and pastry,2022-04-10 20:00:00,107,20,6,1,-0.8660254037844386,0.5000000000000001,0,0,1,0,0.7228979375991538,0.7338129496402878,Peak
,28.51,0.0,56.4,5,General,mixed baskets,2022-04-10 21:00:00,58,21,6,1,-0.7071067811865477,0.7071067811865474,0,3,0,0,0.6816499206768906,0.381294964028777,High
,29.09,0.0,50.6,11,General,mixed baskets,2022-04-10 22:00:00,55,22,6,1,-0.5000000000000004,0.8660254037844384,0,3,0,0,0.7123215230037017,0.3597122302158273,Medium
,23.72,0.0,50.6,11,Frozen,frozen foods,2022-04-10 23:00:00,55,23,6,1,-0.25881904510252157,0.9659258262890681,0,2,0,0,0.42834479111581164,0.3597122302158273,Medium
,29.15,0.0,54.7,10,Dairy,milk and yogurt aisle,2022-04-11 00:00:00,47,0,0,0,0.0,1.0,0,1,1,0,0.7154944473823373,0.302158273381295,Medium
,26.54,0.0,41.0,7,Produce,fresh fruit and veg,2022-04-11 01:00:00,68,1,0,0,0.25881904510252074,0.9659258262890683,0,4,1,0,0.5774722369116868,0.45323741007194246,High
,27.61,0.0,66.2,7,Bakery,bread and pastry,2022-04-11 02:00:00,56,2,0,0,0.49999999999999994,0.8660254037844387,0,0,1,0,0.6340560549973557,0.3669064748201439,High
,27.26,0.0,46.7,10,Dairy,milk and yogurt aisle,2022-04-11 03:00:00,59,3,0,0,0.7071067811865476,0.7071067811865476,0,1,1,0,0.6155473294553147,0.38848920863309355,High
,25.02,0.0,50.0,4,General,mixed baskets,2022-04-11 04:00:00,56,4,0,0,0.8660254037844386,0.5000000000000001,0,3,0,0,0.4970914859862506,0.3669064748201439,High
,25.4,0.0,50.1,5,Produce,fresh fruit and veg,2022-04-11 05:00:00,20,5,0,0,0.9659258262890683,0.25881904510252074,0,4,1,0,0.5171866737176096,0.1079136690647482,Low
,21.98,0.0,52.7,5,General,mixed baskets,2022-04-11 06:00:00,37,6,0,0,1.0,6.123233995736766e-17,0,3,0,0,0.3363299841353781,0.2302158273381295,Low
,24.45,0.0,58.1,8,Bakery,bread and pastry,2022-04-11 07:00:00,34,7,0,0,0.9659258262890683,-0.25881904510252063,0,0,1,0,0.466948704389212,0.20863309352517986,Low
,25.26,0.0,64.7,6,Dairy,milk and yogurt aisle,2022-04-11 08:00:00,54,8,0,0,0.8660254037844387,-0.4999999999999998,0,1,1,0,0.5097831835007932,0.35251798561151076,Medium
,22.94,0.0,56.8,7,Produce,fresh fruit and veg,2022-04-11 09:00:00,60,9,0,0,0.7071067811865476,-0.7071067811865475,0,4,1,0,0.38709677419354843,0.39568345323741005,High
,26.07,0.0,67.6,10,Produce,fresh fruit and veg,2022-04-11 10:00:00,87,10,0,0,0.49999999999999994,-0.8660254037844387,0,4,1,0,0.5526176626123743,0.5899280575539568,Peak
,29.02,0.0,52.1,11,Bakery,bread and pastry,2022-04-11 11:00:00,95,11,0,0,0.258819045102521,-0.9659258262890682,0,0,1,0,0.7086197778952934,0.6474820143884892,Peak
,24.6,0.0,60.6,7,Bakery,bread and pastry,2022-04-11 12:00:00,101,12,0,0,1.2246467991473532e-16,-1.0,0,0,1,0,0.4748810153358012,0.6906474820143885,Peak
,23.42,0.0,61.4,7,Produce,fresh fruit and veg,2022-04-11 13:00:00,89,13,0,0,-0.2588190451025208,-0.9659258262890683,0,4,1,0,0.4124801692226336,0.60431654676259,Peak
,23.7,0.0,56.2,12,General,mixed baskets,2022-04-11 14:00:00,32,14,0,0,-0.4999999999999997,-0.8660254037844388,0,3,0,0,0.42728714965626646,0.19424460431654678,Low
,26.3,0.0,60.4,10,Dairy,milk and yogurt aisle,2022-04-11 15:00:00,31,15,0,0,-0.7071067811865471,-0.7071067811865479,0,1,1,0,0.5647805393971443,0.18705035971223022,Low
,30.19,0.0,47.0,12,General,mixed baskets,2022-04-11 16:00:00,50,16,0,0,-0.8660254037844385,-0.5000000000000004,0,3,0,0,0.7704918032786885,0.3237410071942446,Medium
,26.24,0.0,65.7,6,Produce,fresh fruit and veg,2022-04-11 17:00:00,64,17,0,0,-0.9659258262890683,-0.25881904510252063,0,4,1,0,0.5616076150185085,0.4244604316546763,High
,25.97,0.0,61.6,8,Produce,fresh fruit and veg,2022-04-11 18:00:00,88,18,0,0,-1.0,-1.8369701987210297e-16,0,4,1,0,0.5473294553146482,0.5971223021582733,Peak
,22.74,0.0,56.4,6,Frozen,frozen foods,2022-04-11 19:00:00,76,19,0,0,-0.9659258262890684,0.2588190451025203,0,2,0,0,0.37652035959809615,0.5107913669064749,High
,26.66,0.0,52.3,8,General,mixed baskets,2022-04-11 20:00:00,84,20,0,0,-0.8660254037844386,0.5000000000000001,0,3,0,0,0.5838180856689582,0.5683453237410072,Peak
,27.4,0.0,61.8,5,General,mixed baskets,2022-04-11 21:00:00,58,21,0,0,-0.7071067811865477,0.7071067811865474,0,3,0,0,0.622950819672131,0.381294964028777,High
,24.82,0.0,46.4,11,Bakery,bread and pastry,2022-04-11 22:00:00,31,22,0,0,-0.5000000000000004,0.8660254037844384,0,0,1,0,0.48651507139079847,0.18705035971223022,Low
,25.77,1.96,66.9,6,Produce,fresh fruit and veg,2022-04-11 23:00:00,30,23,0,0,-0.25881904510252157,0.9659258262890681,0,4,1,1,0.5367530407191962,0.17985611510791366,Low
,24.16,0.72,64.7,3,Frozen,frozen foods,2022-04-12 00:00:00,45,0,1,0,0.0,1.0,0,2,0,1,0.45161290322580644,0.28776978417266186,Medium
,27.65,0.0,75.1,10,Dairy,milk and yogurt aisle,2022-04-12 01:00:00,27,1,1,0,0.25881904510252074,0.9659258262890683,0,1,1,0,0.6361713379164462,0.15827338129496402,Low
,29.14,0.0,54.4,3,Bakery,bread and pastry,2022-04-12 02:00:00,31,2,1,0,0.49999999999999994,0.8660254037844387,0,0,1,0,0.7149656266525647,0.18705035971223022,Low
,26.76,0.0,66.0,8,Frozen,frozen foods,2022-04-12 03:00:00,38,3,1,0,0.7071067811865476,0.7071067811865476,0,2,0,0,0.5891062929666843,0.23741007194244604,Low
,27.08,0.0,60.1,6,Bakery,bread and pastry,2022-04-12 04:00:00,41,4,1,0,0.8660254037844386,0.5000000000000001,0,0,1,0,0.6060285563194076,0.2589928057553957,Medium
,25.94,0.0,42.3,5,General,mixed baskets,2022-04-12 05:00:00,25,5,1,0,0.9659258262890683,0.25881904510252074,0,3,0,0,0.5457429931253305,0.14388489208633093,Low
,24.21,0.0,44.8,7,General,mixed baskets,2022-04-12 06:00:00,35,6,1,0,1.0,6.123233995736766e-17,0,3,0,0,0.45425700687466947,0.2158273381294964,Low
,23.89,0.0,50.9,3,General,mixed baskets,2022-04-12 07:00:00,46,7,1,0,0.9659258262890683,-0.25881904510252063,0,3,0,0,0.43733474352194607,0.2949640287769784,Medium
,24.81,0.0,64.4,8,General,mixed baskets,2022-04-12 08:00:00,56,8,1,0,0.8660254037844387,-0.4999999999999998,0,3,0,0,0.4859862506610258,0.3669064748201439,High
,26.1,0.0,66.7,9,Dairy,milk and yogurt aisle,2022-04-12 09:00:00,16,9,1,0,0.7071067811865476,-0.7071067811865475,0,1,1,0,0.5542041248016922,0.07913669064748201,Low
,25.8,0.0,53.2,11,General,mixed baskets,2022-04-12 10:00:00,110,10,1,0,0.49999999999999994,-0.8660254037844387,0,3,0,0,0.538339502908514,0.7553956834532374,Peak
,28.34,0.0,58.6,9,General,mixed baskets,2022-04-12 11:00:00,105,11,1,0,0.258819045102521,-0.9659258262890682,0,3,0,0,0.6726599682707561,0.7194244604316546,Peak
,27.66,0.0,56.9,10,Frozen,frozen foods,2022-04-12 12:00:00,82,12,1,0,1.2246467991473532e-16,-1.0,0,2,0,0,0.6367001586462189,0.5539568345323741,Peak
,29.52,0.0,35.3,8,Produce,fresh fruit and veg,2022-04-12 13:00:00,77,13,1,0,-0.2588190451025208,-0.9659258262890683,0,4,1,0,0.7350608143839237,0.5179856115107914,High
,27.75,2.81,72.3,10,Bakery,bread and pastry,2022-04-12 14:00:00,44,14,1,0,-0.4999999999999997,-0.8660254037844388,0,0,1,1,0.6414595452141724,0.2805755395683453,Medium
,25.21,0.0,66.4,13,General,mixed baskets,2022-04-12 15:00:00,34,15,1,0,-0.7071067811865471,-0.7071067811865479,0,3,0,0,0.5071390798519302,0.20863309352517986,Low
,26.06,0.0,37.3,13,Produce,fresh fruit and veg,2022-04-12 16:00:00,41,16,1,0,-0.8660254037844385,-0.5000000000000004,0,4,1,0,0.5520888418826017,0.2589928057553957,Medium
,21.78,0.0,47.6,8,Produce,fresh fruit and veg,2022-04-12 17:00:00,85,17,1,0,-0.9659258262890683,-0.25881904510252063,0,4,1,0,0.325753569539926,0.5755395683453237,Peak
,29.98,0.0,54.5,11,Produce,fresh fruit and veg,2022-04-12 18:00:00,70,18,1,0,-1.0,-1.8369701987210297e-16,0,4,1,0,0.7593865679534637,0.4676258992805755,High
,24.37,0.0,54.5,5,Dairy,milk and yogurt aisle,2022-04-12 19:00:00,76,19,1,0,-0.9659258262890684,0.2588190451025203,0,1,1,0,0.4627181385510312,0.5107913669064749,High
,24.81,0.0,63.5,6,Dairy,milk and yogurt aisle,2022-04-12 20:00:00,80,20,1,0,-0.8660254037844386,0.5000000000000001,0,1,1,0,0.4859862506610258,0.539568345323741,Peak
,30.36,0.0,64.5,4,Dairy,milk and yogurt aisle,2022-04-12 21:00:00,50,21,1,0,-0.7071067811865477,0.7071067811865474,0,1,1,0,0.7794817556848227,0.3237410071942446,Medium
,23.15,0.0,50.7,8,Produce,fresh fruit and veg,2022-04-12 22:00:00,61,22,1,0,-0.5000000000000004,0.8660254037844384,0,4,1,0,0.39820200951877305,0.4028776978417266,High
,24.29,0.0,60.6,5,Dairy,milk and yogurt aisle,2022-04-12 23:00:00,60,23,1,0,-0.25881904510252157,0.9659258262890681,0,1,1,0,0.45848757271285023,0.39568345323741005,High
,25.64,0.0,50.0,7,General,mixed baskets,2022-04-13 00:00:00,42,0,2,0,0.0,1.0,0,3,0,0,0.5298783712321523,0.26618705035971224,Medium
,24.35,0.0,52.6,11,General,mixed baskets,2022-04-13 01:00:00,37,1,2,0,0.25881904510252074,0.9659258262890683,0,3,0,0,0.461660497091486,0.2302158273381295,Low
,26.02,0.0,57.0,3,General,mixed baskets,2022-04-13 02:00:00,68,2,2,0,0.49999999999999994,0.8660254037844387,0,3,0,0,0.5499735589635113,0.45323741007194246,High
,26.41,0.0,59.5,4,Dairy,milk and yogurt aisle,2022-04-13 03:00:00,47,3,2,0,0.7071067811865476,0.7071067811865476,0,1,1,0,0.570597567424643,0.302158273381295,Medium
,27.38,0.0,50.1,5,Produce,fresh fruit and veg,2022-04-13 04:00:00,45,4,2,0,0.8660254037844386,0.5000000000000001,0,4,1,0,0.6218931782125858,0.28776978417266186,Medium
,25.54,0.0,70.4,10,General,mixed baskets,2022-04-13 05:00:00,26,5,2,0,0.9659258262890683,0.25881904510252074,0,3,0,0,0.5245901639344261,0.1510791366906475,Low
,27.53,0.0,56.8,7,General,mixed baskets,2022-04-13 06:00:00,49,6,2,0,1.0,6.123233995736766e-17,0,3,0,0,0.629825489159175,0.31654676258992803,Medium
,24.98,0.0,55.2,9,Frozen,frozen foods,2022-04-13 07:00:00,30,7,2,0,0.9659258262890683,-0.25881904510252063,0,2,0,0,0.4949762030671602,0.17985611510791366,Low
,27.32,0.0,61.3,7,Frozen,frozen foods,2022-04-13 08:00:00,34,8,2,0,0.8660254037844387,-0.4999999999999998,0,2,0,0,0.6187202538339502,0.20863309352517986,Low
,28.74,0.0,50.1,7,Dairy,milk and yogurt aisle,2022-04-13 09:00:00,24,9,2,0,0.7071067811865476,-0.7071067811865475,0,1,1,0,0.6938127974616604,0.1366906474820144,Low
,21.5,0.0,57.6,6,General,mixed baskets,2022-04-13 10:00:00,88,10,2,0,0.49999999999999994,-0.8660254037844387,0,3,0,0,0.31094658910629297,0.5971223021582733,Peak
,25.25,0.0,35.5,6,Bakery,bread and pastry,2022-04-13 11:00:00,95,11,2,0,0.258819045102521,-0.9659258262890682,0,0,1,0,0.5092543627710205,0.6474820143884892,Peak
,26.26,0.0,41.4,5,Produce,fresh fruit and veg,2022-04-13 12:00:00,77,12,2,0,1.2246467991473532e-16,-1.0,0,4,1,0,0.562665256478054,0.5179856115107914,High
,21.11,0.0,52.2,10,Dairy,milk and yogurt aisle,2022-04-13 13:00:00,84,13,2,0,-0.2588190451025208,-0.9659258262890683,0,1,1,0,0.29032258064516125,0.5683453237410072,Peak
,18.21,0.0,51.4,6,Produce,fresh fruit and veg,2022-04-13 14:00:00,39,14,2,0,-0.4999999999999997,-0.8660254037844388,0,4,1,0,0.1369645690111053,0.2446043165467626,Low
,26.59,0.0,52.3,13,Dairy,milk and yogurt aisle,2022-04-13 15:00:00,24,15,2,0,-0.7071067811865471,-0.7071067811865479,0,1,1,0,0.58011634056055,0.1366906474820144,Low
,24.2,0.31,50.8,7,Frozen,frozen foods,2022-04-13 16:00:00,25,16,2,0,-0.8660254037844385,-0.5000000000000004,0,2,0,1,0.4537281861448968,0.14388489208633093,Low
,27.76,1.72,64.9,5,General,mixed baskets,2022-04-13 17:00:00,65,17,2,0,-0.9659258262890683,-0.25881904510252063,0,3,0,1,0.641988365943945,0.4316546762589928,High
,25.79,0.0,64.8,6,General,mixed baskets,2022-04-13 18:00:00,58,18,2,0,-1.0,-1.8369701987210297e-16,0,3,0,0,0.5378106821787413,0.381294964028777,High
,25.78,0.77,53.4,6,Produce,fresh fruit and veg,2022-04-13 19:00:00,82,19,2,0,-0.9659258262890684,0.2588190451025203,0,4,1,1,0.5372818614489688,0.5539568345323741,Peak
,24.94,0.0,63.4,11,Frozen,frozen foods,2022-04-13 20:00:00,63,20,2,0,-0.8660254037844386,0.5000000000000001,0,2,0,0,0.4928609201480698,0.4172661870503597,High
,26.07,0.0,58.2,5,General,mixed baskets,2022-04-13 21:00:00,49,21,2,0,-0.7071067811865477,0.7071067811865474,0,3,0,0,0.5526176626123743,0.31654676258992803,Medium
,23.56,0.0,45.5,10,Dairy,milk and yogurt aisle,2022-04-13 22:00:00,51,22,2,0,-0.5000000000000004,0.8660254037844384,0,1,1,0,0.41988365943944994,0.33093525179856115,Medium
,24.53,0.0,44.3,4,Bakery,bread and pastry,2022-04-13 23:00:00,25,23,2,0,-0.25881904510252157,0.9659258262890681,0,0,1,0,0.4711792702273929,0.14388489208633093,Low
,27.74,0.0,55.5,3,General,mixed baskets,2022-04-14 00:00:00,40,0,3,0,0.0,1.0,0,3,0,0,0.6409307244843996,0.2517985611510791,Medium
,25.15,0.0,63.8,10,Produce,fresh fruit and veg,2022-04-14 01:00:00,34,1,3,0,0.25881904510252074,0.9659258262890683,0,4,1,0,0.5039661554732944,0.20863309352517986,Low
,27.04,0.0,47.8,9,General,mixed baskets,2022-04-14 02:00:00,26,2,3,0,0.49999999999999994,0.8660254037844387,0,3,0,0,0.6039132734003172,0.1510791366906475,Low
,25.76,0.0,38.4,11,Bakery,bread and pastry,2022-04-14 03:00:00,36,3,3,0,0.7071067811865476,0.7071067811865476,0,0,1,0,0.5362242199894236,0.22302158273381295,Low
,24.94,0.0,62.9,8,Bakery,bread and pastry,2022-04-14 04:00:00,37,4,3,0,0.8660254037844386,0.5000000000000001,0,0,1,0,0.4928609201480698,0.2302158273381295,Low
,23.38,6.53,84.0,5,Frozen,frozen foods,2022-04-14 05:00:00,48,5,3,0,0.9659258262890683,0.25881904510252074,0,2,0,1,0.410364886303543,0.30935251798561153,Medium
,27.88,0.0,53.3,4,General,mixed baskets,2022-04-14 06:00:00,52,6,3,0,1.0,6.123233995736766e-17,0,3,0,0,0.6483342147012161,0.3381294964028777,Medium
,23.72,0.0,63.8,10,General,mixed baskets,2022-04-14 07:00:00,26,7,3,0,0.9659258262890683,-0.25881904510252063,0,3,0,0,0.42834479111581164,0.1510791366906475,Low
,26.71,0.0,71.4,11,Frozen,frozen foods,2022-04-14 08:00:00,35,8,3,0,0.8660254037844387,-0.4999999999999998,0,2,0,0,0.5864621893178212,0.2158273381294964,Low
,21.91,0.0,48.4,11,Produce,fresh fruit and veg,2022-04-14 09:00:00,46,9,3,0,0.7071067811865476,-0.7071067811865475,0,4,1,0,0.33262823902696986,0.2949640287769784,Medium
,26.46,0.0,52.1,8,General,mixed baskets,2022-04-14 10:00:00,109,10,3,0,0.49999999999999994,-0.8660254037844387,0,3,0,0,0.5732416710735061,0.7482014388489209,Peak
,26.74,0.0,52.1,10,Bakery,bread and pastry,2022-04-14 11:00:00,65,11,3,0,0.258819045102521,-0.9659258262890682,0,0,1,0,0.5880486515071389,0.4316546762589928,High
,24.19,0.0,63.8,8,Bakery,bread and pastry,2022-04-14 12:00:00,110,12,3,0,1.2246467991473532e-16,-1.0,0,0,1,0,0.4531993654151243,0.7553956834532374,Peak
,21.76,0.0,48.4,12,General,mixed baskets,2022-04-14 13:00:00,92,13,3,0,-0.2588190451025208,-0.9659258262890683,0,3,0,0,0.32469592808038084,0.6258992805755396,Peak
,25.39,0.0,52.6,8,General,mixed baskets,2022-04-14 14:00:00,58,14,3,0,-0.4999999999999997,-0.8660254037844388,0,3,0,0,0.5166578529878371,0.381294964028777,High
,26.04,0.0,65.3,9,General,mixed baskets,2022-04-14 15:00:00,34,15,3,0,-0.7071067811865471,-0.7071067811865479,0,3,0,0,0.5510312004230564,0.20863309352517986,Low
,24.48,0.05,63.4,10,Bakery,bread and pastry,2022-04-14 16:00:00,30,16,3,0,-0.8660254037844385,-0.5000000000000004,0,0,1,1,0.46853516657852984,0.17985611510791366,Low
,24.1,0.0,63.7,9,Frozen,frozen foods,2022-04-14 17:00:00,75,17,3,0,-0.9659258262890683,-0.25881904510252063,0,2,0,0,0.44843997884717085,0.5035971223021583,High
,28.04,0.0,47.8,8,Bakery,bread and pastry,2022-04-14 18:00:00,88,18,3,0,-1.0,-1.8369701987210297e-16,0,0,1,0,0.6567953463775779,0.5971223021582733,Peak
,25.5,0.0,58.8,8,Bakery,bread and pastry,2022-04-14 19:00:00,75,19,3,0,-0.9659258262890684,0.2588190451025203,0,0,1,0,0.5224748810153358,0.5035971223021583,High
,24.75,0.0,50.6,5,Bakery,bread and pastry,2022-04-14 20:00:00,46,20,3,0,-0.8660254037844386,0.5000000000000001,0,0,1,0,0.4828133262823902,0.2949640287769784,Medium
,27.88,0.0,62.6,7,Bakery,bread and pastry,2022-04-14 21:00:00,48,21,3,0,-0.7071067811865477,0.7071067811865474,0,0,1,0,0.6483342147012161,0.30935251798561153,Medium
,25.73,0.39,60.4,6,Dairy,milk and yogurt aisle,2022-04-14 22:00:00,20,22,3,0,-0.5000000000000004,0.8660254037844384,0,1,1,1,0.5346377578001057,0.1079136690647482,Low
,24.05,0.0,60.9,11,General,mixed baskets,2022-04-14 23:00:00,28,23,3,0,-0.25881904510252157,0.9659258262890681,0,3,0,0,0.44579587519830777,0.16546762589928057,Low
Mid Month Offer,27.91,0.0,53.9,10,Frozen,frozen foods,2022-04-15 00:00:00,26,0,4,0,0.0,1.0,1,2,0,0,0.649920676890534,0.1510791366906475,Low
Mid Month Offer,24.85,1.68,61.5,8,General,mixed baskets,2022-04-15 01:00:00,17,1,4,0,0.25881904510252074,0.9659258262890683,1,3,0,1,0.4881015335801164,0.08633093525179857,Low
Mid Month Offer,28.04,0.0,58.3,5,General,mixed baskets,2022-04-15 02:00:00,24,2,4,0,0.49999999999999994,0.8660254037844387,1,3,0,0,0.6567953463775779,0.1366906474820144,Low
Mid Month Offer,24.08,0.32,54.6,11,Frozen,frozen foods,2022-04-15 03:00:00,28,3,4,0,0.7071067811865476,0.7071067811865476,1,2,0,1,0.44738233738762545,0.16546762589928057,Low
Mid Month Offer,26.55,2.67,65.9,5,Frozen,frozen foods,2022-04-15 04:00:00,32,4,4,0,0.8660254037844386,0.5000000000000001,1,2,0,1,0.5780010576414595,0.19424460431654678,Low
Mid Month Offer,28.82,0.0,47.6,3,General,mixed baskets,2022-04-15 05:00:00,39,5,4,0,0.9659258262890683,0.25881904510252074,1,3,0,0,0.6980433632998413,0.2446043165467626,Low
Mid Month Offer,26.88,0.0,45.9,10,General,mixed baskets,2022-04-15 06:00:00,35,6,4,0,1.0,6.123233995736766e-17,1,3,0,0,0.5954521417239554,0.2158273381294964,Low
Mid Month Offer,26.99,0.0,41.7,7,General,mixed baskets,2022-04-15 07:00:00,22,7,4,0,0.9659258262890683,-0.25881904510252063,1,3,0,0,0.6012691697514541,0.1223021582733813,Low
Mid Month Offer,26.86,0.0,54.1,9,Produce,fresh fruit and veg,2022-04-15 08:00:00,37,8,4,0,0.8660254037844387,-0.4999999999999998,1,4,1,0,0.5943945002644102,0.2302158273381295,Low
Mid Month Offer,27.88,1.25,65.8,7,Frozen,frozen foods,2022-04-15 09:00:00,51,9,4,0,0.7071067811865476,-0.7071067811865475,1,2,0,1,0.6483342147012161,0.33093525179856115,Medium
Mid Month Offer,25.96,0.0,58.7,9,Produce,fresh fruit and veg,2022-04-15 10:00:00,106,10,4,0,0.49999999999999994,-0.8660254037844387,1,4,1,0,0.5468006345848757,0.7266187050359713,Peak
Mid Month Offer,26.86,0.0,39.6,5,Bakery,bread and pastry,2022-04-15 11:00:00,96,11,4,0,0.258819045102521,-0.9659258262890682,1,0,1,0,0.5943945002644102,0.6546762589928058,Peak
Mid Month Offer,25.19,0.0,58.5,13,Bakery,bread and pastry,2022-04-15 12:00:00,102,12,4,0,1.2246467991473532e-16,-1.0,1,0,1,0,0.506081438392385,0.697841726618705,Peak
Mid Month Offer,30.54,0.0,55.6,10,Dairy,milk and yogurt aisle,2022-04-15 13:00:00,105,13,4,0,-0.2588190451025208,-0.9659258262890683,1,1,1,0,0.7890005288207296,0.7194244604316546,Peak
Mid Month Offer,23.58,0.0,54.1,10,General,mixed baskets,2022-04-15 14:00:00,56,14,4,0,-0.4999999999999997,-0.8660254037844388,1,3,0,0,0.4209413008989951,0.3669064748201439,High
Mid Month Offer,27.8,0.0,57.1,6,General,mixed baskets,2022-04-15 15:00:00,60,15,4,0,-0.7071067811865471,-0.7071067811865479,1,3,0,0,0.6441036488630354,0.39568345323741005,High
Mid Month Offer,23.33,2.02,66.0,9,General,mixed baskets,2022-04-15 16:00:00,36,16,4,0,-0.8660254037844385,-0.5000000000000004,1,3,0,1,0.4077207826546799,0.22302158273381295,Low
Mid Month Offer,27.09,0.0,66.2,13,Produce,fresh fruit and veg,2022-04-15 17:00:00,71,17,4,0,-0.9659258262890683,-0.25881904510252063,1,4,1,0,0.6065573770491802,0.4748201438848921,High
Mid Month Offer,29.01,0.0,65.2,8,General,mixed baskets,2022-04-15 18:00:00,92,18,4,0,-1.0,-1.8369701987210297e-16,1,3,0,0,0.7080909571655208,0.6258992805755396,Peak
Mid Month Offer,23.05,0.0,70.5,13,General,mixed baskets,2022-04-15 19:00:00,93,19,4,0,-0.9659258262890684,0.2588190451025203,1,3,0,0,0.39291380222104705,0.6330935251798561,Peak
Mid Month Offer,30.1,0.0,60.0,11,Frozen,frozen foods,2022-04-15 20:00:00,93,20,4,0,-0.8660254037844386,0.5000000000000001,1,2,0,0,0.765732416710735,0.6330935251798561,Peak
Mid Month Offer,23.38,0.0,50.7,11,Produce,fresh fruit and veg,2022-04-15 21:00:00,11,21,4,0,-0.7071067811865477,0.7071067811865474,1,4,1,0,0.410364886303543,0.04316546762589928,Low
Mid Month Offer,23.73,0.0,65.9,10,General,mixed baskets,2022-04-15 22:00:00,37,22,4,0,-0.5000000000000004,0.8660254037844384,1,3,0,0,0.4288736118455843,0.2302158273381295,Low
Mid Month Offer,26.55,0.0,45.8,8,General,mixed baskets,2022-04-15 23:00:00,5,23,4,0,-0.25881904510252157,0.9659258262890681,1,3,0,0,0.5780010576414595,0.0,Low
,23.0,0.0,62.0,10,Produce,fresh fruit and veg,2022-04-16 00:00:00,68,0,5,1,0.0,1.0,0,4,1,0,0.390269698572184,0.45323741007194246,High
,28.14,0.0,47.3,9,General,mixed baskets,2022-04-16 01:00:00,60,1,5,1,0.25881904510252074,0.9659258262890683,0,3,0,0,0.662083553675304,0.39568345323741005,High
,26.93,0.0,50.9,10,Dairy,milk and yogurt aisle,2022-04-16 02:00:00,60,2,5,1,0.49999999999999994,0.8660254037844387,0,1,1,0,0.5980962453728185,0.39568345323741005,High
,18.99,0.0,65.1,11,Produce,fresh fruit and veg,2022-04-16 03:00:00,58,3,5,1,0.7071067811865476,0.7071067811865476,0,4,1,0,0.1782125859333685,0.381294964028777,High
,22.2,0.0,50.5,6,General,mixed baskets,2022-04-16 04:00:00,75,4,5,1,0.8660254037844386,0.5000000000000001,0,3,0,0,0.3479640401903754,0.5035971223021583,High
,23.93,0.0,63.9,11,Produce,fresh fruit and veg,2022-04-16 05:00:00,56,5,5,1,0.9659258262890683,0.25881904510252074,0,4,1,0,0.4394500264410364,0.3669064748201439,High
,26.75,0.72,62.6,5,Dairy,milk and yogurt aisle,2022-04-16 06:00:00,72,6,5,1,1.0,6.123233995736766e-17,0,1,1,1,0.5885774722369116,0.48201438848920863,High
,23.07,0.0,54.3,9,General,mixed baskets,2022-04-16 07:00:00,66,7,5,1,0.9659258262890683,-0.25881904510252063,0,3,0,0,0.3939714436805923,0.43884892086330934,High
,23.93,0.0,61.3,8,General,mixed baskets,2022-04-16 08:00:00,64,8,5,1,0.8660254037844387,-0.4999999999999998,0,3,0,0,0.4394500264410364,0.4244604316546763,High
,27.24,0.0,60.2,6,General,mixed baskets,2022-04-16 09:00:00,65,9,5,1,0.7071067811865476,-0.7071067811865475,0,3,0,0,0.6144896879957693,0.4316546762589928,High
,23.26,0.0,56.6,8,Bakery,bread and pastry,2022-04-16 10:00:00,116,10,5,1,0.49999999999999994,-0.8660254037844387,0,0,1,0,0.4040190375462719,0.7985611510791367,Peak
,26.44,0.0,50.4,11,Produce,fresh fruit and veg,2022-04-16 11:00:00,101,11,5,1,0.258819045102521,-0.9659258262890682,0,4,1,0,0.5721840296139609,0.6906474820143885,Peak
,22.34,0.0,62.0,9,General,mixed baskets,2022-04-16 12:00:00,123,12,5,1,1.2246467991473532e-16,-1.0,0,3,0,0,0.35536753040719193,0.8489208633093526,Peak
,28.18,0.0,52.9,8,General,mixed baskets,2022-04-16 13:00:00,123,13,5,1,-0.2588190451025208,-0.9659258262890683,0,3,0,0,0.6641988365943944,0.8489208633093526,Peak
,29.21,0.0,55.0,9,Bakery,bread and pastry,2022-04-16 14:00:00,58,14,5,1,-0.4999999999999997,-0.8660254037844388,0,0,1,0,0.718667371760973,0.381294964028777,High
,22.87,0.0,59.0,13,Produce,fresh fruit and veg,2022-04-16 15:00:00,68,15,5,1,-0.7071067811865471,-0.7071067811865479,0,4,1,0,0.38339502908514017,0.45323741007194246,High
,19.87,0.0,54.7,7,Bakery,bread and pastry,2022-04-16 16:00:00,70,16,5,1,-0.8660254037844385,-0.5000000000000004,0,0,1,0,0.22474881015335807,0.4676258992805755,High
,21.55,0.0,57.5,5,Produce,fresh fruit and veg,2022-04-16 17:00:00,79,17,5,1,-0.9659258262890683,-0.25881904510252063,0,4,1,0,0.313590692755156,0.5323741007194245,Peak
,28.07,0.0,57.9,5,Produce,fresh fruit and veg,2022-04-16 18:00:00,93,18,5,1,-1.0,-1.8369701987210297e-16,0,4,1,0,0.6583818085668958,0.6330935251798561,Peak
,24.28,0.0,57.7,13,Dairy,milk and yogurt aisle,2022-04-16 19:00:00,89,19,5,1,-0.9659258262890684,0.2588190451025203,0,1,1,0,0.4579587519830777,0.60431654676259,Peak
,28.28,0.0,56.5,9,Frozen,frozen foods,2022-04-16 20:00:00,84,20,5,1,-0.8660254037844386,0.5000000000000001,0,2,0,0,0.6694870438921205,0.5683453237410072,Peak
,22.39,0.24,67.1,3,Bakery,bread and pastry,2022-04-16 21:00:00,63,21,5,1,-0.7071067811865477,0.7071067811865474,0,0,1,1,0.358011634056055,0.4172661870503597,High
,23.36,0.0,51.7,4,General,mixed baskets,2022-04-16 22:00:00,49,22,5,1,-0.5000000000000004,0.8660254037844384,0,3,0,0,0.40930724484399783,0.31654676258992803,Medium
,25.39,0.0,52.1,4,General,mixed baskets,2022-04-16 23:00:00,54,23,5,1,-0.25881904510252157,0.9659258262890681,0,3,0,0,0.5166578529878371,0.35251798561151076,Medium
,28.28,0.0,45.6,5,General,mixed baskets,2022-04-17 00:00:00,62,0,6,1,0.0,1.0,0,3,0,0,0.6694870438921205,0.41007194244604317,High
,25.11,0.0,37.1,7,Dairy,milk and yogurt aisle,2022-04-17 01:00:00,64,1,6,1,0.25881904510252074,0.9659258262890683,0,1,1,0,0.501850872554204,0.4244604316546763,High
,23.1,0.0,60.7,7,Bakery,bread and pastry,2022-04-17 02:00:00,63,2,6,1,0.49999999999999994,0.8660254037844387,0,0,1,0,0.39555790586991013,0.4172661870503597,High
,26.38,0.0,59.2,11,General,mixed baskets,2022-04-17 03:00:00,86,3,6,1,0.7071067811865476,0.7071067811865476,0,3,0,0,0.569011105235325,0.5827338129496403,Peak
,25.85,0.0,66.8,5,Produce,fresh fruit and veg,2022-04-17 04:00:00,53,4,6,1,0.8660254037844386,0.5000000000000001,0,4,1,0,0.5409836065573771,0.34532374100719426,Medium
,26.88,0.0,44.1,4,Frozen,frozen foods,2022-04-17 05:00:00,63,5,6,1,0.9659258262890683,0.25881904510252074,0,2,0,0,0.5954521417239554,0.4172661870503597,High
,25.2,0.0,49.4,4,Produce,fresh fruit and veg,2022-04-17 06:00:00,45,6,6,1,1.0,6.123233995736766e-17,0,4,1,0,0.5066102591221575,0.28776978417266186,Medium
,24.1,0.0,51.0,3,General,mixed baskets,2022-04-17 07:00:00,65,7,6,1,0.9659258262890683,-0.25881904510252063,0,3,0,0,0.44843997884717085,0.4316546762589928,High
,25.69,0.0,70.8,8,Produce,fresh fruit and veg,2022-04-17 08:00:00,73,8,6,1,0.8660254037844387,-0.4999999999999998,0,4,1,0,0.5325224748810153,0.4892086330935252,High
,19.53,0.0,62.7,6,General,mixed baskets,2022-04-17 09:00:00,74,9,6,1,0.7071067811865476,-0.7071067811865475,0,3,0,0,0.20676890534108944,0.49640287769784175,High
,26.3,0.0,54.0,12,Produce,fresh fruit and veg,2022-04-17 10:00:00,107,10,6,1,0.49999999999999994,-0.8660254037844387,0,4,1,0,0.5647805393971443,0.7338129496402878,Peak
,28.67,0.0,55.2,13,Produce,fresh fruit and veg,2022-04-17 11:00:00,111,11,6,1,0.258819045102521,-0.9659258262890682,0,4,1,0,0.6901110523532522,0.762589928057554,Peak
,27.0,0.64,59.8,8,Frozen,frozen foods,2022-04-17 12:00:00,130,12,6,1,1.2246467991473532e-16,-1.0,0,2,0,1,0.6017979904812268,0.8992805755395683,Peak
,23.29,0.0,46.6,12,Frozen,frozen foods,2022-04-17 13:00:00,113,13,6,1,-0.2588190451025208,-0.9659258262890683,0,2,0,0,0.40560549973558957,0.7769784172661871,Peak
,21.86,0.0,58.1,10,Dairy,milk and yogurt aisle,2022-04-17 14:00:00,71,14,6,1,-0.4999999999999997,-0.8660254037844388,0,1,1,0,0.3299841353781068,0.4748201438848921,High
,28.88,0.0,46.9,8,Produce,fresh fruit and veg,2022-04-17 15:00:00,48,15,6,1,-0.7071067811865471,-0.7071067811865479,0,4,1,0,0.7012162876784769,0.30935251798561153,Medium
,24.38,1.39,60.3,12,Dairy,milk and yogurt aisle,2022-04-17 16:00:00,76,16,6,1,-0.8660254037844385,-0.5000000000000004,0,1,1,1,0.4632469592808037,0.5107913669064749,High
,25.12,0.0,60.8,8,Frozen,frozen foods,2022-04-17 17:00:00,107,17,6,1,-0.9659258262890683,-0.25881904510252063,0,2,0,0,0.5023796932839767,0.7338129496402878,Peak
,26.19,0.0,57.5,13,Dairy,milk and yogurt aisle,2022-04-17 18:00:00,100,18,6,1,-1.0,-1.8369701987210297e-16,0,1,1,0,0.5589635113696457,0.6834532374100719,Peak
,24.18,0.0,49.9,8,Produce,fresh fruit and veg,2022-04-17 19:00:00,85,19,6,1,-0.9659258262890684,0.2588190451025203,0,4,1,0,0.4526705446853516,0.5755395683453237,Peak
,25.74,0.0,53.1,11,Dairy,milk and yogurt aisle,2022-04-17 20:00:00,93,20,6,1,-0.8660254037844386,0.5000000000000001,0,1,1,0,0.5351665785298783,0.6330935251798561,Peak
,29.34,0.0,61.6,5,Bakery,bread and pastry,2022-04-17 21:00:00,61,21,6,1,-0.7071067811865477,0.7071067811865474,0,0,1,0,0.7255420412480168,0.4028776978417266,High
,24.41,0.0,51.3,10,General,mixed baskets,2022-04-17 22:00:00,63,22,6,1,-0.5000000000000004,0.8660254037844384,0,3,0,0,0.4648334214701216,0.4172661870503597,High
,30.37,0.0,44.7,6,General,mixed baskets,2022-04-17 23:00:00,58,23,6,1,-0.25881904510252157,0.9659258262890681,0,3,0,0,0.7800105764145954,0.381294964028777,High
,26.55,0.0,53.1,11,Produce,fresh fruit and veg,2022-04-18 00:00:00,37,0,0,0,0.0,1.0,0,4,1,0,0.5780010576414595,0.2302158273381295,Low
,26.39,0.0,51.2,11,Bakery,bread and pastry,2022-04-18 01:00:00,42,1,0,0,0.25881904510252074,0.9659258262890683,0,0,1,0,0.5695399259650978,0.26618705035971224,Medium
,27.94,0.0,53.6,11,Dairy,milk and yogurt aisle,2022-04-18 02:00:00,56,2,0,0,0.49999999999999994,0.8660254037844387,0,1,1,0,0.6515071390798519,0.3669064748201439,High
,27.88,0.0,55.2,11,General,mixed baskets,2022-04-18 03:00:00,15,3,0,0,0.7071067811865476,0.7071067811865476,0,3,0,0,0.6483342147012161,0.07194244604316546,Low
,28.21,0.0,52.5,4,Dairy,milk and yogurt aisle,2022-04-18 04:00:00,23,4,0,0,0.8660254037844386,0.5000000000000001,0,1,1,0,0.6657852987837123,0.12949640287769784,Low
,26.98,0.0,52.4,9,Produce,fresh fruit and veg,2022-04-18 05:00:00,21,5,0,0,0.9659258262890683,0.25881904510252074,0,4,1,0,0.6007403490216816,0.11510791366906475,Low
,24.17,0.0,62.3,4,Dairy,milk and yogurt aisle,2022-04-18 06:00:00,31,6,0,0,1.0,6.123233995736766e-17,0,1,1,0,0.4521417239555791,0.18705035971223022,Low
,29.63,0.0,59.7,4,General,mixed baskets,2022-04-18 07:00:00,19,7,0,0,0.9659258262890683,-0.25881904510252063,0,3,0,0,0.7408778424114224,0.10071942446043165,Low
,25.24,5.72,79.8,10,Produce,fresh fruit and veg,2022-04-18 08:00:00,46,8,0,0,0.8660254037844387,-0.4999999999999998,0,4,1,1,0.5087255420412479,0.2949640287769784,Medium
,23.55,0.0,55.7,8,Produce,fresh fruit and veg,2022-04-18 09:00:00,41,9,0,0,0.7071067811865476,-0.7071067811865475,0,4,1,0,0.41935483870967744,0.2589928057553957,Medium
,27.82,0.0,52.1,5,General,mixed baskets,2022-04-18 10:00:00,91,10,0,0,0.49999999999999994,-0.8660254037844387,0,3,0,0,0.6451612903225806,0.6187050359712231,Peak
,27.21,0.0,57.5,11,General,mixed baskets,2022-04-18 11:00:00,86,11,0,0,0.258819045102521,-0.9659258262890682,0,3,0,0,0.6129032258064516,0.5827338129496403,Peak
,25.53,0.0,43.7,13,General,mixed baskets,2022-04-18 12:00:00,96,12,0,0,1.2246467991473532e-16,-1.0,0,3,0,0,0.5240613432046536,0.6546762589928058,Peak
,25.79,1.71,51.4,9,General,mixed baskets,2022-04-18 13:00:00,97,13,0,0,-0.2588190451025208,-0.9659258262890683,0,3,0,1,0.5378106821787413,0.6618705035971223,Peak
,27.05,0.0,61.7,7,General,mixed baskets,2022-04-18 14:00:00,43,14,0,0,-0.4999999999999997,-0.8660254037844388,0,3,0,0,0.6044420941300899,0.2733812949640288,Medium
,30.36,0.0,51.3,7,General,mixed baskets,2022-04-18 15:00:00,31,15,0,0,-0.7071067811865471,-0.7071067811865479,0,3,0,0,0.7794817556848227,0.18705035971223022,Low
,25.43,2.0,55.8,11,Dairy,milk and yogurt aisle,2022-04-18 16:00:00,47,16,0,0,-0.8660254037844385,-0.5000000000000004,0,1,1,1,0.5187731359069275,0.302158273381295,Medium
,22.5,0.0,46.5,6,Frozen,frozen foods,2022-04-18 17:00:00,57,17,0,0,-0.9659258262890683,-0.25881904510252063,0,2,0,0,0.36382866208355363,0.37410071942446044,High
,24.21,0.0,58.5,11,Bakery,bread and pastry,2022-04-18 18:00:00,89,18,0,0,-1.0,-1.8369701987210297e-16,0,0,1,0,0.45425700687466947,0.60431654676259,Peak
,26.87,0.0,45.7,11,Frozen,frozen foods,2022-04-18 19:00:00,38,19,0,0,-0.9659258262890684,0.2588190451025203,0,2,0,0,0.594923320994183,0.23741007194244604,Low
,25.11,0.0,64.5,7,General,mixed baskets,2022-04-18 20:00:00,67,20,0,0,-0.8660254037844386,0.5000000000000001,0,3,0,0,0.501850872554204,0.4460431654676259,High
,23.97,0.0,56.6,6,General,mixed baskets,2022-04-18 21:00:00,25,21,0,0,-0.7071067811865477,0.7071067811865474,0,3,0,0,0.44156530936012683,0.14388489208633093,Low
,27.41,0.0,41.3,6,Dairy,milk and yogurt aisle,2022-04-18 22:00:00,49,22,0,0,-0.5000000000000004,0.8660254037844384,0,1,1,0,0.6234796404019037,0.31654676258992803,Medium
,27.43,0.0,51.0,8,Frozen,frozen foods,2022-04-18 23:00:00,22,23,0,0,-0.25881904510252157,0.9659258262890681,0,2,0,0,0.6245372818614489,0.1223021582733813,Low
,25.07,0.0,47.0,9,Produce,fresh fruit and veg,2022-04-19 00:00:00,61,0,1,0,0.0,1.0,0,4,1,0,0.49973558963511366,0.4028776978417266,High
,26.27,0.0,59.2,8,Dairy,milk and yogurt aisle,2022-04-19 01:00:00,21,1,1,0,0.25881904510252074,0.9659258262890683,0,1,1,0,0.5631940772078264,0.11510791366906475,Low
,24.0,0.0,59.1,8,General,mixed baskets,2022-04-19 02:00:00,64,2,1,0,0.49999999999999994,0.8660254037844387,0,3,0,0,0.4431517715494447,0.4244604316546763,High
,24.06,0.0,51.1,3,Dairy,milk and yogurt aisle,2022-04-19 03:00:00,45,3,1,0,0.7071067811865476,0.7071067811865476,0,1,1,0,0.4463246959280803,0.28776978417266186,Medium
,24.72,0.0,49.9,5,Frozen,frozen foods,2022-04-19 04:00:00,40,4,1,0,0.8660254037844386,0.5000000000000001,0,2,0,0,0.48122686409307236,0.2517985611510791,Medium
,22.21,0.0,58.4,4,Bakery,bread and pastry,2022-04-19 05:00:00,45,5,1,0,0.9659258262890683,0.25881904510252074,0,0,1,0,0.3484928609201481,0.28776978417266186,Medium
,26.4,4.63,63.9,9,General,mixed baskets,2022-04-19 06:00:00,66,6,1,0,1.0,6.123233995736766e-17,0,3,0,1,0.5700687466948703,0.43884892086330934,High
,25.36,0.0,65.3,10,General,mixed baskets,2022-04-19 07:00:00,50,7,1,0,0.9659258262890683,-0.25881904510252063,0,3,0,0,0.5150713907985192,0.3237410071942446,Medium
,24.3,0.0,49.7,3,Dairy,milk and yogurt aisle,2022-04-19 08:00:00,13,8,1,0,0.8660254037844387,-0.4999999999999998,0,1,1,0,0.45901639344262296,0.05755395683453238,Low
,25.81,0.0,57.6,11,Produce,fresh fruit and veg,2022-04-19 09:00:00,54,9,1,0,0.7071067811865476,-0.7071067811865475,0,4,1,0,0.5388683236382865,0.35251798561151076,Medium
,25.87,0.33,40.4,11,General,mixed baskets,2022-04-19 10:00:00,97,10,1,0,0.49999999999999994,-0.8660254037844387,0,3,0,1,0.5420412480169222,0.6618705035971223,Peak
,23.7,0.0,57.8,8,Frozen,frozen foods,2022-04-19 11:00:00,75,11,1,0,0.258819045102521,-0.9659258262890682,0,2,0,0,0.42728714965626646,0.5035971223021583,High
,24.07,0.6,51.8,7,Produce,fresh fruit and veg,2022-04-19 12:00:00,104,12,1,0,1.2246467991473532e-16,-1.0,0,4,1,1,0.44685351665785294,0.7122302158273381,Peak
,23.57,0.0,57.0,8,Dairy,milk and yogurt aisle,2022-04-19 13:00:00,80,13,1,0,-0.2588190451025208,-0.9659258262890683,0,1,1,0,0.4204124801692226,0.539568345323741,Peak
,28.86,0.0,63.5,7,General,mixed baskets,2022-04-19 14:00:00,42,14,1,0,-0.4999999999999997,-0.8660254037844388,0,3,0,0,0.7001586462189316,0.26618705035971224,Medium
,21.37,0.0,53.5,13,General,mixed baskets,2022-04-19 15:00:00,42,15,1,0,-0.7071067811865471,-0.7071067811865479,0,3,0,0,0.3040719196192491,0.26618705035971224,Medium
,25.31,0.0,35.2,8,Produce,fresh fruit and veg,2022-04-19 16:00:00,32,16,1,0,-0.8660254037844385,-0.5000000000000004,0,4,1,0,0.5124272871496561,0.19424460431654678,Low
,27.56,1.04,41.9,9,General,mixed baskets,2022-04-19 17:00:00,82,17,1,0,-0.9659258262890683,-0.25881904510252063,0,3,0,1,0.6314119513484927,0.5539568345323741,Peak
,22.82,0.0,55.5,11,General,mixed baskets,2022-04-19 18:00:00,62,18,1,0,-1.0,-1.8369701987210297e-16,0,3,0,0,0.3807509254362771,0.41007194244604317,High
,23.12,0.0,47.8,13,Bakery,bread and pastry,2022-04-19 19:00:00,77,19,1,0,-0.9659258262890684,0.2588190451025203,0,0,1,0,0.3966155473294553,0.5179856115107914,High
,23.06,0.0,45.7,8,Produce,fresh fruit and veg,2022-04-19 20:00:00,68,20,1,0,-0.8660254037844386,0.5000000000000001,0,4,1,0,0.39344262295081955,0.45323741007194246,High
,21.02,0.0,62.7,7,Produce,fresh fruit and veg,2022-04-19 21:00:00,37,21,1,0,-0.7071067811865477,0.7071067811865474,0,4,1,0,0.2855631940772078,0.2302158273381295,Low
,28.35,0.0,52.9,6,Produce,fresh fruit and veg,2022-04-19 22:00:00,63,22,1,0,-0.5000000000000004,0.8660254037844384,0,4,1,0,0.6731887890005288,0.4172661870503597,High
,24.81,0.0,62.0,11,Bakery,bread and pastry,2022-04-19 23:00:00,41,23,1,0,-0.25881904510252157,0.9659258262890681,0,0,1,0,0.4859862506610258,0.2589928057553957,Medium
,22.61,0.0,61.9,5,General,mixed baskets,2022-04-20 00:00:00,26,0,2,0,0.0,1.0,0,3,0,0,0.3696456901110523,0.1510791366906475,Low
,23.74,0.0,51.6,9,Dairy,milk and yogurt aisle,2022-04-20 01:00:00,38,1,2,0,0.25881904510252074,0.9659258262890683,0,1,1,0,0.4294024325753568,0.23741007194244604,Low
,25.72,0.08,55.9,11,Bakery,bread and pastry,2022-04-20 02:00:00,30,2,2,0,0.49999999999999994,0.8660254037844387,0,0,1,1,0.534108937070333,0.17985611510791366,Low
,24.46,0.0,45.4,3,Produce,fresh fruit and veg,2022-04-20 03:00:00,40,3,2,0,0.7071067811865476,0.7071067811865476,0,4,1,0,0.46747752511898466,0.2517985611510791,Medium
,23.05,0.0,57.8,8,Bakery,bread and pastry,2022-04-20 04:00:00,41,4,2,0,0.8660254037844386,0.5000000000000001,0,0,1,0,0.39291380222104705,0.2589928057553957,Medium
,26.5,0.0,54.3,3,Produce,fresh fruit and veg,2022-04-20 05:00:00,41,5,2,0,0.9659258262890683,0.25881904510252074,0,4,1,0,0.5753569539925965,0.2589928057553957,Medium
,23.05,0.0,66.9,5,Bakery,bread and pastry,2022-04-20 06:00:00,41,6,2,0,1.0,6.123233995736766e-17,0,0,1,0,0.39291380222104705,0.2589928057553957,Medium
,24.26,0.0,61.1,7,Dairy,milk and yogurt aisle,2022-04-20 07:00:00,33,7,2,0,0.9659258262890683,-0.25881904510252063,0,1,1,0,0.45690111052353255,0.2014388489208633,Low
,25.65,0.0,53.3,10,General,mixed baskets,2022-04-20 08:00:00,45,8,2,0,0.8660254037844387,-0.4999999999999998,0,3,0,0,0.5304071919619248,0.28776978417266186,Medium
,23.43,0.0,49.2,5,Dairy,milk and yogurt aisle,2022-04-20 09:00:00,52,9,2,0,0.7071067811865476,-0.7071067811865475,0,1,1,0,0.4130089899524061,0.3381294964028777,Medium
,25.41,0.0,52.8,7,Frozen,frozen foods,2022-04-20 10:00:00,87,10,2,0,0.49999999999999994,-0.8660254037844387,0,2,0,0,0.5177154944473823,0.5899280575539568,Peak
,23.63,0.0,54.5,6,Bakery,bread and pastry,2022-04-20 11:00:00,94,11,2,0,0.258819045102521,-0.9659258262890682,0,0,1,0,0.4235854045478582,0.6402877697841727,Peak
,31.79,0.0,60.4,10,Produce,fresh fruit and veg,2022-04-20 12:00:00,95,12,2,0,1.2246467991473532e-16,-1.0,0,4,1,0,0.8551031200423056,0.6474820143884892,Peak
,24.19,0.0,62.5,8,General,mixed baskets,2022-04-20 13:00:00,110,13,2,0,-0.2588190451025208,-0.9659258262890683,0,3,0,0,0.4531993654151243,0.7553956834532374,Peak
,26.9,0.0,45.1,11,General,mixed baskets,2022-04-20 14:00:00,52,14,2,0,-0.4999999999999997,-0.8660254037844388,0,3,0,0,0.5965097831835007,0.3381294964028777,Medium
,23.08,0.26,47.1,5,Dairy,milk and yogurt aisle,2022-04-20 15:00:00,31,15,2,0,-0.7071067811865471,-0.7071067811865479,0,1,1,1,0.3945002644103648,0.18705035971223022,Low
,22.42,0.0,57.1,8,Dairy,milk and yogurt aisle,2022-04-20 16:00:00,40,16,2,0,-0.8660254037844385,-0.5000000000000004,0,1,1,0,0.35959809624537287,0.2517985611510791,Medium
,24.87,0.0,45.0,5,General,mixed baskets,2022-04-20 17:00:00,57,17,2,0,-0.9659258262890683,-0.25881904510252063,0,3,0,0,0.48915917503966155,0.37410071942446044,High
,24.32,0.0,53.7,8,Bakery,bread and pastry,2022-04-20 18:00:00,63,18,2,0,-1.0,-1.8369701987210297e-16,0,0,1,0,0.46007403490216814,0.4172661870503597,High
,24.33,0.0,40.6,12,Produce,fresh fruit and veg,2022-04-20 19:00:00,75,19,2,0,-0.9659258262890684,0.2588190451025203,0,4,1,0,0.46060285563194064,0.5035971223021583,High
,25.09,0.0,51.9,5,Produce,fresh fruit and veg,2022-04-20 20:00:00,82,20,2,0,-0.8660254037844386,0.5000000000000001,0,4,1,0,0.5007932310946589,0.5539568345323741,Peak
,27.35,0.0,50.9,3,Frozen,frozen foods,2022-04-20 21:00:00,51,21,2,0,-0.7071067811865477,0.7071067811865474,0,2,0,0,0.6203067160232681,0.33093525179856115,Medium
,29.89,0.0,51.9,10,Dairy,milk and yogurt aisle,2022-04-20 22:00:00,36,22,2,0,-0.5000000000000004,0.8660254037844384,0,1,1,0,0.7546271813855102,0.22302158273381295,Low
,30.14,0.0,49.4,3,Frozen,frozen foods,2022-04-20 23:00:00,23,23,2,0,-0.25881904510252157,0.9659258262890681,0,2,0,0,0.7678476996298255,0.12949640287769784,Low
,25.25,0.0,58.2,7,Produce,fresh fruit and veg,2022-04-21 00:00:00,44,0,3,0,0.0,1.0,0,4,1,0,0.5092543627710205,0.2805755395683453,Medium
,29.63,0.0,61.3,8,General,mixed baskets,2022-04-21 01:00:00,37,1,3,0,0.25881904510252074,0.9659258262890683,0,3,0,0,0.7408778424114224,0.2302158273381295,Low
,29.3,0.0,60.1,11,Bakery,bread and pastry,2022-04-21 02:00:00,45,2,3,0,0.49999999999999994,0.8660254037844387,0,0,1,0,0.7234267583289264,0.28776978417266186,Medium
,23.54,0.05,52.4,6,Bakery,bread and pastry,2022-04-21 03:00:00,41,3,3,0,0.7071067811865476,0.7071067811865476,0,0,1,1,0.4188260179799047,0.2589928057553957,Medium
,23.88,0.0,52.0,7,General,mixed baskets,2022-04-21 04:00:00,48,4,3,0,0.8660254037844386,0.5000000000000001,0,3,0,0,0.43680592279217334,0.30935251798561153,Medium
,24.82,1.29,53.1,3,General,mixed baskets,2022-04-21 05:00:00,47,5,3,0,0.9659258262890683,0.25881904510252074,0,3,0,1,0.48651507139079847,0.302158273381295,Medium
,29.9,0.0,48.8,8,General,mixed baskets,2022-04-21 06:00:00,50,6,3,0,1.0,6.123233995736766e-17,0,3,0,0,0.7551560021152828,0.3237410071942446,Medium
,24.7,0.0,53.1,5,Bakery,bread and pastry,2022-04-21 07:00:00,34,7,3,0,0.9659258262890683,-0.25881904510252063,0,0,1,0,0.4801692226335271,0.20863309352517986,Low
,24.44,0.0,53.1,7,Dairy,milk and yogurt aisle,2022-04-21 08:00:00,51,8,3,0,0.8660254037844387,-0.4999999999999998,0,1,1,0,0.4664198836594395,0.33093525179856115,Medium
,28.46,0.0,52.7,9,General,mixed baskets,2022-04-21 09:00:00,33,9,3,0,0.7071067811865476,-0.7071067811865475,0,3,0,0,0.6790058170280274,0.2014388489208633,Low
,24.58,0.0,56.2,13,General,mixed baskets,2022-04-21 10:00:00,96,10,3,0,0.49999999999999994,-0.8660254037844387,0,3,0,0,0.4738233738762558,0.6546762589928058,Peak
,24.64,0.0,61.0,5,Dairy,milk and yogurt aisle,2022-04-21 11:00:00,117,11,3,0,0.258819045102521,-0.9659258262890682,0,1,1,0,0.4769962982548916,0.8057553956834532,Peak
,26.49,0.0,49.4,8,General,mixed baskets,2022-04-21 12:00:00,99,12,3,0,1.2246467991473532e-16,-1.0,0,3,0,0,0.5748281332628238,0.6762589928057554,Peak
,25.44,0.0,52.6,6,Bakery,bread and pastry,2022-04-21 13:00:00,81,13,3,0,-0.2588190451025208,-0.9659258262890683,0,0,1,0,0.5193019566367002,0.5467625899280576,Peak
,19.03,0.0,58.7,7,Produce,fresh fruit and veg,2022-04-21 14:00:00,57,14,3,0,-0.4999999999999997,-0.8660254037844388,0,4,1,0,0.18032786885245908,0.37410071942446044,High
,21.91,0.0,56.0,9,Produce,fresh fruit and veg,2022-04-21 15:00:00,52,15,3,0,-0.7071067811865471,-0.7071067811865479,0,4,1,0,0.33262823902696986,0.3381294964028777,Medium
,26.74,0.0,48.2,10,General,mixed baskets,2022-04-21 16:00:00,53,16,3,0,-0.8660254037844385,-0.5000000000000004,0,3,0,0,0.5880486515071389,0.34532374100719426,Medium
,21.44,1.09,48.6,12,General,mixed baskets,2022-04-21 17:00:00,77,17,3,0,-0.9659258262890683,-0.25881904510252063,0,3,0,1,0.3077736647276574,0.5179856115107914,High
,28.02,0.0,59.5,11,Frozen,frozen foods,2022-04-21 18:00:00,79,18,3,0,-1.0,-1.8369701987210297e-16,0,2,0,0,0.6557377049180326,0.5323741007194245,Peak
,24.8,0.0,46.2,8,Frozen,frozen foods,2022-04-21 19:00:00,72,19,3,0,-0.9659258262890684,0.2588190451025203,0,2,0,0,0.4854574299312533,0.48201438848920863,High
,25.6,0.0,57.7,5,Produce,fresh fruit and veg,2022-04-21 20:00:00,66,20,3,0,-0.8660254037844386,0.5000000000000001,0,4,1,0,0.5277630883130618,0.43884892086330934,High
,25.67,0.0,46.7,9,Bakery,bread and pastry,2022-04-21 21:00:00,58,21,3,0,-0.7071067811865477,0.7071067811865474,0,0,1,0,0.5314648334214701,0.381294964028777,High
,20.54,0.0,68.1,7,Produce,fresh fruit and veg,2022-04-21 22:00:00,35,22,3,0,-0.5000000000000004,0.8660254037844384,0,4,1,0,0.2601797990481226,0.2158273381294964,Low
,23.21,0.0,46.4,5,Produce,fresh fruit and veg,2022-04-21 23:00:00,34,23,3,0,-0.25881904510252157,0.9659258262890681,0,4,1,0,0.4013749338974088,0.20863309352517986,Low
,22.33,0.0,68.7,8,General,mixed baskets,2022-04-22 00:00:00,34,0,4,0,0.0,1.0,0,3,0,0,0.35483870967741926,0.20863309352517986,Low
,25.52,0.0,60.4,3,Produce,fresh fruit and veg,2022-04-22 01:00:00,62,1,4,0,0.25881904510252074,0.9659258262890683,0,4,1,0,0.5235325224748809,0.41007194244604317,High
,28.7,0.0,65.4,11,Produce,fresh fruit and veg,2022-04-22 02:00:00,50,2,4,0,0.49999999999999994,0.8660254037844387,0,4,1,0,0.6916975145425699,0.3237410071942446,Medium
,24.37,0.06,64.4,8,General,mixed baskets,2022-04-22 03:00:00,35,3,4,0,0.7071067811865476,0.7071067811865476,0,3,0,1,0.4627181385510312,0.2158273381294964,Low
,25.11,0.0,58.8,5,Produce,fresh fruit and veg,2022-04-22 04:00:00,39,4,4,0,0.8660254037844386,0.5000000000000001,0,4,1,0,0.501850872554204,0.2446043165467626,Low
,20.1,0.0,52.4,4,Dairy,milk and yogurt aisle,2022-04-22 05:00:00,46,5,4,0,0.9659258262890683,0.25881904510252074,0,1,1,0,0.23691168693812806,0.2949640287769784,Medium
,24.01,0.0,73.8,5,Bakery,bread and pastry,2022-04-22 06:00:00,50,6,4,0,1.0,6.123233995736766e-17,0,0,1,0,0.44368059227921736,0.3237410071942446,Medium
,24.33,0.0,51.6,7,General,mixed baskets,2022-04-22 07:00:00,20,7,4,0,0.9659258262890683,-0.25881904510252063,0,3,0,0,0.46060285563194064,0.1079136690647482,Low
,24.47,0.0,56.3,6,Frozen,frozen foods,2022-04-22 08:00:00,50,8,4,0,0.8660254037844387,-0.4999999999999998,0,2,0,0,0.46800634584875717,0.3237410071942446,Medium
,26.42,0.59,46.1,6,Produce,fresh fruit and veg,2022-04-22 09:00:00,37,9,4,0,0.7071067811865476,-0.7071067811865475,0,4,1,1,0.5711263881544156,0.2302158273381295,Low
,28.41,0.0,54.8,6,Bakery,bread and pastry,2022-04-22 10:00:00,86,10,4,0,0.49999999999999994,-0.8660254037844387,0,0,1,0,0.6763617133791644,0.5827338129496403,Peak
,24.9,0.0,59.4,7,General,mixed baskets,2022-04-22 11:00:00,90,11,4,0,0.258819045102521,-0.9659258262890682,0,3,0,0,0.49074563722897924,0.6115107913669064,Peak
,25.91,0.0,49.4,8,Frozen,frozen foods,2022-04-22 12:00:00,104,12,4,0,1.2246467991473532e-16,-1.0,0,2,0,0,0.5441565309360127,0.7122302158273381,Peak
,21.08,0.0,55.9,8,Produce,fresh fruit and veg,2022-04-22 13:00:00,116,13,4,0,-0.2588190451025208,-0.9659258262890683,0,4,1,0,0.28873611845584335,0.7985611510791367,Peak
,26.44,0.0,52.6,8,General,mixed baskets,2022-04-22 14:00:00,41,14,4,0,-0.4999999999999997,-0.8660254037844388,0,3,0,0,0.5721840296139609,0.2589928057553957,Medium
,25.03,0.0,52.2,6,Frozen,frozen foods,2022-04-22 15:00:00,46,15,4,0,-0.7071067811865471,-0.7071067811865479,0,2,0,0,0.49762030671602325,0.2949640287769784,Medium
,20.62,0.0,59.7,10,General,mixed baskets,2022-04-22 16:00:00,30,16,4,0,-0.8660254037844385,-0.5000000000000004,0,3,0,0,0.2644103648863036,0.17985611510791366,Low
,25.78,0.0,61.6,8,Produce,fresh fruit and veg,2022-04-22 17:00:00,80,17,4,0,-0.9659258262890683,-0.25881904510252063,0,4,1,0,0.5372818614489688,0.539568345323741,Peak
,23.32,0.01,49.2,13,Produce,fresh fruit and veg,2022-04-22 18:00:00,84,18,4,0,-1.0,-1.8369701987210297e-16,0,4,1,1,0.4071919619249074,0.5683453237410072,Peak
,27.45,0.0,41.5,5,Dairy,milk and yogurt aisle,2022-04-22 19:00:00,57,19,4,0,-0.9659258262890684,0.2588190451025203,0,1,1,0,0.6255949233209941,0.37410071942446044,High
,26.09,0.0,58.5,7,Produce,fresh fruit and veg,2022-04-22 20:00:00,68,20,4,0,-0.8660254037844386,0.5000000000000001,0,4,1,0,0.5536753040719196,0.45323741007194246,High
,25.16,0.0,46.4,11,Bakery,bread and pastry,2022-04-22 21:00:00,49,21,4,0,-0.7071067811865477,0.7071067811865474,0,0,1,0,0.5044949762030672,0.31654676258992803,Medium
,29.2,0.0,51.3,8,General,mixed baskets,2022-04-22 22:00:00,18,22,4,0,-0.5000000000000004,0.8660254037844384,0,3,0,0,0.7181385510312003,0.09352517985611511,Low
,24.56,2.15,54.9,8,Bakery,bread and pastry,2022-04-22 23:00:00,35,23,4,0,-0.25881904510252157,0.9659258262890681,0,0,1,1,0.4727657324167106,0.2158273381294964,Low
,24.14,0.0,62.6,8,General,mixed baskets,2022-04-23 00:00:00,67,0,5,1,0.0,1.0,0,3,0,0,0.4505552617662612,0.4460431654676259,High
,25.0,0.0,71.8,5,Frozen,frozen foods,2022-04-23 01:00:00,39,1,5,1,0.25881904510252074,0.9659258262890683,0,2,0,0,0.4960338445267054,0.2446043165467626,Low
,25.21,0.0,50.3,9,Dairy,milk and yogurt aisle,2022-04-23 02:00:00,55,2,5,1,0.49999999999999994,0.8660254037844387,0,1,1,0,0.5071390798519302,0.3597122302158273,Medium
,22.81,0.0,71.7,3,General,mixed baskets,2022-04-23 03:00:00,60,3,5,1,0.7071067811865476,0.7071067811865476,0,3,0,0,0.3802221047065044,0.39568345323741005,High
,26.34,0.0,56.1,9,General,mixed baskets,2022-04-23 04:00:00,70,4,5,1,0.8660254037844386,0.5000000000000001,0,3,0,0,0.5668958223162347,0.4676258992805755,High
,25.98,0.0,52.3,6,Produce,fresh fruit and veg,2022-04-23 05:00:00,44,5,5,1,0.9659258262890683,0.25881904510252074,0,4,1,0,0.5478582760444209,0.2805755395683453,Medium
,23.64,0.0,63.5,5,General,mixed baskets,2022-04-23 06:00:00,73,6,5,1,1.0,6.123233995736766e-17,0,3,0,0,0.4241142252776309,0.4892086330935252,High
,21.09,0.0,69.8,8,Dairy,milk and yogurt aisle,2022-04-23 07:00:00,63,7,5,1,0.9659258262890683,-0.25881904510252063,0,1,1,0,0.2892649391856161,0.4172661870503597,High
,27.94,0.0,53.1,3,General,mixed baskets,2022-04-23 08:00:00,74,8,5,1,0.8660254037844387,-0.4999999999999998,0,3,0,0,0.6515071390798519,0.49640287769784175,High
,28.23,0.0,52.3,11,Frozen,frozen foods,2022-04-23 09:00:00,73,9,5,1,0.7071067811865476,-0.7071067811865475,0,2,0,0,0.6668429402432575,0.4892086330935252,High
,27.22,0.0,69.3,9,Frozen,frozen foods,2022-04-23 10:00:00,119,10,5,1,0.49999999999999994,-0.8660254037844387,0,2,0,0,0.6134320465362241,0.8201438848920863,Peak
,27.45,0.0,61.7,9,General,mixed baskets,2022-04-23 11:00:00,120,11,5,1,0.258819045102521,-0.9659258262890682,0,3,0,0,0.6255949233209941,0.8273381294964028,Peak
,29.48,1.57,37.7,11,General,mixed baskets,2022-04-23 12:00:00,94,12,5,1,1.2246467991473532e-16,-1.0,0,3,0,1,0.7329455314648333,0.6402877697841727,Peak
,25.89,0.0,53.6,5,General,mixed baskets,2022-04-23 13:00:00,98,13,5,1,-0.2588190451025208,-0.9659258262890683,0,3,0,0,0.5430988894764675,0.6690647482014388,Peak
,29.13,0.0,48.6,7,Dairy,milk and yogurt aisle,2022-04-23 14:00:00,47,14,5,1,-0.4999999999999997,-0.8660254037844388,0,1,1,0,0.714436805922792,0.302158273381295,Medium
,24.75,0.0,50.2,12,Dairy,milk and yogurt aisle,2022-04-23 15:00:00,55,15,5,1,-0.7071067811865471,-0.7071067811865479,0,1,1,0,0.4828133262823902,0.3597122302158273,Medium
,22.98,0.0,55.8,12,General,mixed baskets,2022-04-23 16:00:00,71,16,5,1,-0.8660254037844385,-0.5000000000000004,0,3,0,0,0.3892120571126388,0.4748201438848921,High
,25.19,0.0,51.1,11,Produce,fresh fruit and veg,2022-04-23 17:00:00,73,17,5,1,-0.9659258262890683,-0.25881904510252063,0,4,1,0,0.506081438392385,0.4892086330935252,High
,24.39,0.0,51.7,13,Frozen,frozen foods,2022-04-23 18:00:00,91,18,5,1,-1.0,-1.8369701987210297e-16,0,2,0,0,0.4637757800105764,0.6187050359712231,Peak
,26.4,0.0,71.0,8,General,mixed baskets,2022-04-23 19:00:00,79,19,5,1,-0.9659258262890684,0.2588190451025203,0,3,0,0,0.5700687466948703,0.5323741007194245,Peak
,29.69,0.38,43.3,12,Bakery,bread and pastry,2022-04-23 20:00:00,76,20,5,1,-0.8660254037844386,0.5000000000000001,0,0,1,1,0.7440507667900581,0.5107913669064749,High
,26.24,0.0,56.1,9,Frozen,frozen foods,2022-04-23 21:00:00,77,21,5,1,-0.7071067811865477,0.7071067811865474,0,2,0,0,0.5616076150185085,0.5179856115107914,High
,27.81,0.0,59.4,10,Frozen,frozen foods,2022-04-23 22:00:00,61,22,5,1,-0.5000000000000004,0.8660254037844384,0,2,0,0,0.6446324695928078,0.4028776978417266,High
,30.5,0.59,45.3,9,General,mixed baskets,2022-04-23 23:00:00,79,23,5,1,-0.25881904510252157,0.9659258262890681,0,3,0,1,0.7868852459016392,0.5323741007194245,Peak
,29.64,0.0,45.9,7,General,mixed baskets,2022-04-24 00:00:00,74,0,6,1,0.0,1.0,0,3,0,0,0.7414066631411951,0.49640287769784175,High
,25.41,0.0,46.0,3,Dairy,milk and yogurt aisle,2022-04-24 01:00:00,48,1,6,1,0.25881904510252074,0.9659258262890683,0,1,1,0,0.5177154944473823,0.30935251798561153,Medium
,23.53,0.0,61.4,4,Produce,fresh fruit and veg,2022-04-24 02:00:00,37,2,6,1,0.49999999999999994,0.8660254037844387,0,4,1,0,0.4182971972501322,0.2302158273381295,Low
,30.48,0.0,46.3,7,Bakery,bread and pastry,2022-04-24 03:00:00,84,3,6,1,0.7071067811865476,0.7071067811865476,0,0,1,0,0.785827604442094,0.5683453237410072,Peak
,22.54,0.0,58.7,6,Produce,fresh fruit and veg,2022-04-24 04:00:00,55,4,6,1,0.8660254037844386,0.5000000000000001,0,4,1,0,0.36594394500264404,0.3597122302158273,Medium
,20.69,0.0,45.5,7,Frozen,frozen foods,2022-04-24 05:00:00,46,5,6,1,0.9659258262890683,0.25881904510252074,0,2,0,0,0.26811210999471186,0.2949640287769784,Medium
,20.25,0.0,45.0,5,Dairy,milk and yogurt aisle,2022-04-24 06:00:00,68,6,6,1,1.0,6.123233995736766e-17,0,1,1,0,0.24484399788471709,0.45323741007194246,High
,28.12,0.0,58.2,11,Produce,fresh fruit and veg,2022-04-24 07:00:00,61,7,6,1,0.9659258262890683,-0.25881904510252063,0,4,1,0,0.6610259122157588,0.4028776978417266,High
,21.56,0.0,61.2,10,General,mixed baskets,2022-04-24 08:00:00,51,8,6,1,0.8660254037844387,-0.4999999999999998,0,3,0,0,0.3141195134849285,0.33093525179856115,Medium
,24.58,0.0,44.2,8,General,mixed baskets,2022-04-24 09:00:00,55,9,6,1,0.7071067811865476,-0.7071067811865475,0,3,0,0,0.4738233738762558,0.3597122302158273,Medium
,24.89,0.0,46.8,13,Dairy,milk and yogurt aisle,2022-04-24 10:00:00,116,10,6,1,0.49999999999999994,-0.8660254037844387,0,1,1,0,0.49021681649920673,0.7985611510791367,Peak
,28.47,0.0,56.7,10,General,mixed baskets,2022-04-24 11:00:00,115,11,6,1,0.258819045102521,-0.9659258262890682,0,3,0,0,0.6795346377578,0.7913669064748201,Peak
,21.81,0.0,47.1,12,Dairy,milk and yogurt aisle,2022-04-24 12:00:00,124,12,6,1,1.2246467991473532e-16,-1.0,0,1,1,0,0.3273400317292437,0.8561151079136691,Peak
,25.35,0.18,46.1,12,Produce,fresh fruit and veg,2022-04-24 13:00:00,110,13,6,1,-0.2588190451025208,-0.9659258262890683,0,4,1,1,0.5145425700687467,0.7553956834532374,Peak
,25.98,0.19,46.8,13,Dairy,milk and yogurt aisle,2022-04-24 14:00:00,55,14,6,1,-0.4999999999999997,-0.8660254037844388,0,1,1,1,0.5478582760444209,0.3597122302158273,Medium
,28.73,1.21,60.6,8,Produce,fresh fruit and veg,2022-04-24 15:00:00,67,15,6,1,-0.7071067811865471,-0.7071067811865479,0,4,1,1,0.6932839767318878,0.4460431654676259,High
,24.63,1.72,39.4,5,General,mixed baskets,2022-04-24 16:00:00,63,16,6,1,-0.8660254037844385,-0.5000000000000004,0,3,0,1,0.47646747752511887,0.4172661870503597,High
,25.91,0.0,68.3,7,General,mixed baskets,2022-04-24 17:00:00,108,17,6,1,-0.9659258262890683,-0.25881904510252063,0,3,0,0,0.5441565309360127,0.7410071942446043,Peak
,24.54,0.0,67.1,13,Bakery,bread and pastry,2022-04-24 18:00:00,92,18,6,1,-1.0,-1.8369701987210297e-16,0,0,1,0,0.4717080909571654,0.6258992805755396,Peak
,27.95,0.0,64.4,12,Dairy,milk and yogurt aisle,2022-04-24 19:00:00,93,19,6,1,-0.9659258262890684,0.2588190451025203,0,1,1,0,0.6520359598096244,0.6330935251798561,Peak
,27.59,1.15,56.4,12,Produce,fresh fruit and veg,2022-04-24 20:00:00,81,20,6,1,-0.8660254037844386,0.5000000000000001,0,4,1,1,0.6329984135378106,0.5467625899280576,Peak
,24.28,0.0,49.3,6,Dairy,milk and yogurt aisle,2022-04-24 21:00:00,77,21,6,1,-0.7071067811865477,0.7071067811865474,0,1,1,0,0.4579587519830777,0.5179856115107914,High
,26.61,0.32,59.7,3,Produce,fresh fruit and veg,2022-04-24 22:00:00,43,22,6,1,-0.5000000000000004,0.8660254037844384,0,4,1,1,0.5811739820200951,0.2733812949640288,Medium
,21.56,0.0,45.9,5,Dairy,milk and yogurt aisle,2022-04-24 23:00:00,62,23,6,1,-0.25881904510252157,0.9659258262890681,0,1,1,0,0.3141195134849285,0.41007194244604317,High
,25.37,0.0,71.4,7,Dairy,milk and yogurt aisle,2022-04-25 00:00:00,29,0,0,0,0.0,1.0,0,1,1,0,0.5156002115282919,0.17266187050359713,Low
,22.99,0.8,52.2,11,Frozen,frozen foods,2022-04-25 01:00:00,44,1,0,0,0.25881904510252074,0.9659258262890683,0,2,0,1,0.3897408778424113,0.2805755395683453,Medium
,24.17,0.0,63.9,8,Bakery,bread and pastry,2022-04-25 02:00:00,48,2,0,0,0.49999999999999994,0.8660254037844387,0,0,1,0,0.4521417239555791,0.30935251798561153,Medium
,27.72,0.37,62.0,6,Frozen,frozen foods,2022-04-25 03:00:00,20,3,0,0,0.7071067811865476,0.7071067811865476,0,2,0,1,0.6398730830248545,0.1079136690647482,Low
,30.57,0.0,51.1,4,Dairy,milk and yogurt aisle,2022-04-25 04:00:00,37,4,0,0,0.8660254037844386,0.5000000000000001,0,1,1,0,0.7905869910100475,0.2302158273381295,Low
,25.73,0.0,52.8,6,Dairy,milk and yogurt aisle,2022-04-25 05:00:00,18,5,0,0,0.9659258262890683,0.25881904510252074,0,1,1,0,0.5346377578001057,0.09352517985611511,Low
,24.87,0.0,48.1,6,Produce,fresh fruit and veg,2022-04-25 06:00:00,56,6,0,0,1.0,6.123233995736766e-17,0,4,1,0,0.48915917503966155,0.3669064748201439,High
,24.39,0.97,58.3,6,Bakery,bread and pastry,2022-04-25 07:00:00,34,7,0,0,0.9659258262890683,-0.25881904510252063,0,0,1,1,0.4637757800105764,0.20863309352517986,Low
,27.09,0.0,59.3,10,General,mixed baskets,2022-04-25 08:00:00,21,8,0,0,0.8660254037844387,-0.4999999999999998,0,3,0,0,0.6065573770491802,0.11510791366906475,Low
,24.78,0.0,54.7,4,Bakery,bread and pastry,2022-04-25 09:00:00,31,9,0,0,0.7071067811865476,-0.7071067811865475,0,0,1,0,0.4843997884717081,0.18705035971223022,Low
,27.67,0.0,51.9,12,Dairy,milk and yogurt aisle,2022-04-25 10:00:00,110,10,0,0,0.49999999999999994,-0.8660254037844387,0,1,1,0,0.6372289793759915,0.7553956834532374,Peak
,29.07,0.0,54.8,9,Frozen,frozen foods,2022-04-25 11:00:00,112,11,0,0,0.258819045102521,-0.9659258262890682,0,2,0,0,0.7112638815441564,0.7697841726618705,Peak
,26.8,0.38,65.5,7,Frozen,frozen foods,2022-04-25 12:00:00,110,12,0,0,1.2246467991473532e-16,-1.0,0,2,0,1,0.5912215758857747,0.7553956834532374,Peak
,24.27,0.0,61.7,8,Produce,fresh fruit and veg,2022-04-25 13:00:00,85,13,0,0,-0.2588190451025208,-0.9659258262890683,0,4,1,0,0.45742993125330506,0.5755395683453237,Peak
,27.14,0.35,59.6,12,Frozen,frozen foods,2022-04-25 14:00:00,38,14,0,0,-0.4999999999999997,-0.8660254037844388,0,2,0,1,0.6092014806980434,0.23741007194244604,Low
,23.52,0.0,49.7,6,Produce,fresh fruit and veg,2022-04-25 15:00:00,59,15,0,0,-0.7071067811865471,-0.7071067811865479,0,4,1,0,0.41776837652035953,0.38848920863309355,High
,20.85,0.0,50.9,9,Produce,fresh fruit and veg,2022-04-25 16:00:00,31,16,0,0,-0.8660254037844385,-0.5000000000000004,0,4,1,0,0.27657324167107356,0.18705035971223022,Low
,28.09,0.0,58.5,6,General,mixed baskets,2022-04-25 17:00:00,70,17,0,0,-0.9659258262890683,-0.25881904510252063,0,3,0,0,0.6594394500264409,0.4676258992805755,High
,30.03,0.55,53.2,7,General,mixed baskets,2022-04-25 18:00:00,63,18,0,0,-1.0,-1.8369701987210297e-16,0,3,0,1,0.7620306716023267,0.4172661870503597,High
,28.55,0.0,49.2,10,Frozen,frozen foods,2022-04-25 19:00:00,61,19,0,0,-0.9659258262890684,0.2588190451025203,0,2,0,0,0.6837652035959809,0.4028776978417266,High
,24.35,0.0,65.3,9,General,mixed baskets,2022-04-25 20:00:00,89,20,0,0,-0.8660254037844386,0.5000000000000001,0,3,0,0,0.461660497091486,0.60431654676259,Peak
,16.8,0.0,55.5,10,Bakery,bread and pastry,2022-04-25 21:00:00,47,21,0,0,-0.7071067811865477,0.7071067811865474,0,0,1,0,0.0624008461131677,0.302158273381295,Medium
,23.41,0.0,56.4,5,Frozen,frozen foods,2022-04-25 22:00:00,45,22,0,0,-0.5000000000000004,0.8660254037844384,0,2,0,0,0.4119513484928609,0.28776978417266186,Medium
,26.79,0.0,50.0,3,Produce,fresh fruit and veg,2022-04-25 23:00:00,46,23,0,0,-0.25881904510252157,0.9659258262890681,0,4,1,0,0.590692755156002,0.2949640287769784,Medium
,24.19,0.0,56.8,5,General,mixed baskets,2022-04-26 00:00:00,52,0,1,0,0.0,1.0,0,3,0,0,0.4531993654151243,0.3381294964028777,Medium
,28.64,0.0,61.0,3,General,mixed baskets,2022-04-26 01:00:00,58,1,1,0,0.25881904510252074,0.9659258262890683,0,3,0,0,0.6885245901639344,0.381294964028777,High
,23.14,0.0,56.7,4,Bakery,bread and pastry,2022-04-26 02:00:00,39,2,1,0,0.49999999999999994,0.8660254037844387,0,0,1,0,0.39767318878900054,0.2446043165467626,Low
,26.4,0.0,43.0,4,General,mixed baskets,2022-04-26 03:00:00,35,3,1,0,0.7071067811865476,0.7071067811865476,0,3,0,0,0.5700687466948703,0.2158273381294964,Low
,25.72,0.0,50.8,8,Dairy,milk and yogurt aisle,2022-04-26 04:00:00,27,4,1,0,0.8660254037844386,0.5000000000000001,0,1,1,0,0.534108937070333,0.15827338129496402,Low
,25.81,0.0,58.8,9,Produce,fresh fruit and veg,2022-04-26 05:00:00,52,5,1,0,0.9659258262890683,0.25881904510252074,0,4,1,0,0.5388683236382865,0.3381294964028777,Medium
,21.65,0.0,56.4,8,General,mixed baskets,2022-04-26 06:00:00,33,6,1,0,1.0,6.123233995736766e-17,0,3,0,0,0.318878900052882,0.2014388489208633,Low
,24.9,0.0,62.4,3,General,mixed baskets,2022-04-26 07:00:00,22,7,1,0,0.9659258262890683,-0.25881904510252063,0,3,0,0,0.49074563722897924,0.1223021582733813,Low
,25.81,0.0,52.2,10,General,mixed baskets,2022-04-26 08:00:00,36,8,1,0,0.8660254037844387,-0.4999999999999998,0,3,0,0,0.5388683236382865,0.22302158273381295,Low
,24.15,0.0,54.1,9,General,mixed baskets,2022-04-26 09:00:00,40,9,1,0,0.7071067811865476,-0.7071067811865475,0,3,0,0,0.4510840824960337,0.2517985611510791,Medium
,21.87,0.0,61.6,9,Dairy,milk and yogurt aisle,2022-04-26 10:00:00,104,10,1,0,0.49999999999999994,-0.8660254037844387,0,1,1,0,0.33051295610787945,0.7122302158273381,Peak
,23.92,0.0,54.1,10,Bakery,bread and pastry,2022-04-26 11:00:00,107,11,1,0,0.258819045102521,-0.9659258262890682,0,0,1,0,0.4389212057112639,0.7338129496402878,Peak
,22.75,0.0,61.2,7,Dairy,milk and yogurt aisle,2022-04-26 12:00:00,86,12,1,0,1.2246467991473532e-16,-1.0,0,1,1,0,0.3770491803278688,0.5827338129496403,Peak
,26.0,0.0,40.7,8,General,mixed baskets,2022-04-26 13:00:00,85,13,1,0,-0.2588190451025208,-0.9659258262890683,0,3,0,0,0.5489159175039661,0.5755395683453237,Peak
,27.56,0.0,47.0,12,Bakery,bread and pastry,2022-04-26 14:00:00,36,14,1,0,-0.4999999999999997,-0.8660254037844388,0,0,1,0,0.6314119513484927,0.22302158273381295,Low
,25.95,0.0,61.7,13,General,mixed baskets,2022-04-26 15:00:00,25,15,1,0,-0.7071067811865471,-0.7071067811865479,0,3,0,0,0.546271813855103,0.14388489208633093,Low
,26.05,0.0,60.8,7,General,mixed baskets,2022-04-26 16:00:00,38,16,1,0,-0.8660254037844385,-0.5000000000000004,0,3,0,0,0.5515600211528292,0.23741007194244604,Low
,24.68,0.0,60.4,10,General,mixed baskets,2022-04-26 17:00:00,80,17,1,0,-0.9659258262890683,-0.25881904510252063,0,3,0,0,0.47911158117398195,0.539568345323741,Peak
,25.61,0.0,61.6,5,Bakery,bread and pastry,2022-04-26 18:00:00,75,18,1,0,-1.0,-1.8369701987210297e-16,0,0,1,0,0.5282919090428344,0.5035971223021583,High
,20.25,0.0,61.7,9,General,mixed baskets,2022-04-26 19:00:00,55,19,1,0,-0.9659258262890684,0.2588190451025203,0,3,0,0,0.24484399788471709,0.3597122302158273,Medium
,25.31,0.0,45.7,8,Dairy,milk and yogurt aisle,2022-04-26 20:00:00,60,20,1,0,-0.8660254037844386,0.5000000000000001,0,1,1,0,0.5124272871496561,0.39568345323741005,High
,27.34,0.47,68.4,10,Bakery,bread and pastry,2022-04-26 21:00:00,55,21,1,0,-0.7071067811865477,0.7071067811865474,0,0,1,1,0.6197778952934954,0.3597122302158273,Medium
,23.8,0.0,61.2,4,General,mixed baskets,2022-04-26 22:00:00,27,22,1,0,-0.5000000000000004,0.8660254037844384,0,3,0,0,0.4325753569539926,0.15827338129496402,Low
,26.85,0.93,47.9,5,General,mixed baskets,2022-04-26 23:00:00,48,23,1,0,-0.25881904510252157,0.9659258262890681,0,3,0,1,0.5938656795346378,0.30935251798561153,Medium
,21.29,0.0,44.1,7,General,mixed baskets,2022-04-27 00:00:00,47,0,2,0,0.0,1.0,0,3,0,0,0.29984135378106813,0.302158273381295,Medium
,25.17,0.0,57.6,6,Frozen,frozen foods,2022-04-27 01:00:00,36,1,2,0,0.25881904510252074,0.9659258262890683,0,2,0,0,0.5050237969328398,0.22302158273381295,Low
,24.58,0.0,49.0,9,Frozen,frozen foods,2022-04-27 02:00:00,28,2,2,0,0.49999999999999994,0.8660254037844387,0,2,0,0,0.4738233738762558,0.16546762589928057,Low
,26.22,0.0,58.4,11,Produce,fresh fruit and veg,2022-04-27 03:00:00,42,3,2,0,0.7071067811865476,0.7071067811865476,0,4,1,0,0.5605499735589634,0.26618705035971224,Medium
,25.41,0.0,52.0,6,Frozen,frozen foods,2022-04-27 04:00:00,29,4,2,0,0.8660254037844386,0.5000000000000001,0,2,0,0,0.5177154944473823,0.17266187050359713,Low
,30.62,0.0,42.6,5,Frozen,frozen foods,2022-04-27 05:00:00,37,5,2,0,0.9659258262890683,0.25881904510252074,0,2,0,0,0.7932310946589106,0.2302158273381295,Low
,17.08,0.0,47.7,8,Bakery,bread and pastry,2022-04-27 06:00:00,41,6,2,0,1.0,6.123233995736766e-17,0,0,1,0,0.07720782654680057,0.2589928057553957,Medium
,21.41,0.12,51.7,6,Produce,fresh fruit and veg,2022-04-27 07:00:00,31,7,2,0,0.9659258262890683,-0.25881904510252063,0,4,1,1,0.3061872025383395,0.18705035971223022,Low
,23.35,0.0,54.2,4,General,mixed baskets,2022-04-27 08:00:00,37,8,2,0,0.8660254037844387,-0.4999999999999998,0,3,0,0,0.4087784241142253,0.2302158273381295,Low
,25.28,0.0,60.5,11,General,mixed baskets,2022-04-27 09:00:00,36,9,2,0,0.7071067811865476,-0.7071067811865475,0,3,0,0,0.5108408249603384,0.22302158273381295,Low
,23.42,0.0,49.1,10,Bakery,bread and pastry,2022-04-27 10:00:00,80,10,2,0,0.49999999999999994,-0.8660254037844387,0,0,1,0,0.4124801692226336,0.539568345323741,Peak
,23.35,0.0,58.0,11,General,mixed baskets,2022-04-27 11:00:00,92,11,2,0,0.258819045102521,-0.9659258262890682,0,3,0,0,0.4087784241142253,0.6258992805755396,Peak
,21.09,0.0,52.5,12,Frozen,frozen foods,2022-04-27 12:00:00,87,12,2,0,1.2246467991473532e-16,-1.0,0,2,0,0,0.2892649391856161,0.5899280575539568,Peak
,21.63,0.0,53.3,5,Produce,fresh fruit and veg,2022-04-27 13:00:00,73,13,2,0,-0.2588190451025208,-0.9659258262890683,0,4,1,0,0.31782125859333676,0.4892086330935252,High
,22.85,3.36,46.3,11,Dairy,milk and yogurt aisle,2022-04-27 14:00:00,35,14,2,0,-0.4999999999999997,-0.8660254037844388,0,1,1,1,0.38233738762559494,0.2158273381294964,Low
,28.84,0.0,50.3,5,General,mixed baskets,2022-04-27 15:00:00,36,15,2,0,-0.7071067811865471,-0.7071067811865479,0,3,0,0,0.6991010047593864,0.22302158273381295,Low
,23.0,0.0,42.9,10,General,mixed baskets,2022-04-27 16:00:00,32,16,2,0,-0.8660254037844385,-0.5000000000000004,0,3,0,0,0.390269698572184,0.19424460431654678,Low
,31.95,0.0,59.6,10,General,mixed baskets,2022-04-27 17:00:00,50,17,2,0,-0.9659258262890683,-0.25881904510252063,0,3,0,0,0.8635642517186671,0.3237410071942446,Medium
,27.71,0.0,62.8,13,Produce,fresh fruit and veg,2022-04-27 18:00:00,84,18,2,0,-1.0,-1.8369701987210297e-16,0,4,1,0,0.6393442622950819,0.5683453237410072,Peak
,24.31,0.0,57.7,8,Produce,fresh fruit and veg,2022-04-27 19:00:00,83,19,2,0,-0.9659258262890684,0.2588190451025203,0,4,1,0,0.45954521417239547,0.5611510791366906,Peak
,27.09,0.0,70.5,12,Produce,fresh fruit and veg,2022-04-27 20:00:00,82,20,2,0,-0.8660254037844386,0.5000000000000001,0,4,1,0,0.6065573770491802,0.5539568345323741,Peak
,27.61,0.0,56.3,3,Dairy,milk and yogurt aisle,2022-04-27 21:00:00,43,21,2,0,-0.7071067811865477,0.7071067811865474,0,1,1,0,0.6340560549973557,0.2733812949640288,Medium
,22.03,0.0,60.9,3,General,mixed baskets,2022-04-27 22:00:00,24,22,2,0,-0.5000000000000004,0.8660254037844384,0,3,0,0,0.33897408778424115,0.1366906474820144,Low
,20.97,0.0,51.6,7,General,mixed baskets,2022-04-27 23:00:00,41,23,2,0,-0.25881904510252157,0.9659258262890681,0,3,0,0,0.28291909042834473,0.2589928057553957,Medium
,28.67,0.0,57.1,8,General,mixed baskets,2022-04-28 00:00:00,28,0,3,0,0.0,1.0,0,3,0,0,0.6901110523532522,0.16546762589928057,Low
,22.57,0.0,46.3,6,Bakery,bread and pastry,2022-04-28 01:00:00,66,1,3,0,0.25881904510252074,0.9659258262890683,0,0,1,0,0.3675304071919619,0.43884892086330934,High
,27.16,0.0,51.9,8,Bakery,bread and pastry,2022-04-28 02:00:00,33,2,3,0,0.49999999999999994,0.8660254037844387,0,0,1,0,0.6102591221575885,0.2014388489208633,Low
,26.69,1.33,66.4,3,General,mixed baskets,2022-04-28 03:00:00,48,3,3,0,0.7071067811865476,0.7071067811865476,0,3,0,1,0.585404547858276,0.30935251798561153,Medium
,20.79,0.0,54.2,5,Produce,fresh fruit and veg,2022-04-28 04:00:00,21,4,3,0,0.8660254037844386,0.5000000000000001,0,4,1,0,0.2734003172924378,0.11510791366906475,Low
,26.61,0.0,51.7,5,General,mixed baskets,2022-04-28 05:00:00,25,5,3,0,0.9659258262890683,0.25881904510252074,0,3,0,0,0.5811739820200951,0.14388489208633093,Low
,26.4,5.29,69.2,8,Produce,fresh fruit and veg,2022-04-28 06:00:00,33,6,3,0,1.0,6.123233995736766e-17,0,4,1,1,0.5700687466948703,0.2014388489208633,Low
,28.21,0.0,58.2,11,Produce,fresh fruit and veg,2022-04-28 07:00:00,48,7,3,0,0.9659258262890683,-0.25881904510252063,0,4,1,0,0.6657852987837123,0.30935251798561153,Medium
,24.9,0.0,65.0,6,Produce,fresh fruit and veg,2022-04-28 08:00:00,46,8,3,0,0.8660254037844387,-0.4999999999999998,0,4,1,0,0.49074563722897924,0.2949640287769784,Medium
,26.13,0.0,42.5,10,Produce,fresh fruit and veg,2022-04-28 09:00:00,43,9,3,0,0.7071067811865476,-0.7071067811865475,0,4,1,0,0.5557905869910099,0.2733812949640288,Medium
,25.94,0.0,54.1,8,Frozen,frozen foods,2022-04-28 10:00:00,72,10,3,0,0.49999999999999994,-0.8660254037844387,0,2,0,0,0.5457429931253305,0.48201438848920863,High
,24.4,0.0,53.2,8,General,mixed baskets,2022-04-28 11:00:00,108,11,3,0,0.258819045102521,-0.9659258262890682,0,3,0,0,0.4643046007403489,0.7410071942446043,Peak
,29.1,0.0,52.4,6,General,mixed baskets,2022-04-28 12:00:00,83,12,3,0,1.2246467991473532e-16,-1.0,0,3,0,0,0.7128503437334743,0.5611510791366906,Peak
,27.42,0.0,54.1,5,Bakery,bread and pastry,2022-04-28 13:00:00,114,13,3,0,-0.2588190451025208,-0.9659258262890683,0,0,1,0,0.6240084611316764,0.7841726618705036,Peak
,28.85,0.0,58.3,11,Frozen,frozen foods,2022-04-28 14:00:00,62,14,3,0,-0.4999999999999997,-0.8660254037844388,0,2,0,0,0.6996298254891592,0.41007194244604317,High
,25.88,0.0,63.5,11,Produce,fresh fruit and veg,2022-04-28 15:00:00,49,15,3,0,-0.7071067811865471,-0.7071067811865479,0,4,1,0,0.5425700687466948,0.31654676258992803,Medium
,27.92,0.0,40.7,10,Frozen,frozen foods,2022-04-28 16:00:00,51,16,3,0,-0.8660254037844385,-0.5000000000000004,0,2,0,0,0.6504494976203067,0.33093525179856115,Medium
,22.59,0.0,44.9,5,Dairy,milk and yogurt aisle,2022-04-28 17:00:00,59,17,3,0,-0.9659258262890683,-0.25881904510252063,0,1,1,0,0.3685880486515071,0.38848920863309355,High
,23.43,0.0,55.1,11,Bakery,bread and pastry,2022-04-28 18:00:00,105,18,3,0,-1.0,-1.8369701987210297e-16,0,0,1,0,0.4130089899524061,0.7194244604316546,Peak
,27.5,0.0,42.8,10,Frozen,frozen foods,2022-04-28 19:00:00,77,19,3,0,-0.9659258262890684,0.2588190451025203,0,2,0,0,0.6282390269698571,0.5179856115107914,High
,24.42,0.0,57.8,9,General,mixed baskets,2022-04-28 20:00:00,86,20,3,0,-0.8660254037844386,0.5000000000000001,0,3,0,0,0.46536224219989425,0.5827338129496403,Peak
,23.99,0.0,47.5,5,General,mixed baskets,2022-04-28 21:00:00,29,21,3,0,-0.7071067811865477,0.7071067811865474,0,3,0,0,0.442622950819672,0.17266187050359713,Low
,25.38,0.0,53.1,4,Bakery,bread and pastry,2022-04-28 22:00:00,39,22,3,0,-0.5000000000000004,0.8660254037844384,0,0,1,0,0.5161290322580644,0.2446043165467626,Low
,21.01,0.0,45.0,9,Produce,fresh fruit and veg,2022-04-28 23:00:00,25,23,3,0,-0.25881904510252157,0.9659258262890681,0,4,1,0,0.2850343733474353,0.14388489208633093,Low
,25.34,0.0,47.0,10,General,mixed baskets,2022-04-29 00:00:00,37,0,4,0,0.0,1.0,0,3,0,0,0.514013749338974,0.2302158273381295,Low
,26.15,0.0,75.7,5,Produce,fresh fruit and veg,2022-04-29 01:00:00,40,1,4,0,0.25881904510252074,0.9659258262890683,0,4,1,0,0.5568482284505551,0.2517985611510791,Medium
,24.12,0.0,51.5,3,Frozen,frozen foods,2022-04-29 02:00:00,43,2,4,0,0.49999999999999994,0.8660254037844387,0,2,0,0,0.44949762030671603,0.2733812949640288,Medium
,22.1,0.0,65.5,11,Produce,fresh fruit and veg,2022-04-29 03:00:00,56,3,4,0,0.7071067811865476,0.7071067811865476,0,4,1,0,0.34267583289264947,0.3669064748201439,High
,29.32,0.0,53.8,8,Bakery,bread and pastry,2022-04-29 04:00:00,45,4,4,0,0.8660254037844386,0.5000000000000001,0,0,1,0,0.7244843997884717,0.28776978417266186,Medium
,25.99,0.0,59.1,7,General,mixed baskets,2022-04-29 05:00:00,42,5,4,0,0.9659258262890683,0.25881904510252074,0,3,0,0,0.5483870967741934,0.26618705035971224,Medium
,22.35,0.0,47.8,8,Frozen,frozen foods,2022-04-29 06:00:00,40,6,4,0,1.0,6.123233995736766e-17,0,2,0,0,0.3558963511369646,0.2517985611510791,Medium
,23.44,2.11,64.3,3,Produce,fresh fruit and veg,2022-04-29 07:00:00,64,7,4,0,0.9659258262890683,-0.25881904510252063,0,4,1,1,0.41353781068217876,0.4244604316546763,High
,20.86,0.0,50.0,10,General,mixed baskets,2022-04-29 08:00:00,33,8,4,0,0.8660254037844387,-0.4999999999999998,0,3,0,0,0.27710206240084606,0.2014388489208633,Low
,20.55,0.0,31.6,10,General,mixed baskets,2022-04-29 09:00:00,54,9,4,0,0.7071067811865476,-0.7071067811865475,0,3,0,0,0.26070861977789533,0.35251798561151076,Medium
,20.12,0.0,33.2,13,General,mixed baskets,2022-04-29 10:00:00,71,10,4,0,0.49999999999999994,-0.8660254037844387,0,3,0,0,0.23796932839767324,0.4748201438848921,High
,22.82,2.52,60.7,10,Dairy,milk and yogurt aisle,2022-04-29 11:00:00,84,11,4,0,0.258819045102521,-0.9659258262890682,0,1,1,1,0.3807509254362771,0.5683453237410072,Peak
,25.98,0.0,59.3,10,General,mixed baskets,2022-04-29 12:00:00,99,12,4,0,1.2246467991473532e-16,-1.0,0,3,0,0,0.5478582760444209,0.6762589928057554,Peak
,26.78,0.0,47.9,9,General,mixed baskets,2022-04-29 13:00:00,93,13,4,0,-0.2588190451025208,-0.9659258262890683,0,3,0,0,0.5901639344262295,0.6330935251798561,Peak
,24.63,0.0,45.6,10,Bakery,bread and pastry,2022-04-29 14:00:00,76,14,4,0,-0.4999999999999997,-0.8660254037844388,0,0,1,0,0.47646747752511887,0.5107913669064749,High
,27.49,0.0,49.5,12,Produce,fresh fruit and veg,2022-04-29 15:00:00,70,15,4,0,-0.7071067811865471,-0.7071067811865479,0,4,1,0,0.6277102062400844,0.4676258992805755,High
,26.35,0.16,67.5,12,General,mixed baskets,2022-04-29 16:00:00,21,16,4,0,-0.8660254037844385,-0.5000000000000004,0,3,0,1,0.5674246430460074,0.11510791366906475,Low
,22.03,0.0,39.4,5,General,mixed baskets,2022-04-29 17:00:00,62,17,4,0,-0.9659258262890683,-0.25881904510252063,0,3,0,0,0.33897408778424115,0.41007194244604317,High
,22.8,0.0,59.1,5,Produce,fresh fruit and veg,2022-04-29 18:00:00,73,18,4,0,-1.0,-1.8369701987210297e-16,0,4,1,0,0.3796932839767319,0.4892086330935252,High
,25.64,2.52,70.6,11,General,mixed baskets,2022-04-29 19:00:00,95,19,4,0,-0.9659258262890684,0.2588190451025203,0,3,0,1,0.5298783712321523,0.6474820143884892,Peak
,26.63,0.0,43.2,6,Bakery,bread and pastry,2022-04-29 20:00:00,88,20,4,0,-0.8660254037844386,0.5000000000000001,0,0,1,0,0.5822316234796403,0.5971223021582733,Peak
,27.65,0.0,46.6,11,Bakery,bread and pastry,2022-04-29 21:00:00,43,21,4,0,-0.7071067811865477,0.7071067811865474,0,0,1,0,0.6361713379164462,0.2733812949640288,Medium
,21.47,0.0,50.8,9,General,mixed baskets,2022-04-29 22:00:00,23,22,4,0,-0.5000000000000004,0.8660254037844384,0,3,0,0,0.30936012691697506,0.12949640287769784,Low
,20.04,0.0,48.6,11,General,mixed baskets,2022-04-29 23:00:00,29,23,4,0,-0.25881904510252157,0.9659258262890681,0,3,0,0,0.23373876255949227,0.17266187050359713,Low
,29.93,0.0,61.5,4,Produce,fresh fruit and veg,2022-04-30 00:00:00,27,0,5,1,0.0,1.0,0,4,1,0,0.7567424643046006,0.15827338129496402,Low
,24.17,0.0,54.6,5,Dairy,milk and yogurt aisle,2022-04-30 01:00:00,41,1,5,1,0.25881904510252074,0.9659258262890683,0,1,1,0,0.4521417239555791,0.2589928057553957,Medium
,27.38,0.0,49.7,9,Frozen,frozen foods,2022-04-30 02:00:00,65,2,5,1,0.49999999999999994,0.8660254037844387,0,2,0,0,0.6218931782125858,0.4316546762589928,High
,24.96,0.0,56.8,11,Bakery,bread and pastry,2022-04-30 03:00:00,69,3,5,1,0.7071067811865476,0.7071067811865476,0,0,1,0,0.493918561607615,0.460431654676259,High
,21.41,0.0,63.6,10,Dairy,milk and yogurt aisle,2022-04-30 04:00:00,44,4,5,1,0.8660254037844386,0.5000000000000001,0,1,1,0,0.3061872025383395,0.2805755395683453,Medium
,28.4,0.0,51.0,3,Bakery,bread and pastry,2022-04-30 05:00:00,61,5,5,1,0.9659258262890683,0.25881904510252074,0,0,1,0,0.6758328926493917,0.4028776978417266,High
,26.07,0.0,47.4,11,General,mixed baskets,2022-04-30 06:00:00,79,6,5,1,1.0,6.123233995736766e-17,0,3,0,0,0.5526176626123743,0.5323741007194245,Peak
,28.6,0.0,61.3,9,General,mixed baskets,2022-04-30 07:00:00,62,7,5,1,0.9659258262890683,-0.25881904510252063,0,3,0,0,0.686409307244844,0.41007194244604317,High
,26.42,0.0,67.7,11,Produce,fresh fruit and veg,2022-04-30 08:00:00,56,8,5,1,0.8660254037844387,-0.4999999999999998,0,4,1,0,0.5711263881544156,0.3669064748201439,High
,22.42,0.0,66.4,7,Frozen,frozen foods,2022-04-30 09:00:00,67,9,5,1,0.7071067811865476,-0.7071067811865475,0,2,0,0,0.35959809624537287,0.4460431654676259,High
,24.81,1.19,64.0,10,Produce,fresh fruit and veg,2022-04-30 10:00:00,121,10,5,1,0.49999999999999994,-0.8660254037844387,0,4,1,1,0.4859862506610258,0.8345323741007195,Peak
,27.41,0.0,52.8,13,Bakery,bread and pastry,2022-04-30 11:00:00,116,11,5,1,0.258819045102521,-0.9659258262890682,0,0,1,0,0.6234796404019037,0.7985611510791367,Peak
,23.18,1.96,66.6,8,Bakery,bread and pastry,2022-04-30 12:00:00,108,12,5,1,1.2246467991473532e-16,-1.0,0,0,1,1,0.3997884717080909,0.7410071942446043,Peak
,25.39,0.0,58.8,10,Produce,fresh fruit and veg,2022-04-30 13:00:00,109,13,5,1,-0.2588190451025208,-0.9659258262890683,0,4,1,0,0.5166578529878371,0.7482014388489209,Peak
,27.84,0.0,59.3,5,General,mixed baskets,2022-04-30 14:00:00,61,14,5,1,-0.4999999999999997,-0.8660254037844388,0,3,0,0,0.6462189317821257,0.4028776978417266,High
,21.81,0.0,54.2,8,General,mixed baskets,2022-04-30 15:00:00,53,15,5,1,-0.7071067811865471,-0.7071067811865479,0,3,0,0,0.3273400317292437,0.34532374100719426,Medium
,23.99,0.0,62.7,7,Produce,fresh fruit and veg,2022-04-30 16:00:00,76,16,5,1,-0.8660254037844385,-0.5000000000000004,0,4,1,0,0.442622950819672,0.5107913669064749,High
,25.37,0.0,61.5,13,Produce,fresh fruit and veg,2022-04-30 17:00:00,105,17,5,1,-0.9659258262890683,-0.25881904510252063,0,4,1,0,0.5156002115282919,0.7194244604316546,Peak
,27.33,0.0,44.6,9,Bakery,bread and pastry,2022-04-30 18:00:00,108,18,5,1,-1.0,-1.8369701987210297e-16,0,0,1,0,0.6192490745637227,0.7410071942446043,Peak
,24.69,6.89,80.9,13,General,mixed baskets,2022-04-30 19:00:00,119,19,5,1,-0.9659258262890684,0.2588190451025203,0,3,0,1,0.4796404019037546,0.8201438848920863,Peak
,23.13,0.0,46.7,13,General,mixed baskets,2022-04-30 20:00:00,114,20,5,1,-0.8660254037844386,0.5000000000000001,0,3,0,0,0.3971443680592278,0.7841726618705036,Peak
,26.34,0.0,55.5,6,General,mixed baskets,2022-04-30 21:00:00,77,21,5,1,-0.7071067811865477,0.7071067811865474,0,3,0,0,0.5668958223162347,0.5179856115107914,High
,23.41,0.0,53.5,9,Frozen,frozen foods,2022-04-30 22:00:00,64,22,5,1,-0.5000000000000004,0.8660254037844384,0,2,0,0,0.4119513484928609,0.4244604316546763,High
,25.99,0.0,58.5,3,General,mixed baskets,2022-04-30 23:00:00,57,23,5,1,-0.25881904510252157,0.9659258262890681,0,3,0,0,0.5483870967741934,0.37410071942446044,High
,25.77,0.0,50.7,3,Produce,fresh fruit and veg,2022-05-01 00:00:00,87,0,6,1,0.0,1.0,0,4,1,0,0.5367530407191962,0.5899280575539568,Peak
,24.38,3.57,62.5,8,Produce,fresh fruit and veg,2022-05-01 01:00:00,51,1,6,1,0.25881904510252074,0.9659258262890683,0,4,1,1,0.4632469592808037,0.33093525179856115,Medium
,27.03,0.0,50.6,4,General,mixed baskets,2022-05-01 02:00:00,52,2,6,1,0.49999999999999994,0.8660254037844387,0,3,0,0,0.6033844526705446,0.3381294964028777,Medium
,27.84,1.53,55.4,3,Dairy,milk and yogurt aisle,2022-05-01 03:00:00,49,3,6,1,0.7071067811865476,0.7071067811865476,0,1,1,1,0.6462189317821257,0.31654676258992803,Medium
,21.61,0.0,43.4,8,General,mixed baskets,2022-05-01 04:00:00,62,4,6,1,0.8660254037844386,0.5000000000000001,0,3,0,0,0.3167636171337916,0.41007194244604317,High
,26.19,0.0,58.8,3,Frozen,frozen foods,2022-05-01 05:00:00,65,5,6,1,0.9659258262890683,0.25881904510252074,0,2,0,0,0.5589635113696457,0.4316546762589928,High
,24.47,0.0,50.1,11,General,mixed baskets,2022-05-01 06:00:00,72,6,6,1,1.0,6.123233995736766e-17,0,3,0,0,0.46800634584875717,0.48201438848920863,High
,24.13,0.0,57.5,7,General,mixed baskets,2022-05-01 07:00:00,57,7,6,1,0.9659258262890683,-0.25881904510252063,0,3,0,0,0.45002644103648853,0.37410071942446044,High
,25.11,0.0,54.7,4,General,mixed baskets,2022-05-01 08:00:00,39,8,6,1,0.8660254037844387,-0.4999999999999998,0,3,0,0,0.501850872554204,0.2446043165467626,Low
,27.85,0.0,58.1,9,Bakery,bread and pastry,2022-05-01 09:00:00,63,9,6,1,0.7071067811865476,-0.7071067811865475,0,0,1,0,0.6467477525118984,0.4172661870503597,High
,24.53,0.0,59.4,11,Bakery,bread and pastry,2022-05-01 10:00:00,126,10,6,1,0.49999999999999994,-0.8660254037844387,0,0,1,0,0.4711792702273929,0.8705035971223022,Peak
,24.09,0.0,44.5,8,Bakery,bread and pastry,2022-05-01 11:00:00,115,11,6,1,0.258819045102521,-0.9659258262890682,0,0,1,0,0.4479111581173981,0.7913669064748201,Peak
,21.76,0.0,53.9,13,Frozen,frozen foods,2022-05-01 12:00:00,113,12,6,1,1.2246467991473532e-16,-1.0,0,2,0,0,0.32469592808038084,0.7769784172661871,Peak
,24.49,0.0,56.3,9,Dairy,milk and yogurt aisle,2022-05-01 13:00:00,121,13,6,1,-0.2588190451025208,-0.9659258262890683,0,1,1,0,0.46906398730830234,0.8345323741007195,Peak
,24.91,0.23,50.0,12,Produce,fresh fruit and veg,2022-05-01 14:00:00,77,14,6,1,-0.4999999999999997,-0.8660254037844388,0,4,1,1,0.4912744579587519,0.5179856115107914,High
,22.52,0.0,49.6,13,Dairy,milk and yogurt aisle,2022-05-01 15:00:00,59,15,6,1,-0.7071067811865471,-0.7071067811865479,0,1,1,0,0.3648863035430988,0.38848920863309355,High
,24.15,0.0,57.7,10,Bakery,bread and pastry,2022-05-01 16:00:00,43,16,6,1,-0.8660254037844385,-0.5000000000000004,0,0,1,0,0.4510840824960337,0.2733812949640288,Medium
,26.12,0.35,66.0,5,Dairy,milk and yogurt aisle,2022-05-01 17:00:00,88,17,6,1,-0.9659258262890683,-0.25881904510252063,0,1,1,1,0.5552617662612375,0.5971223021582733,Peak
,28.41,0.0,59.2,5,Bakery,bread and pastry,2022-05-01 18:00:00,93,18,6,1,-1.0,-1.8369701987210297e-16,0,0,1,0,0.6763617133791644,0.6330935251798561,Peak
,24.22,0.0,60.4,9,Frozen,frozen foods,2022-05-01 19:00:00,73,19,6,1,-0.9659258262890684,0.2588190451025203,0,2,0,0,0.454785827604442,0.4892086330935252,High
,29.93,0.14,57.8,5,General,mixed baskets,2022-05-01 20:00:00,104,20,6,1,-0.8660254037844386,0.5000000000000001,0,3,0,1,0.7567424643046006,0.7122302158273381,Peak
,27.44,0.0,69.9,6,Dairy,milk and yogurt aisle,2022-05-01 21:00:00,50,21,6,1,-0.7071067811865477,0.7071067811865474,0,1,1,0,0.6250661025912215,0.3237410071942446,Medium
,27.13,0.0,55.2,7,Bakery,bread and pastry,2022-05-01 22:00:00,66,22,6,1,-0.5000000000000004,0.8660254037844384,0,0,1,0,0.6086726599682706,0.43884892086330934,High
,26.45,0.0,62.1,10,Frozen,frozen foods,2022-05-01 23:00:00,62,23,6,1,-0.25881904510252157,0.9659258262890681,0,2,0,0,0.5727128503437333,0.41007194244604317,High
,25.15,0.0,81.6,11,Produce,fresh fruit and veg,2022-05-02 00:00:00,36,0,0,0,0.0,1.0,0,4,1,0,0.5039661554732944,0.22302158273381295,Low
,23.34,0.0,57.9,5,Dairy,milk and yogurt aisle,2022-05-02 01:00:00,59,1,0,0,0.25881904510252074,0.9659258262890683,0,1,1,0,0.4082496033844526,0.38848920863309355,High
,24.75,0.0,54.8,5,Frozen,frozen foods,2022-05-02 02:00:00,33,2,0,0,0.49999999999999994,0.8660254037844387,0,2,0,0,0.4828133262823902,0.2014388489208633,Low
,25.08,0.0,42.6,7,General,mixed baskets,2022-05-02 03:00:00,31,3,0,0,0.7071067811865476,0.7071067811865476,0,3,0,0,0.5002644103648861,0.18705035971223022,Low
,25.34,0.0,42.1,4,Dairy,milk and yogurt aisle,2022-05-02 04:00:00,43,4,0,0,0.8660254037844386,0.5000000000000001,0,1,1,0,0.514013749338974,0.2733812949640288,Medium
,28.8,0.0,71.8,6,Bakery,bread and pastry,2022-05-02 05:00:00,50,5,0,0,0.9659258262890683,0.25881904510252074,0,0,1,0,0.6969857218402961,0.3237410071942446,Medium
,29.96,0.0,55.4,9,Dairy,milk and yogurt aisle,2022-05-02 06:00:00,39,6,0,0,1.0,6.123233995736766e-17,0,1,1,0,0.7583289264939185,0.2446043165467626,Low
,26.3,0.0,47.7,5,General,mixed baskets,2022-05-02 07:00:00,28,7,0,0,0.9659258262890683,-0.25881904510252063,0,3,0,0,0.5647805393971443,0.16546762589928057,Low
,27.47,2.55,58.7,5,Dairy,milk and yogurt aisle,2022-05-02 08:00:00,48,8,0,0,0.8660254037844387,-0.4999999999999998,0,1,1,1,0.6266525647805392,0.30935251798561153,Medium
,23.25,0.0,46.1,10,Dairy,milk and yogurt aisle,2022-05-02 09:00:00,47,9,0,0,0.7071067811865476,-0.7071067811865475,0,1,1,0,0.40349021681649916,0.302158273381295,Medium
,20.01,0.0,54.8,13,Dairy,milk and yogurt aisle,2022-05-02 10:00:00,119,10,0,0,0.49999999999999994,-0.8660254037844387,0,1,1,0,0.2321523003701746,0.8201438848920863,Peak
,24.73,0.62,51.6,10,Dairy,milk and yogurt aisle,2022-05-02 11:00:00,92,11,0,0,0.258819045102521,-0.9659258262890682,0,1,1,1,0.48175568482284503,0.6258992805755396,Peak
,25.61,0.0,59.5,8,Dairy,milk and yogurt aisle,2022-05-02 12:00:00,97,12,0,0,1.2246467991473532e-16,-1.0,0,1,1,0,0.5282919090428344,0.6618705035971223,Peak
,28.5,0.44,68.1,13,Produce,fresh fruit and veg,2022-05-02 13:00:00,88,13,0,0,-0.2588190451025208,-0.9659258262890683,0,4,1,1,0.6811210999471178,0.5971223021582733,Peak
,31.05,0.0,58.8,5,Produce,fresh fruit and veg,2022-05-02 14:00:00,22,14,0,0,-0.4999999999999997,-0.8660254037844388,0,4,1,0,0.8159703860391326,0.1223021582733813,Low
,25.67,0.0,55.3,5,Dairy,milk and yogurt aisle,2022-05-02 15:00:00,40,15,0,0,-0.7071067811865471,-0.7071067811865479,0,1,1,0,0.5314648334214701,0.2517985611510791,Medium
,28.27,0.0,55.2,11,General,mixed baskets,2022-05-02 16:00:00,50,16,0,0,-0.8660254037844385,-0.5000000000000004,0,3,0,0,0.6689582231623479,0.3237410071942446,Medium
,27.79,0.0,65.8,9,Bakery,bread and pastry,2022-05-02 17:00:00,62,17,0,0,-0.9659258262890683,-0.25881904510252063,0,0,1,0,0.6435748281332627,0.41007194244604317,High
,25.56,1.15,47.9,10,General,mixed baskets,2022-05-02 18:00:00,66,18,0,0,-1.0,-1.8369701987210297e-16,0,3,0,1,0.5256478053939713,0.43884892086330934,High
,27.09,0.0,47.4,10,Dairy,milk and yogurt aisle,2022-05-02 19:00:00,60,19,0,0,-0.9659258262890684,0.2588190451025203,0,1,1,0,0.6065573770491802,0.39568345323741005,High
,25.98,0.0,50.6,8,General,mixed baskets,2022-05-02 20:00:00,91,20,0,0,-0.8660254037844386,0.5000000000000001,0,3,0,0,0.5478582760444209,0.6187050359712231,Peak
,28.91,0.0,45.5,7,Bakery,bread and pastry,2022-05-02 21:00:00,32,21,0,0,-0.7071067811865477,0.7071067811865474,0,0,1,0,0.7028027498677947,0.19424460431654678,Low
,22.39,0.0,59.0,4,Produce,fresh fruit and veg,2022-05-02 22:00:00,46,22,0,0,-0.5000000000000004,0.8660254037844384,0,4,1,0,0.358011634056055,0.2949640287769784,Medium
,19.24,0.0,51.9,8,Bakery,bread and pastry,2022-05-02 23:00:00,29,23,0,0,-0.25881904510252157,0.9659258262890681,0,0,1,0,0.1914331041776837,0.17266187050359713,Low
,25.3,0.0,47.4,8,Produce,fresh fruit and veg,2022-05-03 00:00:00,40,0,1,0,0.0,1.0,0,4,1,0,0.5118984664198837,0.2517985611510791,Medium
,27.28,0.0,59.3,9,Produce,fresh fruit and veg,2022-05-03 01:00:00,32,1,1,0,0.25881904510252074,0.9659258262890683,0,4,1,0,0.6166049709148599,0.19424460431654678,Low
,27.6,0.0,54.3,11,Frozen,frozen foods,2022-05-03 02:00:00,11,2,1,0,0.49999999999999994,0.8660254037844387,0,2,0,0,0.6335272342675833,0.04316546762589928,Low
,23.56,0.0,58.2,10,Produce,fresh fruit and veg,2022-05-03 03:00:00,40,3,1,0,0.7071067811865476,0.7071067811865476,0,4,1,0,0.41988365943944994,0.2517985611510791,Medium
,26.34,0.0,54.9,5,General,mixed baskets,2022-05-03 04:00:00,46,4,1,0,0.8660254037844386,0.5000000000000001,0,3,0,0,0.5668958223162347,0.2949640287769784,Medium
,23.35,0.0,50.8,11,General,mixed baskets,2022-05-03 05:00:00,14,5,1,0,0.9659258262890683,0.25881904510252074,0,3,0,0,0.4087784241142253,0.06474820143884892,Low
,26.69,0.0,46.5,9,Bakery,bread and pastry,2022-05-03 06:00:00,37,6,1,0,1.0,6.123233995736766e-17,0,0,1,0,0.585404547858276,0.2302158273381295,Low
,23.12,0.0,58.6,4,Produce,fresh fruit and veg,2022-05-03 07:00:00,34,7,1,0,0.9659258262890683,-0.25881904510252063,0,4,1,0,0.3966155473294553,0.20863309352517986,Low
,22.3,0.0,47.6,9,Bakery,bread and pastry,2022-05-03 08:00:00,27,8,1,0,0.8660254037844387,-0.4999999999999998,0,0,1,0,0.3532522474881015,0.15827338129496402,Low
,27.34,0.0,63.1,4,Produce,fresh fruit and veg,2022-05-03 09:00:00,36,9,1,0,0.7071067811865476,-0.7071067811865475,0,4,1,0,0.6197778952934954,0.22302158273381295,Low
,21.85,0.21,57.6,12,Frozen,frozen foods,2022-05-03 10:00:00,71,10,1,0,0.49999999999999994,-0.8660254037844387,0,2,0,1,0.3294553146483343,0.4748201438848921,High
,21.31,0.49,56.2,10,Frozen,frozen foods,2022-05-03 11:00:00,98,11,1,0,0.258819045102521,-0.9659258262890682,0,2,0,1,0.30089899524061336,0.6690647482014388,Peak
,26.97,0.0,48.6,10,General,mixed baskets,2022-05-03 12:00:00,109,12,1,0,1.2246467991473532e-16,-1.0,0,3,0,0,0.6002115282919089,0.7482014388489209,Peak
,25.24,0.0,68.0,13,Produce,fresh fruit and veg,2022-05-03 13:00:00,79,13,1,0,-0.2588190451025208,-0.9659258262890683,0,4,1,0,0.5087255420412479,0.5323741007194245,Peak
,19.2,0.0,52.9,8,General,mixed baskets,2022-05-03 14:00:00,39,14,1,0,-0.4999999999999997,-0.8660254037844388,0,3,0,0,0.1893178212585933,0.2446043165467626,Low
,27.95,3.97,71.2,7,Produce,fresh fruit and veg,2022-05-03 15:00:00,57,15,1,0,-0.7071067811865471,-0.7071067811865479,0,4,1,1,0.6520359598096244,0.37410071942446044,High
,21.92,0.0,49.9,7,Bakery,bread and pastry,2022-05-03 16:00:00,41,16,1,0,-0.8660254037844385,-0.5000000000000004,0,0,1,0,0.33315705975674254,0.2589928057553957,Medium
,23.86,0.0,64.2,7,General,mixed baskets,2022-05-03 17:00:00,68,17,1,0,-0.9659258262890683,-0.25881904510252063,0,3,0,0,0.43574828133262816,0.45323741007194246,High
,24.71,0.0,58.4,7,General,mixed baskets,2022-05-03 18:00:00,64,18,1,0,-1.0,-1.8369701987210297e-16,0,3,0,0,0.48069804336329985,0.4244604316546763,High
,30.03,0.0,63.2,6,Dairy,milk and yogurt aisle,2022-05-03 19:00:00,77,19,1,0,-0.9659258262890684,0.2588190451025203,0,1,1,0,0.7620306716023267,0.5179856115107914,High
,24.93,0.0,61.6,12,Bakery,bread and pastry,2022-05-03 20:00:00,73,20,1,0,-0.8660254037844386,0.5000000000000001,0,0,1,0,0.49233209941829714,0.4892086330935252,High
,27.25,0.0,54.1,3,General,mixed baskets,2022-05-03 21:00:00,47,21,1,0,-0.7071067811865477,0.7071067811865474,0,3,0,0,0.615018508725542,0.302158273381295,Medium
,24.65,0.0,48.2,3,General,mixed baskets,2022-05-03 22:00:00,21,22,1,0,-0.5000000000000004,0.8660254037844384,0,3,0,0,0.4775251189846641,0.11510791366906475,Low
,26.27,0.0,55.6,7,General,mixed baskets,2022-05-03 23:00:00,52,23,1,0,-0.25881904510252157,0.9659258262890681,0,3,0,0,0.5631940772078264,0.3381294964028777,Medium
,21.4,0.0,50.0,6,General,mixed baskets,2022-05-04 00:00:00,35,0,2,0,0.0,1.0,0,3,0,0,0.3056583818085668,0.2158273381294964,Low
,24.93,4.87,66.8,8,General,mixed baskets,2022-05-04 01:00:00,47,1,2,0,0.25881904510252074,0.9659258262890683,0,3,0,1,0.49233209941829714,0.302158273381295,Medium
,23.39,0.0,68.6,8,Bakery,bread and pastry,2022-05-04 02:00:00,31,2,2,0,0.49999999999999994,0.8660254037844387,0,0,1,0,0.4108937070333157,0.18705035971223022,Low
,22.39,2.3,69.5,4,Bakery,bread and pastry,2022-05-04 03:00:00,24,3,2,0,0.7071067811865476,0.7071067811865476,0,0,1,1,0.358011634056055,0.1366906474820144,Low
,25.67,0.0,57.8,7,Frozen,frozen foods,2022-05-04 04:00:00,33,4,2,0,0.8660254037844386,0.5000000000000001,0,2,0,0,0.5314648334214701,0.2014388489208633,Low
,27.52,0.0,60.6,6,Dairy,milk and yogurt aisle,2022-05-04 05:00:00,28,5,2,0,0.9659258262890683,0.25881904510252074,0,1,1,0,0.6292966684294024,0.16546762589928057,Low
,26.11,0.35,63.5,11,Bakery,bread and pastry,2022-05-04 06:00:00,35,6,2,0,1.0,6.123233995736766e-17,0,0,1,1,0.5547329455314647,0.2158273381294964,Low
,24.13,0.0,57.2,6,Dairy,milk and yogurt aisle,2022-05-04 07:00:00,47,7,2,0,0.9659258262890683,-0.25881904510252063,0,1,1,0,0.45002644103648853,0.302158273381295,Medium
,26.76,0.0,55.0,10,Produce,fresh fruit and veg,2022-05-04 08:00:00,52,8,2,0,0.8660254037844387,-0.4999999999999998,0,4,1,0,0.5891062929666843,0.3381294964028777,Medium
,22.15,3.35,66.5,8,Dairy,milk and yogurt aisle,2022-05-04 09:00:00,42,9,2,0,0.7071067811865476,-0.7071067811865475,0,1,1,1,0.34531993654151233,0.26618705035971224,Medium
,25.72,0.0,59.4,12,General,mixed baskets,2022-05-04 10:00:00,88,10,2,0,0.49999999999999994,-0.8660254037844387,0,3,0,0,0.534108937070333,0.5971223021582733,Peak
,26.22,0.0,71.8,9,Produce,fresh fruit and veg,2022-05-04 11:00:00,89,11,2,0,0.258819045102521,-0.9659258262890682,0,4,1,0,0.5605499735589634,0.60431654676259,Peak
,24.71,0.0,46.5,6,Bakery,bread and pastry,2022-05-04 12:00:00,102,12,2,0,1.2246467991473532e-16,-1.0,0,0,1,0,0.48069804336329985,0.697841726618705,Peak
,24.29,0.0,56.1,12,General,mixed baskets,2022-05-04 13:00:00,108,13,2,0,-0.2588190451025208,-0.9659258262890683,0,3,0,0,0.45848757271285023,0.7410071942446043,Peak
,25.23,0.0,51.4,8,Dairy,milk and yogurt aisle,2022-05-04 14:00:00,36,14,2,0,-0.4999999999999997,-0.8660254037844388,0,1,1,0,0.5081967213114754,0.22302158273381295,Low
,23.51,0.0,74.4,6,Frozen,frozen foods,2022-05-04 15:00:00,38,15,2,0,-0.7071067811865471,-0.7071067811865479,0,2,0,0,0.417239555790587,0.23741007194244604,Low
,24.37,0.0,51.6,5,Dairy,milk and yogurt aisle,2022-05-04 16:00:00,30,16,2,0,-0.8660254037844385,-0.5000000000000004,0,1,1,0,0.4627181385510312,0.17985611510791366,Low
,26.76,0.0,65.6,12,Produce,fresh fruit and veg,2022-05-04 17:00:00,77,17,2,0,-0.9659258262890683,-0.25881904510252063,0,4,1,0,0.5891062929666843,0.5179856115107914,High
,20.12,0.0,60.5,10,Produce,fresh fruit and veg,2022-05-04 18:00:00,86,18,2,0,-1.0,-1.8369701987210297e-16,0,4,1,0,0.23796932839767324,0.5827338129496403,Peak
,28.04,0.0,59.6,12,General,mixed baskets,2022-05-04 19:00:00,40,19,2,0,-0.9659258262890684,0.2588190451025203,0,3,0,0,0.6567953463775779,0.2517985611510791,Medium
,26.06,0.0,64.2,13,Bakery,bread and pastry,2022-05-04 20:00:00,78,20,2,0,-0.8660254037844386,0.5000000000000001,0,0,1,0,0.5520888418826017,0.5251798561151079,High
,25.46,1.31,63.0,8,Dairy,milk and yogurt aisle,2022-05-04 21:00:00,33,21,2,0,-0.7071067811865477,0.7071067811865474,0,1,1,1,0.5203595980962453,0.2014388489208633,Low
,22.41,0.0,53.4,4,Dairy,milk and yogurt aisle,2022-05-04 22:00:00,12,22,2,0,-0.5000000000000004,0.8660254037844384,0,1,1,0,0.3590692755156002,0.050359712230215826,Low
,23.89,0.0,70.7,7,Bakery,bread and pastry,2022-05-04 23:00:00,43,23,2,0,-0.25881904510252157,0.9659258262890681,0,0,1,0,0.43733474352194607,0.2733812949640288,Medium
,23.35,0.0,46.7,9,Produce,fresh fruit and veg,2022-05-05 00:00:00,38,0,3,0,0.0,1.0,0,4,1,0,0.4087784241142253,0.23741007194244604,Low
,26.54,0.0,41.2,5,Dairy,milk and yogurt aisle,2022-05-05 01:00:00,44,1,3,0,0.25881904510252074,0.9659258262890683,0,1,1,0,0.5774722369116868,0.2805755395683453,Medium
,26.41,0.0,49.7,11,Produce,fresh fruit and veg,2022-05-05 02:00:00,23,2,3,0,0.49999999999999994,0.8660254037844387,0,4,1,0,0.570597567424643,0.12949640287769784,Low
,27.71,0.0,61.3,9,General,mixed baskets,2022-05-05 03:00:00,65,3,3,0,0.7071067811865476,0.7071067811865476,0,3,0,0,0.6393442622950819,0.4316546762589928,High
,24.98,0.0,50.6,10,General,mixed baskets,2022-05-05 04:00:00,41,4,3,0,0.8660254037844386,0.5000000000000001,0,3,0,0,0.4949762030671602,0.2589928057553957,Medium
,19.78,0.0,56.6,6,General,mixed baskets,2022-05-05 05:00:00,35,5,3,0,0.9659258262890683,0.25881904510252074,0,3,0,0,0.2199894235854046,0.2158273381294964,Low
,22.41,0.0,63.2,7,Bakery,bread and pastry,2022-05-05 06:00:00,58,6,3,0,1.0,6.123233995736766e-17,0,0,1,0,0.3590692755156002,0.381294964028777,High
,23.9,0.0,61.3,11,General,mixed baskets,2022-05-05 07:00:00,47,7,3,0,0.9659258262890683,-0.25881904510252063,0,3,0,0,0.4378635642517186,0.302158273381295,Medium
,25.63,0.0,59.1,6,General,mixed baskets,2022-05-05 08:00:00,49,8,3,0,0.8660254037844387,-0.4999999999999998,0,3,0,0,0.5293495505023795,0.31654676258992803,Medium
,21.06,2.49,72.1,3,Bakery,bread and pastry,2022-05-05 09:00:00,53,9,3,0,0.7071067811865476,-0.7071067811865475,0,0,1,1,0.28767847699629817,0.34532374100719426,Medium
,24.3,0.0,56.3,12,Bakery,bread and pastry,2022-05-05 10:00:00,70,10,3,0,0.49999999999999994,-0.8660254037844387,0,0,1,0,0.45901639344262296,0.4676258992805755,High
,24.95,0.0,64.4,11,Frozen,frozen foods,2022-05-05 11:00:00,115,11,3,0,0.258819045102521,-0.9659258262890682,0,2,0,0,0.4933897408778423,0.7913669064748201,Peak
,23.3,0.0,57.6,6,General,mixed baskets,2022-05-05 12:00:00,90,12,3,0,1.2246467991473532e-16,-1.0,0,3,0,0,0.40613432046536224,0.6115107913669064,Peak
,24.31,0.0,67.9,9,Bakery,bread and pastry,2022-05-05 13:00:00,98,13,3,0,-0.2588190451025208,-0.9659258262890683,0,0,1,0,0.45954521417239547,0.6690647482014388,Peak
,30.45,0.0,64.7,12,Dairy,milk and yogurt aisle,2022-05-05 14:00:00,51,14,3,0,-0.4999999999999997,-0.8660254037844388,0,1,1,0,0.7842411422527762,0.33093525179856115,Medium
,24.73,0.0,56.7,8,Frozen,frozen foods,2022-05-05 15:00:00,31,15,3,0,-0.7071067811865471,-0.7071067811865479,0,2,0,0,0.48175568482284503,0.18705035971223022,Low
,29.7,2.51,72.8,10,Bakery,bread and pastry,2022-05-05 16:00:00,43,16,3,0,-0.8660254037844385,-0.5000000000000004,0,0,1,1,0.7445795875198307,0.2733812949640288,Medium
,25.37,0.0,63.4,10,Bakery,bread and pastry,2022-05-05 17:00:00,84,17,3,0,-0.9659258262890683,-0.25881904510252063,0,0,1,0,0.5156002115282919,0.5683453237410072,Peak
,23.0,0.0,62.9,13,Dairy,milk and yogurt aisle,2022-05-05 18:00:00,74,18,3,0,-1.0,-1.8369701987210297e-16,0,1,1,0,0.390269698572184,0.49640287769784175,High
,26.14,0.48,60.5,9,Dairy,milk and yogurt aisle,2022-05-05 19:00:00,80,19,3,0,-0.9659258262890684,0.2588190451025203,0,1,1,1,0.5563194077207826,0.539568345323741,Peak
,23.74,0.0,47.3,5,Frozen,frozen foods,2022-05-05 20:00:00,55,20,3,0,-0.8660254037844386,0.5000000000000001,0,2,0,0,0.4294024325753568,0.3597122302158273,Medium
,24.59,0.0,52.4,6,Frozen,frozen foods,2022-05-05 21:00:00,25,21,3,0,-0.7071067811865477,0.7071067811865474,0,2,0,0,0.4743521946060285,0.14388489208633093,Low
,19.17,0.0,63.6,5,Frozen,frozen foods,2022-05-05 22:00:00,26,22,3,0,-0.5000000000000004,0.8660254037844384,0,2,0,0,0.1877313590692756,0.1510791366906475,Low
,25.62,0.0,66.5,9,General,mixed baskets,2022-05-05 23:00:00,44,23,3,0,-0.25881904510252157,0.9659258262890681,0,3,0,0,0.5288207297726071,0.2805755395683453,Medium
,23.22,2.66,52.3,11,General,mixed baskets,2022-05-06 00:00:00,84,0,4,0,0.0,1.0,0,3,0,1,0.4019037546271813,0.5683453237410072,Peak
,27.48,0.0,49.2,8,Bakery,bread and pastry,2022-05-06 01:00:00,43,1,4,0,0.25881904510252074,0.9659258262890683,0,0,1,0,0.627181385510312,0.2733812949640288,Medium
,24.94,0.0,40.3,9,General,mixed baskets,2022-05-06 02:00:00,38,2,4,0,0.49999999999999994,0.8660254037844387,0,3,0,0,0.4928609201480698,0.23741007194244604,Low
,23.71,0.0,45.8,8,Dairy,milk and yogurt aisle,2022-05-06 03:00:00,39,3,4,0,0.7071067811865476,0.7071067811865476,0,1,1,0,0.42781597038603913,0.2446043165467626,Low
,22.05,0.0,61.1,7,Bakery,bread and pastry,2022-05-06 04:00:00,51,4,4,0,0.8660254037844386,0.5000000000000001,0,0,1,0,0.3400317292437864,0.33093525179856115,Medium
,24.7,1.13,54.8,3,Frozen,frozen foods,2022-05-06 05:00:00,48,5,4,0,0.9659258262890683,0.25881904510252074,0,2,0,1,0.4801692226335271,0.30935251798561153,Medium
,23.71,0.0,60.2,6,Bakery,bread and pastry,2022-05-06 06:00:00,26,6,4,0,1.0,6.123233995736766e-17,0,0,1,0,0.42781597038603913,0.1510791366906475,Low
,22.71,0.0,67.6,3,General,mixed baskets,2022-05-06 07:00:00,52,7,4,0,0.9659258262890683,-0.25881904510252063,0,3,0,0,0.3749338974087784,0.3381294964028777,Medium
,29.29,0.0,42.7,8,Produce,fresh fruit and veg,2022-05-06 08:00:00,39,8,4,0,0.8660254037844387,-0.4999999999999998,0,4,1,0,0.7228979375991538,0.2446043165467626,Low
,24.28,0.0,57.3,6,General,mixed baskets,2022-05-06 09:00:00,49,9,4,0,0.7071067811865476,-0.7071067811865475,0,3,0,0,0.4579587519830777,0.31654676258992803,Medium
,26.86,0.0,58.9,12,Produce,fresh fruit and veg,2022-05-06 10:00:00,71,10,4,0,0.49999999999999994,-0.8660254037844387,0,4,1,0,0.5943945002644102,0.4748201438848921,High
,28.28,0.0,59.9,8,Produce,fresh fruit and veg,2022-05-06 11:00:00,76,11,4,0,0.258819045102521,-0.9659258262890682,0,4,1,0,0.6694870438921205,0.5107913669064749,High
,25.64,0.0,64.6,10,Dairy,milk and yogurt aisle,2022-05-06 12:00:00,102,12,4,0,1.2246467991473532e-16,-1.0,0,1,1,0,0.5298783712321523,0.697841726618705,Peak
,26.19,0.0,65.6,7,Bakery,bread and pastry,2022-05-06 13:00:00,73,13,4,0,-0.2588190451025208,-0.9659258262890683,0,0,1,0,0.5589635113696457,0.4892086330935252,High
,25.89,0.0,61.0,11,Produce,fresh fruit and veg,2022-05-06 14:00:00,44,14,4,0,-0.4999999999999997,-0.8660254037844388,0,4,1,0,0.5430988894764675,0.2805755395683453,Medium
,27.01,0.0,49.1,9,Frozen,frozen foods,2022-05-06 15:00:00,44,15,4,0,-0.7071067811865471,-0.7071067811865479,0,2,0,0,0.6023268112109995,0.2805755395683453,Medium
,26.05,0.0,65.7,7,Frozen,frozen foods,2022-05-06 16:00:00,41,16,4,0,-0.8660254037844385,-0.5000000000000004,0,2,0,0,0.5515600211528292,0.2589928057553957,Medium
,25.87,0.0,73.4,9,Frozen,frozen foods,2022-05-06 17:00:00,79,17,4,0,-0.9659258262890683,-0.25881904510252063,0,2,0,0,0.5420412480169222,0.5323741007194245,Peak
,24.97,0.0,48.0,9,General,mixed baskets,2022-05-06 18:00:00,78,18,4,0,-1.0,-1.8369701987210297e-16,0,3,0,0,0.4944473823373875,0.5251798561151079,High
,23.42,0.0,55.8,10,General,mixed baskets,2022-05-06 19:00:00,80,19,4,0,-0.9659258262890684,0.2588190451025203,0,3,0,0,0.4124801692226336,0.539568345323741,Peak
,23.55,1.04,62.6,11,Dairy,milk and yogurt aisle,2022-05-06 20:00:00,70,20,4,0,-0.8660254037844386,0.5000000000000001,0,1,1,1,0.41935483870967744,0.4676258992805755,High
,23.04,3.12,63.2,11,Frozen,frozen foods,2022-05-06 21:00:00,39,21,4,0,-0.7071067811865477,0.7071067811865474,0,2,0,1,0.3923849814912744,0.2446043165467626,Low
,25.1,0.0,58.6,10,General,mixed baskets,2022-05-06 22:00:00,75,22,4,0,-0.5000000000000004,0.8660254037844384,0,3,0,0,0.5013220518244316,0.5035971223021583,High
,27.87,1.34,63.1,5,Produce,fresh fruit and veg,2022-05-06 23:00:00,53,23,4,0,-0.25881904510252157,0.9659258262890681,0,4,1,1,0.6478053939714437,0.34532374100719426,Medium
,22.2,0.0,65.5,8,General,mixed baskets,2022-05-07 00:00:00,67,0,5,1,0.0,1.0,0,3,0,0,0.3479640401903754,0.4460431654676259,High
,23.03,0.58,55.8,8,Bakery,bread and pastry,2022-05-07 01:00:00,64,1,5,1,0.25881904510252074,0.9659258262890683,0,0,1,1,0.39185616076150187,0.4244604316546763,High
,22.1,0.0,55.6,3,General,mixed baskets,2022-05-07 02:00:00,51,2,5,1,0.49999999999999994,0.8660254037844387,0,3,0,0,0.34267583289264947,0.33093525179856115,Medium
,24.4,0.0,72.0,7,General,mixed baskets,2022-05-07 03:00:00,62,3,5,1,0.7071067811865476,0.7071067811865476,0,3,0,0,0.4643046007403489,0.41007194244604317,High
,27.07,0.0,65.3,3,General,mixed baskets,2022-05-07 04:00:00,57,4,5,1,0.8660254037844386,0.5000000000000001,0,3,0,0,0.6054997355896351,0.37410071942446044,High
,23.71,0.0,53.1,11,General,mixed baskets,2022-05-07 05:00:00,71,5,5,1,0.9659258262890683,0.25881904510252074,0,3,0,0,0.42781597038603913,0.4748201438848921,High
,25.29,0.0,47.2,5,General,mixed baskets,2022-05-07 06:00:00,49,6,5,1,1.0,6.123233995736766e-17,0,3,0,0,0.5113696456901109,0.31654676258992803,Medium
,18.78,1.7,61.4,6,General,mixed baskets,2022-05-07 07:00:00,31,7,5,1,0.9659258262890683,-0.25881904510252063,0,3,0,1,0.1671073506081439,0.18705035971223022,Low
,24.16,0.0,60.9,3,General,mixed baskets,2022-05-07 08:00:00,53,8,5,1,0.8660254037844387,-0.4999999999999998,0,3,0,0,0.45161290322580644,0.34532374100719426,Medium
,25.73,0.0,54.8,4,General,mixed baskets,2022-05-07 09:00:00,68,9,5,1,0.7071067811865476,-0.7071067811865475,0,3,0,0,0.5346377578001057,0.45323741007194246,High
,23.01,0.0,45.7,10,Dairy,milk and yogurt aisle,2022-05-07 10:00:00,144,10,5,1,0.49999999999999994,-0.8660254037844387,0,1,1,0,0.3907985193019567,1.0,Peak
,20.49,0.0,46.7,13,Frozen,frozen foods,2022-05-07 11:00:00,127,11,5,1,0.258819045102521,-0.9659258262890682,0,2,0,0,0.2575356953992596,0.8776978417266187,Peak
,25.67,0.0,51.1,13,Produce,fresh fruit and veg,2022-05-07 12:00:00,103,12,5,1,1.2246467991473532e-16,-1.0,0,4,1,0,0.5314648334214701,0.7050359712230215,Peak
,24.26,0.0,56.4,9,General,mixed baskets,2022-05-07 13:00:00,112,13,5,1,-0.2588190451025208,-0.9659258262890683,0,3,0,0,0.45690111052353255,0.7697841726618705,Peak
,29.01,0.0,58.4,10,Frozen,frozen foods,2022-05-07 14:00:00,48,14,5,1,-0.4999999999999997,-0.8660254037844388,0,2,0,0,0.7080909571655208,0.30935251798561153,Medium
,23.1,0.0,65.1,8,Produce,fresh fruit and veg,2022-05-07 15:00:00,57,15,5,1,-0.7071067811865471,-0.7071067811865479,0,4,1,0,0.39555790586991013,0.37410071942446044,High
,24.14,0.0,50.5,9,Produce,fresh fruit and veg,2022-05-07 16:00:00,49,16,5,1,-0.8660254037844385,-0.5000000000000004,0,4,1,0,0.4505552617662612,0.31654676258992803,Medium
,23.59,0.0,49.5,11,Dairy,milk and yogurt aisle,2022-05-07 17:00:00,75,17,5,1,-0.9659258262890683,-0.25881904510252063,0,1,1,0,0.4214701216287678,0.5035971223021583,High
,24.78,0.0,42.3,10,Produce,fresh fruit and veg,2022-05-07 18:00:00,100,18,5,1,-1.0,-1.8369701987210297e-16,0,4,1,0,0.4843997884717081,0.6834532374100719,Peak
,20.03,0.0,47.8,8,General,mixed baskets,2022-05-07 19:00:00,97,19,5,1,-0.9659258262890684,0.2588190451025203,0,3,0,0,0.23320994182971977,0.6618705035971223,Peak
,27.89,0.0,53.9,8,Produce,fresh fruit and veg,2022-05-07 20:00:00,92,20,5,1,-0.8660254037844386,0.5000000000000001,0,4,1,0,0.6488630354309889,0.6258992805755396,Peak
,26.1,0.09,53.7,10,General,mixed baskets,2022-05-07 21:00:00,64,21,5,1,-0.7071067811865477,0.7071067811865474,0,3,0,1,0.5542041248016922,0.4244604316546763,High
,23.96,0.0,54.2,9,Produce,fresh fruit and veg,2022-05-07 22:00:00,84,22,5,1,-0.5000000000000004,0.8660254037844384,0,4,1,0,0.44103648863035433,0.5683453237410072,Peak
,23.64,0.0,57.3,8,General,mixed baskets,2022-05-07 23:00:00,61,23,5,1,-0.25881904510252157,0.9659258262890681,0,3,0,0,0.4241142252776309,0.4028776978417266,High
,25.73,2.51,60.3,9,Frozen,frozen foods,2022-05-08 00:00:00,55,0,6,1,0.0,1.0,0,2,0,1,0.5346377578001057,0.3597122302158273,Medium
,25.34,0.0,44.3,9,General,mixed baskets,2022-05-08 01:00:00,70,1,6,1,0.25881904510252074,0.9659258262890683,0,3,0,0,0.514013749338974,0.4676258992805755,High
,23.41,0.0,57.2,6,Produce,fresh fruit and veg,2022-05-08 02:00:00,40,2,6,1,0.49999999999999994,0.8660254037844387,0,4,1,0,0.4119513484928609,0.2517985611510791,Medium
,24.04,0.0,58.5,5,General,mixed baskets,2022-05-08 03:00:00,69,3,6,1,0.7071067811865476,0.7071067811865476,0,3,0,0,0.4452670544685351,0.460431654676259,High
,25.3,0.0,49.4,8,Bakery,bread and pastry,2022-05-08 04:00:00,50,4,6,1,0.8660254037844386,0.5000000000000001,0,0,1,0,0.5118984664198837,0.3237410071942446,Medium
,23.4,2.1,88.0,3,General,mixed baskets,2022-05-08 05:00:00,50,5,6,1,0.9659258262890683,0.25881904510252074,0,3,0,1,0.4114225277630882,0.3237410071942446,Medium
,23.64,0.0,35.7,5,Frozen,frozen foods,2022-05-08 06:00:00,61,6,6,1,1.0,6.123233995736766e-17,0,2,0,0,0.4241142252776309,0.4028776978417266,High
,23.4,0.0,43.5,10,General,mixed baskets,2022-05-08 07:00:00,80,7,6,1,0.9659258262890683,-0.25881904510252063,0,3,0,0,0.4114225277630882,0.539568345323741,Peak
,23.56,0.07,51.2,8,Bakery,bread and pastry,2022-05-08 08:00:00,51,8,6,1,0.8660254037844387,-0.4999999999999998,0,0,1,1,0.41988365943944994,0.33093525179856115,Medium
,21.25,0.0,50.9,11,General,mixed baskets,2022-05-08 09:00:00,71,9,6,1,0.7071067811865476,-0.7071067811865475,0,3,0,0,0.2977260708619778,0.4748201438848921,High
,22.12,0.0,48.2,13,General,mixed baskets,2022-05-08 10:00:00,119,10,6,1,0.49999999999999994,-0.8660254037844387,0,3,0,0,0.34373347435219465,0.8201438848920863,Peak
,25.36,0.0,57.4,12,Produce,fresh fruit and veg,2022-05-08 11:00:00,98,11,6,1,0.258819045102521,-0.9659258262890682,0,4,1,0,0.5150713907985192,0.6690647482014388,Peak
,26.4,0.0,64.5,8,Bakery,bread and pastry,2022-05-08 12:00:00,125,12,6,1,1.2246467991473532e-16,-1.0,0,0,1,0,0.5700687466948703,0.8633093525179856,Peak
,24.32,5.18,75.4,8,Dairy,milk and yogurt aisle,2022-05-08 13:00:00,105,13,6,1,-0.2588190451025208,-0.9659258262890683,0,1,1,1,0.46007403490216814,0.7194244604316546,Peak
,15.62,0.0,57.3,6,Produce,fresh fruit and veg,2022-05-08 14:00:00,42,14,6,1,-0.4999999999999997,-0.8660254037844388,0,4,1,0,0.0,0.26618705035971224,Medium
,20.8,0.0,68.1,7,Produce,fresh fruit and veg,2022-05-08 15:00:00,50,15,6,1,-0.7071067811865471,-0.7071067811865479,0,4,1,0,0.27392913802221047,0.3237410071942446,Medium
,25.46,0.0,43.5,8,General,mixed baskets,2022-05-08 16:00:00,51,16,6,1,-0.8660254037844385,-0.5000000000000004,0,3,0,0,0.5203595980962453,0.33093525179856115,Medium
,28.62,0.08,54.2,10,Produce,fresh fruit and veg,2022-05-08 17:00:00,102,17,6,1,-0.9659258262890683,-0.25881904510252063,0,4,1,1,0.6874669487043892,0.697841726618705,Peak
,27.44,0.0,56.1,8,Dairy,milk and yogurt aisle,2022-05-08 18:00:00,86,18,6,1,-1.0,-1.8369701987210297e-16,0,1,1,0,0.6250661025912215,0.5827338129496403,Peak
,23.95,0.0,52.9,5,Frozen,frozen foods,2022-05-08 19:00:00,112,19,6,1,-0.9659258262890684,0.2588190451025203,0,2,0,0,0.4405076679005816,0.7697841726618705,Peak
,23.59,0.02,54.5,7,Frozen,frozen foods,2022-05-08 20:00:00,97,20,6,1,-0.8660254037844386,0.5000000000000001,0,2,0,1,0.4214701216287678,0.6618705035971223,Peak
,23.39,0.0,53.7,11,Frozen,frozen foods,2022-05-08 21:00:00,51,21,6,1,-0.7071067811865477,0.7071067811865474,0,2,0,0,0.4108937070333157,0.33093525179856115,Medium
,28.74,0.0,50.3,6,General,mixed baskets,2022-05-08 22:00:00,49,22,6,1,-0.5000000000000004,0.8660254037844384,0,3,0,0,0.6938127974616604,0.31654676258992803,Medium
,25.04,4.04,58.1,3,General,mixed baskets,2022-05-08 23:00:00,62,23,6,1,-0.25881904510252157,0.9659258262890681,0,3,0,1,0.49814912744579576,0.41007194244604317,High
,22.11,0.0,46.8,4,Dairy,milk and yogurt aisle,2022-05-09 00:00:00,15,0,0,0,0.0,1.0,0,1,1,0,0.3432046536224219,0.07194244604316546,Low
,26.73,0.0,52.8,8,General,mixed baskets,2022-05-09 01:00:00,13,1,0,0,0.25881904510252074,0.9659258262890683,0,3,0,0,0.5875198307773665,0.05755395683453238,Low
,26.43,0.0,58.6,11,Produce,fresh fruit and veg,2022-05-09 02:00:00,29,2,0,0,0.49999999999999994,0.8660254037844387,0,4,1,0,0.5716552088841882,0.17266187050359713,Low
,19.4,0.0,59.4,11,Frozen,frozen foods,2022-05-09 03:00:00,47,3,0,0,0.7071067811865476,0.7071067811865476,0,2,0,0,0.1998942358540454,0.302158273381295,Medium
,22.83,0.0,61.2,10,General,mixed baskets,2022-05-09 04:00:00,42,4,0,0,0.8660254037844386,0.5000000000000001,0,3,0,0,0.3812797461660496,0.26618705035971224,Medium
,26.87,0.81,38.4,3,Dairy,milk and yogurt aisle,2022-05-09 05:00:00,40,5,0,0,0.9659258262890683,0.25881904510252074,0,1,1,1,0.594923320994183,0.2517985611510791,Medium
,26.63,0.0,47.9,9,Dairy,milk and yogurt aisle,2022-05-09 06:00:00,37,6,0,0,1.0,6.123233995736766e-17,0,1,1,0,0.5822316234796403,0.2302158273381295,Low
,21.32,0.0,45.9,8,Dairy,milk and yogurt aisle,2022-05-09 07:00:00,13,7,0,0,0.9659258262890683,-0.25881904510252063,0,1,1,0,0.30142781597038604,0.05755395683453238,Low
,24.39,0.0,55.1,7,Produce,fresh fruit and veg,2022-05-09 08:00:00,36,8,0,0,0.8660254037844387,-0.4999999999999998,0,4,1,0,0.4637757800105764,0.22302158273381295,Low
,26.56,0.0,55.2,7,General,mixed baskets,2022-05-09 09:00:00,18,9,0,0,0.7071067811865476,-0.7071067811865475,0,3,0,0,0.578529878371232,0.09352517985611511,Low
,25.24,0.0,51.9,7,Produce,fresh fruit and veg,2022-05-09 10:00:00,105,10,0,0,0.49999999999999994,-0.8660254037844387,0,4,1,0,0.5087255420412479,0.7194244604316546,Peak
,21.8,1.65,68.0,5,General,mixed baskets,2022-05-09 11:00:00,94,11,0,0,0.258819045102521,-0.9659258262890682,0,3,0,1,0.3268112109994712,0.6402877697841727,Peak
,23.94,0.0,51.3,10,Frozen,frozen foods,2022-05-09 12:00:00,93,12,0,0,1.2246467991473532e-16,-1.0,0,2,0,0,0.4399788471708091,0.6330935251798561,Peak
,26.03,0.0,56.1,5,Produce,fresh fruit and veg,2022-05-09 13:00:00,99,13,0,0,-0.2588190451025208,-0.9659258262890683,0,4,1,0,0.550502379693284,0.6762589928057554,Peak
,25.61,0.0,59.4,7,Dairy,milk and yogurt aisle,2022-05-09 14:00:00,43,14,0,0,-0.4999999999999997,-0.8660254037844388,0,1,1,0,0.5282919090428344,0.2733812949640288,Medium
,22.03,0.0,58.8,6,Bakery,bread and pastry,2022-05-09 15:00:00,42,15,0,0,-0.7071067811865471,-0.7071067811865479,0,0,1,0,0.33897408778424115,0.26618705035971224,Medium
,30.18,0.0,52.5,10,Produce,fresh fruit and veg,2022-05-09 16:00:00,44,16,0,0,-0.8660254037844385,-0.5000000000000004,0,4,1,0,0.7699629825489158,0.2805755395683453,Medium
,24.95,3.49,76.5,9,Produce,fresh fruit and veg,2022-05-09 17:00:00,67,17,0,0,-0.9659258262890683,-0.25881904510252063,0,4,1,1,0.4933897408778423,0.4460431654676259,High
,20.71,0.0,60.8,13,Dairy,milk and yogurt aisle,2022-05-09 18:00:00,58,18,0,0,-1.0,-1.8369701987210297e-16,0,1,1,0,0.26916975145425703,0.381294964028777,High
,23.6,0.0,62.8,5,Produce,fresh fruit and veg,2022-05-09 19:00:00,79,19,0,0,-0.9659258262890684,0.2588190451025203,0,4,1,0,0.42199894235854046,0.5323741007194245,Peak
,17.66,0.0,57.0,8,General,mixed baskets,2022-05-09 20:00:00,92,20,0,0,-0.8660254037844386,0.5000000000000001,0,3,0,0,0.10787942887361188,0.6258992805755396,Peak
,22.73,0.0,56.7,5,Produce,fresh fruit and veg,2022-05-09 21:00:00,52,21,0,0,-0.7071067811865477,0.7071067811865474,0,4,1,0,0.37599153886832365,0.3381294964028777,Medium
,24.31,0.0,48.9,5,Produce,fresh fruit and veg,2022-05-09 22:00:00,37,22,0,0,-0.5000000000000004,0.8660254037844384,0,4,1,0,0.45954521417239547,0.2302158273381295,Low
,30.35,2.03,45.8,7,General,mixed baskets,2022-05-09 23:00:00,47,23,0,0,-0.25881904510252157,0.9659258262890681,0,3,0,1,0.7789529349550502,0.302158273381295,Medium
,24.82,0.0,46.0,5,General,mixed baskets,2022-05-10 00:00:00,34,0,1,0,0.0,1.0,0,3,0,0,0.48651507139079847,0.20863309352517986,Low
,25.25,0.0,42.6,6,Bakery,bread and pastry,2022-05-10 01:00:00,44,1,1,0,0.25881904510252074,0.9659258262890683,0,0,1,0,0.5092543627710205,0.2805755395683453,Medium
,26.22,0.0,54.7,6,General,mixed baskets,2022-05-10 02:00:00,32,2,1,0,0.49999999999999994,0.8660254037844387,0,3,0,0,0.5605499735589634,0.19424460431654678,Low
,24.87,0.0,43.5,11,General,mixed baskets,2022-05-10 03:00:00,41,3,1,0,0.7071067811865476,0.7071067811865476,0,3,0,0,0.48915917503966155,0.2589928057553957,Medium
,22.88,0.0,50.9,7,Produce,fresh fruit and veg,2022-05-10 04:00:00,64,4,1,0,0.8660254037844386,0.5000000000000001,0,4,1,0,0.3839238498149127,0.4244604316546763,High
,27.69,0.0,47.6,7,Dairy,milk and yogurt aisle,2022-05-10 05:00:00,49,5,1,0,0.9659258262890683,0.25881904510252074,0,1,1,0,0.6382866208355368,0.31654676258992803,Medium
,25.63,9.34,83.1,7,Produce,fresh fruit and veg,2022-05-10 06:00:00,57,6,1,0,1.0,6.123233995736766e-17,0,4,1,1,0.5293495505023795,0.37410071942446044,High
,28.16,0.0,53.5,7,General,mixed baskets,2022-05-10 07:00:00,30,7,1,0,0.9659258262890683,-0.25881904510252063,0,3,0,0,0.6631411951348493,0.17985611510791366,Low
,26.89,0.0,66.0,6,Dairy,milk and yogurt aisle,2022-05-10 08:00:00,31,8,1,0,0.8660254037844387,-0.4999999999999998,0,1,1,0,0.5959809624537281,0.18705035971223022,Low
,22.06,0.0,62.2,5,General,mixed baskets,2022-05-10 09:00:00,39,9,1,0,0.7071067811865476,-0.7071067811865475,0,3,0,0,0.3405605499735589,0.2446043165467626,Low
,23.24,0.0,67.4,5,General,mixed baskets,2022-05-10 10:00:00,101,10,1,0,0.49999999999999994,-0.8660254037844387,0,3,0,0,0.4029613960867265,0.6906474820143885,Peak
,23.37,0.0,55.8,8,General,mixed baskets,2022-05-10 11:00:00,92,11,1,0,0.258819045102521,-0.9659258262890682,0,3,0,0,0.4098360655737705,0.6258992805755396,Peak
,23.42,1.66,45.8,8,General,mixed baskets,2022-05-10 12:00:00,107,12,1,0,1.2246467991473532e-16,-1.0,0,3,0,1,0.4124801692226336,0.7338129496402878,Peak
,25.47,0.0,62.9,12,Bakery,bread and pastry,2022-05-10 13:00:00,88,13,1,0,-0.2588190451025208,-0.9659258262890683,0,0,1,0,0.5208884188260179,0.5971223021582733,Peak
,23.94,0.0,70.6,11,Dairy,milk and yogurt aisle,2022-05-10 14:00:00,56,14,1,0,-0.4999999999999997,-0.8660254037844388,0,1,1,0,0.4399788471708091,0.3669064748201439,High
,22.43,0.58,53.6,8,Bakery,bread and pastry,2022-05-10 15:00:00,51,15,1,0,-0.7071067811865471,-0.7071067811865479,0,0,1,1,0.3601269169751454,0.33093525179856115,Medium
,27.98,0.0,66.4,12,Bakery,bread and pastry,2022-05-10 16:00:00,26,16,1,0,-0.8660254037844385,-0.5000000000000004,0,0,1,0,0.6536224219989423,0.1510791366906475,Low
,27.72,0.0,53.8,8,Produce,fresh fruit and veg,2022-05-10 17:00:00,81,17,1,0,-0.9659258262890683,-0.25881904510252063,0,4,1,0,0.6398730830248545,0.5467625899280576,Peak
,24.48,0.0,56.0,13,Produce,fresh fruit and veg,2022-05-10 18:00:00,72,18,1,0,-1.0,-1.8369701987210297e-16,0,4,1,0,0.46853516657852984,0.48201438848920863,High
,21.79,0.0,54.2,5,General,mixed baskets,2022-05-10 19:00:00,87,19,1,0,-0.9659258262890684,0.2588190451025203,0,3,0,0,0.3262823902696985,0.5899280575539568,Peak
,22.87,0.0,50.3,7,General,mixed baskets,2022-05-10 20:00:00,68,20,1,0,-0.8660254037844386,0.5000000000000001,0,3,0,0,0.38339502908514017,0.45323741007194246,High
,22.54,0.0,51.4,6,General,mixed baskets,2022-05-10 21:00:00,43,21,1,0,-0.7071067811865477,0.7071067811865474,0,3,0,0,0.36594394500264404,0.2733812949640288,Medium
,22.2,0.0,41.2,9,Dairy,milk and yogurt aisle,2022-05-10 22:00:00,46,22,1,0,-0.5000000000000004,0.8660254037844384,0,1,1,0,0.3479640401903754,0.2949640287769784,Medium
,22.0,0.05,56.5,5,Produce,fresh fruit and veg,2022-05-10 23:00:00,6,23,1,0,-0.25881904510252157,0.9659258262890681,0,4,1,1,0.3373876255949233,0.007194244604316547,Low
,24.89,0.0,56.2,5,General,mixed baskets,2022-05-11 00:00:00,17,0,2,0,0.0,1.0,0,3,0,0,0.49021681649920673,0.08633093525179857,Low
,25.04,0.0,60.8,4,Dairy,milk and yogurt aisle,2022-05-11 01:00:00,41,1,2,0,0.25881904510252074,0.9659258262890683,0,1,1,0,0.49814912744579576,0.2589928057553957,Medium
,25.36,0.0,54.7,3,Produce,fresh fruit and veg,2022-05-11 02:00:00,38,2,2,0,0.49999999999999994,0.8660254037844387,0,4,1,0,0.5150713907985192,0.23741007194244604,Low
,22.02,0.0,58.4,4,Produce,fresh fruit and veg,2022-05-11 03:00:00,52,3,2,0,0.7071067811865476,0.7071067811865476,0,4,1,0,0.3384452670544685,0.3381294964028777,Medium
,25.04,0.28,73.8,9,Frozen,frozen foods,2022-05-11 04:00:00,42,4,2,0,0.8660254037844386,0.5000000000000001,0,2,0,1,0.49814912744579576,0.26618705035971224,Medium
,29.19,0.0,63.1,5,Produce,fresh fruit and veg,2022-05-11 05:00:00,24,5,2,0,0.9659258262890683,0.25881904510252074,0,4,1,0,0.7176097303014278,0.1366906474820144,Low
,24.89,0.0,54.0,9,Bakery,bread and pastry,2022-05-11 06:00:00,43,6,2,0,1.0,6.123233995736766e-17,0,0,1,0,0.49021681649920673,0.2733812949640288,Medium
,23.35,0.0,57.1,6,Bakery,bread and pastry,2022-05-11 07:00:00,30,7,2,0,0.9659258262890683,-0.25881904510252063,0,0,1,0,0.4087784241142253,0.17985611510791366,Low
,31.0,0.0,55.3,3,Dairy,milk and yogurt aisle,2022-05-11 08:00:00,37,8,2,0,0.8660254037844387,-0.4999999999999998,0,1,1,0,0.8133262823902696,0.2302158273381295,Low
,25.08,0.0,65.4,6,Produce,fresh fruit and veg,2022-05-11 09:00:00,33,9,2,0,0.7071067811865476,-0.7071067811865475,0,4,1,0,0.5002644103648861,0.2014388489208633,Low
,22.78,0.0,51.1,11,General,mixed baskets,2022-05-11 10:00:00,99,10,2,0,0.49999999999999994,-0.8660254037844387,0,3,0,0,0.3786356425171867,0.6762589928057554,Peak
,26.48,1.37,67.7,5,Frozen,frozen foods,2022-05-11 11:00:00,77,11,2,0,0.258819045102521,-0.9659258262890682,0,2,0,1,0.5742993125330512,0.5179856115107914,High
,22.57,0.0,58.4,9,General,mixed baskets,2022-05-11 12:00:00,81,12,2,0,1.2246467991473532e-16,-1.0,0,3,0,0,0.3675304071919619,0.5467625899280576,Peak
,23.43,0.0,34.0,13,Bakery,bread and pastry,2022-05-11 13:00:00,68,13,2,0,-0.2588190451025208,-0.9659258262890683,0,0,1,0,0.4130089899524061,0.45323741007194246,High
,26.79,0.0,58.8,8,General,mixed baskets,2022-05-11 14:00:00,65,14,2,0,-0.4999999999999997,-0.8660254037844388,0,3,0,0,0.590692755156002,0.4316546762589928,High
,22.83,0.39,51.7,13,Bakery,bread and pastry,2022-05-11 15:00:00,28,15,2,0,-0.7071067811865471,-0.7071067811865479,0,0,1,1,0.3812797461660496,0.16546762589928057,Low
,20.69,0.0,47.8,9,Dairy,milk and yogurt aisle,2022-05-11 16:00:00,29,16,2,0,-0.8660254037844385,-0.5000000000000004,0,1,1,0,0.26811210999471186,0.17266187050359713,Low
,26.05,0.0,55.0,13,Produce,fresh fruit and veg,2022-05-11 17:00:00,61,17,2,0,-0.9659258262890683,-0.25881904510252063,0,4,1,0,0.5515600211528292,0.4028776978417266,High
,26.37,0.0,57.5,12,Dairy,milk and yogurt aisle,2022-05-11 18:00:00,67,18,2,0,-1.0,-1.8369701987210297e-16,0,1,1,0,0.5684822845055526,0.4460431654676259,High
,20.95,0.0,74.6,6,General,mixed baskets,2022-05-11 19:00:00,69,19,2,0,-0.9659258262890684,0.2588190451025203,0,3,0,0,0.2818614489687995,0.460431654676259,High
,23.47,0.0,55.6,10,Produce,fresh fruit and veg,2022-05-11 20:00:00,82,20,2,0,-0.8660254037844386,0.5000000000000001,0,4,1,0,0.41512427287149645,0.5539568345323741,Peak
,26.99,0.0,48.1,8,Produce,fresh fruit and veg,2022-05-11 21:00:00,42,21,2,0,-0.7071067811865477,0.7071067811865474,0,4,1,0,0.6012691697514541,0.26618705035971224,Medium
,24.94,0.0,54.1,10,General,mixed baskets,2022-05-11 22:00:00,43,22,2,0,-0.5000000000000004,0.8660254037844384,0,3,0,0,0.4928609201480698,0.2733812949640288,Medium
,26.38,0.0,58.8,10,Dairy,milk and yogurt aisle,2022-05-11 23:00:00,32,23,2,0,-0.25881904510252157,0.9659258262890681,0,1,1,0,0.569011105235325,0.19424460431654678,Low
,23.96,0.0,47.6,9,Produce,fresh fruit and veg,2022-05-12 00:00:00,39,0,3,0,0.0,1.0,0,4,1,0,0.44103648863035433,0.2446043165467626,Low
,22.7,0.0,53.2,8,Bakery,bread and pastry,2022-05-12 01:00:00,54,1,3,0,0.25881904510252074,0.9659258262890683,0,0,1,0,0.37440507667900574,0.35251798561151076,Medium
,22.88,0.0,42.2,3,General,mixed baskets,2022-05-12 02:00:00,39,2,3,0,0.49999999999999994,0.8660254037844387,0,3,0,0,0.3839238498149127,0.2446043165467626,Low
,23.5,0.95,48.1,8,Frozen,frozen foods,2022-05-12 03:00:00,43,3,3,0,0.7071067811865476,0.7071067811865476,0,2,0,1,0.41671073506081435,0.2733812949640288,Medium
,24.7,0.0,51.6,10,General,mixed baskets,2022-05-12 04:00:00,15,4,3,0,0.8660254037844386,0.5000000000000001,0,3,0,0,0.4801692226335271,0.07194244604316546,Low
,17.67,0.61,62.8,7,Bakery,bread and pastry,2022-05-12 05:00:00,46,5,3,0,0.9659258262890683,0.25881904510252074,0,0,1,1,0.10840824960338456,0.2949640287769784,Medium
,19.58,0.0,47.8,6,Produce,fresh fruit and veg,2022-05-12 06:00:00,43,6,3,0,1.0,6.123233995736766e-17,0,4,1,0,0.20941300898995233,0.2733812949640288,Medium
,24.29,0.0,48.3,4,Bakery,bread and pastry,2022-05-12 07:00:00,55,7,3,0,0.9659258262890683,-0.25881904510252063,0,0,1,0,0.45848757271285023,0.3597122302158273,Medium
,25.91,0.0,54.3,11,Frozen,frozen foods,2022-05-12 08:00:00,6,8,3,0,0.8660254037844387,-0.4999999999999998,0,2,0,0,0.5441565309360127,0.007194244604316547,Low
,22.66,0.0,47.0,9,Produce,fresh fruit and veg,2022-05-12 09:00:00,40,9,3,0,0.7071067811865476,-0.7071067811865475,0,4,1,0,0.3722897937599154,0.2517985611510791,Medium
,24.3,0.0,50.6,12,General,mixed baskets,2022-05-12 10:00:00,93,10,3,0,0.49999999999999994,-0.8660254037844387,0,3,0,0,0.45901639344262296,0.6330935251798561,Peak
,21.65,0.0,47.7,8,General,mixed baskets,2022-05-12 11:00:00,95,11,3,0,0.258819045102521,-0.9659258262890682,0,3,0,0,0.318878900052882,0.6474820143884892,Peak
,20.91,0.0,68.8,10,Dairy,milk and yogurt aisle,2022-05-12 12:00:00,87,12,3,0,1.2246467991473532e-16,-1.0,0,1,1,0,0.27974616604970914,0.5899280575539568,Peak
,24.67,0.0,51.3,6,Frozen,frozen foods,2022-05-12 13:00:00,97,13,3,0,-0.2588190451025208,-0.9659258262890683,0,2,0,0,0.47858276044420944,0.6618705035971223,Peak
,24.12,10.78,98.4,8,Produce,fresh fruit and veg,2022-05-12 14:00:00,48,14,3,0,-0.4999999999999997,-0.8660254037844388,0,4,1,1,0.44949762030671603,0.30935251798561153,Medium
,23.04,0.6,57.9,7,General,mixed baskets,2022-05-12 15:00:00,40,15,3,0,-0.7071067811865471,-0.7071067811865479,0,3,0,1,0.3923849814912744,0.2517985611510791,Medium
,21.1,0.0,69.1,9,Dairy,milk and yogurt aisle,2022-05-12 16:00:00,36,16,3,0,-0.8660254037844385,-0.5000000000000004,0,1,1,0,0.28979375991538875,0.22302158273381295,Low
,24.46,0.0,47.2,13,Frozen,frozen foods,2022-05-12 17:00:00,72,17,3,0,-0.9659258262890683,-0.25881904510252063,0,2,0,0,0.46747752511898466,0.48201438848920863,High
,24.13,0.0,56.4,11,Frozen,frozen foods,2022-05-12 18:00:00,70,18,3,0,-1.0,-1.8369701987210297e-16,0,2,0,0,0.45002644103648853,0.4676258992805755,High
,23.66,0.0,35.9,6,General,mixed baskets,2022-05-12 19:00:00,75,19,3,0,-0.9659258262890684,0.2588190451025203,0,3,0,0,0.42517186673717605,0.5035971223021583,High
,23.98,0.0,65.4,9,Produce,fresh fruit and veg,2022-05-12 20:00:00,66,20,3,0,-0.8660254037844386,0.5000000000000001,0,4,1,0,0.4420941300898995,0.43884892086330934,High
,23.38,0.0,60.0,3,General,mixed baskets,2022-05-12 21:00:00,15,21,3,0,-0.7071067811865477,0.7071067811865474,0,3,0,0,0.410364886303543,0.07194244604316546,Low
,25.55,0.0,52.2,6,Frozen,frozen foods,2022-05-12 22:00:00,56,22,3,0,-0.5000000000000004,0.8660254037844384,0,2,0,0,0.5251189846641988,0.3669064748201439,High
,25.24,11.64,99.0,11,Dairy,milk and yogurt aisle,2022-05-12 23:00:00,18,23,3,0,-0.25881904510252157,0.9659258262890681,0,1,1,1,0.5087255420412479,0.09352517985611511,Low
,28.52,0.0,77.9,7,Bakery,bread and pastry,2022-05-13 00:00:00,38,0,4,0,0.0,1.0,0,0,1,0,0.682178741406663,0.23741007194244604,Low
,27.6,0.0,67.2,3,Dairy,milk and yogurt aisle,2022-05-13 01:00:00,24,1,4,0,0.25881904510252074,0.9659258262890683,0,1,1,0,0.6335272342675833,0.1366906474820144,Low
,24.06,0.0,67.8,6,Dairy,milk and yogurt aisle,2022-05-13 02:00:00,36,2,4,0,0.49999999999999994,0.8660254037844387,0,1,1,0,0.4463246959280803,0.22302158273381295,Low
,21.17,0.0,55.5,5,Frozen,frozen foods,2022-05-13 03:00:00,28,3,4,0,0.7071067811865476,0.7071067811865476,0,2,0,0,0.293495505023797,0.16546762589928057,Low
,25.69,0.0,48.6,3,Produce,fresh fruit and veg,2022-05-13 04:00:00,39,4,4,0,0.8660254037844386,0.5000000000000001,0,4,1,0,0.5325224748810153,0.2446043165467626,Low
,22.68,0.0,43.1,3,Dairy,milk and yogurt aisle,2022-05-13 05:00:00,29,5,4,0,0.9659258262890683,0.25881904510252074,0,1,1,0,0.37334743521946057,0.17266187050359713,Low
,27.85,0.0,63.5,9,Bakery,bread and pastry,2022-05-13 06:00:00,24,6,4,0,1.0,6.123233995736766e-17,0,0,1,0,0.6467477525118984,0.1366906474820144,Low
,20.52,0.0,40.1,4,General,mixed baskets,2022-05-13 07:00:00,43,7,4,0,0.9659258262890683,-0.25881904510252063,0,3,0,0,0.25912215758857743,0.2733812949640288,Medium
,23.09,0.0,53.5,3,General,mixed baskets,2022-05-13 08:00:00,55,8,4,0,0.8660254037844387,-0.4999999999999998,0,3,0,0,0.39502908514013746,0.3597122302158273,Medium
,27.88,0.0,68.8,8,Dairy,milk and yogurt aisle,2022-05-13 09:00:00,43,9,4,0,0.7071067811865476,-0.7071067811865475,0,1,1,0,0.6483342147012161,0.2733812949640288,Medium
,24.14,1.17,61.5,8,Bakery,bread and pastry,2022-05-13 10:00:00,95,10,4,0,0.49999999999999994,-0.8660254037844387,0,0,1,1,0.4505552617662612,0.6474820143884892,Peak
,25.89,0.0,45.0,8,Produce,fresh fruit and veg,2022-05-13 11:00:00,81,11,4,0,0.258819045102521,-0.9659258262890682,0,4,1,0,0.5430988894764675,0.5467625899280576,Peak
,25.73,0.0,48.2,7,General,mixed baskets,2022-05-13 12:00:00,93,12,4,0,1.2246467991473532e-16,-1.0,0,3,0,0,0.5346377578001057,0.6330935251798561,Peak
,22.94,0.0,65.3,5,General,mixed baskets,2022-05-13 13:00:00,99,13,4,0,-0.2588190451025208,-0.9659258262890683,0,3,0,0,0.38709677419354843,0.6762589928057554,Peak
,26.17,0.0,46.7,10,Dairy,milk and yogurt aisle,2022-05-13 14:00:00,31,14,4,0,-0.4999999999999997,-0.8660254037844388,0,1,1,0,0.5579058699101005,0.18705035971223022,Low
,22.01,0.0,51.4,7,Produce,fresh fruit and veg,2022-05-13 15:00:00,50,15,4,0,-0.7071067811865471,-0.7071067811865479,0,4,1,0,0.337916446324696,0.3237410071942446,Medium
,23.33,0.0,43.9,11,Bakery,bread and pastry,2022-05-13 16:00:00,39,16,4,0,-0.8660254037844385,-0.5000000000000004,0,0,1,0,0.4077207826546799,0.2446043165467626,Low
,29.27,0.0,54.6,11,Dairy,milk and yogurt aisle,2022-05-13 17:00:00,78,17,4,0,-0.9659258262890683,-0.25881904510252063,0,1,1,0,0.7218402961396085,0.5251798561151079,High
,23.67,0.0,50.1,12,Bakery,bread and pastry,2022-05-13 18:00:00,68,18,4,0,-1.0,-1.8369701987210297e-16,0,0,1,0,0.4257006874669488,0.45323741007194246,High
,25.01,0.0,63.3,11,General,mixed baskets,2022-05-13 19:00:00,68,19,4,0,-0.9659258262890684,0.2588190451025203,0,3,0,0,0.4965626652564781,0.45323741007194246,High
,21.51,0.0,47.2,5,Dairy,milk and yogurt aisle,2022-05-13 20:00:00,77,20,4,0,-0.8660254037844386,0.5000000000000001,0,1,1,0,0.31147540983606564,0.5179856115107914,High
,27.37,0.0,51.6,9,Dairy,milk and yogurt aisle,2022-05-13 21:00:00,44,21,4,0,-0.7071067811865477,0.7071067811865474,0,1,1,0,0.6213643574828133,0.2805755395683453,Medium
,21.88,0.0,36.1,4,General,mixed baskets,2022-05-13 22:00:00,43,22,4,0,-0.5000000000000004,0.8660254037844384,0,3,0,0,0.33104177683765196,0.2733812949640288,Medium
,22.3,0.0,65.5,6,Dairy,milk and yogurt aisle,2022-05-13 23:00:00,27,23,4,0,-0.25881904510252157,0.9659258262890681,0,1,1,0,0.3532522474881015,0.15827338129496402,Low
,22.55,0.0,64.7,10,Produce,fresh fruit and veg,2022-05-14 00:00:00,50,0,5,1,0.0,1.0,0,4,1,0,0.3664727657324167,0.3237410071942446,Medium
,21.71,0.0,52.8,4,General,mixed baskets,2022-05-14 01:00:00,59,1,5,1,0.25881904510252074,0.9659258262890683,0,3,0,0,0.32205182443151775,0.38848920863309355,High
,20.55,0.0,56.3,10,Produce,fresh fruit and veg,2022-05-14 02:00:00,37,2,5,1,0.49999999999999994,0.8660254037844387,0,4,1,0,0.26070861977789533,0.2302158273381295,Low
,23.29,0.0,58.7,9,General,mixed baskets,2022-05-14 03:00:00,71,3,5,1,0.7071067811865476,0.7071067811865476,0,3,0,0,0.40560549973558957,0.4748201438848921,High
,22.82,0.0,63.6,5,Dairy,milk and yogurt aisle,2022-05-14 04:00:00,63,4,5,1,0.8660254037844386,0.5000000000000001,0,1,1,0,0.3807509254362771,0.4172661870503597,High
,23.75,0.28,42.7,11,Produce,fresh fruit and veg,2022-05-14 05:00:00,59,5,5,1,0.9659258262890683,0.25881904510252074,0,4,1,1,0.42993125330512955,0.38848920863309355,High
,21.6,0.0,47.8,3,General,mixed baskets,2022-05-14 06:00:00,50,6,5,1,1.0,6.123233995736766e-17,0,3,0,0,0.3162347964040191,0.3237410071942446,Medium
,21.8,0.0,73.2,5,General,mixed baskets,2022-05-14 07:00:00,69,7,5,1,0.9659258262890683,-0.25881904510252063,0,3,0,0,0.3268112109994712,0.460431654676259,High
,23.21,0.0,64.4,11,Dairy,milk and yogurt aisle,2022-05-14 08:00:00,56,8,5,1,0.8660254037844387,-0.4999999999999998,0,1,1,0,0.4013749338974088,0.3669064748201439,High
,23.98,0.0,59.8,4,Dairy,milk and yogurt aisle,2022-05-14 09:00:00,82,9,5,1,0.7071067811865476,-0.7071067811865475,0,1,1,0,0.4420941300898995,0.5539568345323741,Peak
,21.73,0.79,57.7,5,General,mixed baskets,2022-05-14 10:00:00,119,10,5,1,0.49999999999999994,-0.8660254037844387,0,3,0,1,0.32310946589106293,0.8201438848920863,Peak
,23.89,4.1,74.1,13,Produce,fresh fruit and veg,2022-05-14 11:00:00,96,11,5,1,0.258819045102521,-0.9659258262890682,0,4,1,1,0.43733474352194607,0.6546762589928058,Peak
,23.4,0.0,62.2,7,General,mixed baskets,2022-05-14 12:00:00,123,12,5,1,1.2246467991473532e-16,-1.0,0,3,0,0,0.4114225277630882,0.8489208633093526,Peak
,26.53,0.0,62.1,12,General,mixed baskets,2022-05-14 13:00:00,108,13,5,1,-0.2588190451025208,-0.9659258262890683,0,3,0,0,0.5769434161819144,0.7410071942446043,Peak
,25.51,0.0,46.6,9,Dairy,milk and yogurt aisle,2022-05-14 14:00:00,53,14,5,1,-0.4999999999999997,-0.8660254037844388,0,1,1,0,0.5230037017451085,0.34532374100719426,Medium
,25.19,0.0,55.3,9,General,mixed baskets,2022-05-14 15:00:00,56,15,5,1,-0.7071067811865471,-0.7071067811865479,0,3,0,0,0.506081438392385,0.3669064748201439,High
,26.42,0.0,58.3,11,Frozen,frozen foods,2022-05-14 16:00:00,57,16,5,1,-0.8660254037844385,-0.5000000000000004,0,2,0,0,0.5711263881544156,0.37410071942446044,High
,22.43,0.0,57.6,10,Bakery,bread and pastry,2022-05-14 17:00:00,97,17,5,1,-0.9659258262890683,-0.25881904510252063,0,0,1,0,0.3601269169751454,0.6618705035971223,Peak
,27.25,0.0,46.8,10,Produce,fresh fruit and veg,2022-05-14 18:00:00,103,18,5,1,-1.0,-1.8369701987210297e-16,0,4,1,0,0.615018508725542,0.7050359712230215,Peak
,24.41,0.0,53.3,10,General,mixed baskets,2022-05-14 19:00:00,99,19,5,1,-0.9659258262890684,0.2588190451025203,0,3,0,0,0.4648334214701216,0.6762589928057554,Peak
,22.77,0.0,47.3,7,Produce,fresh fruit and veg,2022-05-14 20:00:00,85,20,5,1,-0.8660254037844386,0.5000000000000001,0,4,1,0,0.378106821787414,0.5755395683453237,Peak
,24.95,2.36,58.8,11,General,mixed baskets,2022-05-14 21:00:00,43,21,5,1,-0.7071067811865477,0.7071067811865474,0,3,0,1,0.4933897408778423,0.2733812949640288,Medium
,21.36,0.0,56.9,9,General,mixed baskets,2022-05-14 22:00:00,49,22,5,1,-0.5000000000000004,0.8660254037844384,0,3,0,0,0.3035430988894764,0.31654676258992803,Medium
,28.27,0.0,59.7,5,Produce,fresh fruit and veg,2022-05-14 23:00:00,63,23,5,1,-0.25881904510252157,0.9659258262890681,0,4,1,0,0.6689582231623479,0.4172661870503597,High
,24.49,0.0,59.9,10,Produce,fresh fruit and veg,2022-05-15 00:00:00,69,0,6,1,0.0,1.0,0,4,1,0,0.46906398730830234,0.460431654676259,High
,20.25,0.0,63.3,6,General,mixed baskets,2022-05-15 01:00:00,80,1,6,1,0.25881904510252074,0.9659258262890683,0,3,0,0,0.24484399788471709,0.539568345323741,Peak
,21.14,0.0,56.4,5,General,mixed baskets,2022-05-15 02:00:00,43,2,6,1,0.49999999999999994,0.8660254037844387,0,3,0,0,0.2919090428344791,0.2733812949640288,Medium
,22.64,0.0,45.1,5,Produce,fresh fruit and veg,2022-05-15 03:00:00,60,3,6,1,0.7071067811865476,0.7071067811865476,0,4,1,0,0.37123215230037016,0.39568345323741005,High
,22.52,0.0,55.7,7,Produce,fresh fruit and veg,2022-05-15 04:00:00,56,4,6,1,0.8660254037844386,0.5000000000000001,0,4,1,0,0.3648863035430988,0.3669064748201439,High
,24.97,0.0,51.5,5,Produce,fresh fruit and veg,2022-05-15 05:00:00,54,5,6,1,0.9659258262890683,0.25881904510252074,0,4,1,0,0.4944473823373875,0.35251798561151076,Medium
,26.01,0.29,42.4,6,Dairy,milk and yogurt aisle,2022-05-15 06:00:00,60,6,6,1,1.0,6.123233995736766e-17,0,1,1,1,0.5494447382337387,0.39568345323741005,High
,26.34,0.0,50.1,8,Produce,fresh fruit and veg,2022-05-15 07:00:00,56,7,6,1,0.9659258262890683,-0.25881904510252063,0,4,1,0,0.5668958223162347,0.3669064748201439,High
,25.18,0.03,58.5,5,General,mixed baskets,2022-05-15 08:00:00,56,8,6,1,0.8660254037844387,-0.4999999999999998,0,3,0,1,0.5055526176626123,0.3669064748201439,High
,21.6,0.0,63.4,8,Produce,fresh fruit and veg,2022-05-15 09:00:00,51,9,6,1,0.7071067811865476,-0.7071067811865475,0,4,1,0,0.3162347964040191,0.33093525179856115,Medium
,26.58,0.0,54.2,12,Frozen,frozen foods,2022-05-15 10:00:00,119,10,6,1,0.49999999999999994,-0.8660254037844387,0,2,0,0,0.5795875198307772,0.8201438848920863,Peak
,26.84,2.01,50.0,9,Produce,fresh fruit and veg,2022-05-15 11:00:00,126,11,6,1,0.258819045102521,-0.9659258262890682,0,4,1,1,0.5933368588048651,0.8705035971223022,Peak
,19.16,0.0,54.7,10,Frozen,frozen foods,2022-05-15 12:00:00,133,12,6,1,1.2246467991473532e-16,-1.0,0,2,0,0,0.18720253833950293,0.920863309352518,Peak
,22.49,0.0,49.2,8,Dairy,milk and yogurt aisle,2022-05-15 13:00:00,107,13,6,1,-0.2588190451025208,-0.9659258262890683,0,1,1,0,0.36329984135378096,0.7338129496402878,Peak
,23.0,4.22,77.9,9,General,mixed baskets,2022-05-15 14:00:00,46,14,6,1,-0.4999999999999997,-0.8660254037844388,0,3,0,1,0.390269698572184,0.2949640287769784,Medium
,21.98,0.0,45.0,8,Bakery,bread and pastry,2022-05-15 15:00:00,56,15,6,1,-0.7071067811865471,-0.7071067811865479,0,0,1,0,0.3363299841353781,0.3669064748201439,High
,26.38,0.0,61.9,11,General,mixed baskets,2022-05-15 16:00:00,49,16,6,1,-0.8660254037844385,-0.5000000000000004,0,3,0,0,0.569011105235325,0.31654676258992803,Medium
,24.97,2.83,61.7,11,General,mixed baskets,2022-05-15 17:00:00,106,17,6,1,-0.9659258262890683,-0.25881904510252063,0,3,0,1,0.4944473823373875,0.7266187050359713,Peak
,24.0,0.0,58.3,5,General,mixed baskets,2022-05-15 18:00:00,84,18,6,1,-1.0,-1.8369701987210297e-16,0,3,0,0,0.4431517715494447,0.5683453237410072,Peak
,20.9,0.0,49.4,7,Frozen,frozen foods,2022-05-15 19:00:00,95,19,6,1,-0.9659258262890684,0.2588190451025203,0,2,0,0,0.27921734531993647,0.6474820143884892,Peak
,18.87,1.25,63.0,6,Dairy,milk and yogurt aisle,2022-05-15 20:00:00,78,20,6,1,-0.8660254037844386,0.5000000000000001,0,1,1,1,0.17186673717609735,0.5251798561151079,High
,21.59,0.0,55.1,8,Bakery,bread and pastry,2022-05-15 21:00:00,55,21,6,1,-0.7071067811865477,0.7071067811865474,0,0,1,0,0.3157059756742464,0.3597122302158273,Medium
,21.83,0.0,53.7,3,Bakery,bread and pastry,2022-05-15 22:00:00,61,22,6,1,-0.5000000000000004,0.8660254037844384,0,0,1,0,0.3283976731887889,0.4028776978417266,High
,21.66,0.0,46.4,4,Frozen,frozen foods,2022-05-15 23:00:00,77,23,6,1,-0.25881904510252157,0.9659258262890681,0,2,0,0,0.31940772078265467,0.5179856115107914,High
,18.61,0.0,50.6,11,Produce,fresh fruit and veg,2022-05-16 00:00:00,30,0,0,0,0.0,1.0,0,4,1,0,0.1581173982020095,0.17985611510791366,Low
,20.03,0.0,39.9,8,Frozen,frozen foods,2022-05-16 01:00:00,43,1,0,0,0.25881904510252074,0.9659258262890683,0,2,0,0,0.23320994182971977,0.2733812949640288,Medium
,22.69,0.0,59.3,9,Produce,fresh fruit and veg,2022-05-16 02:00:00,14,2,0,0,0.49999999999999994,0.8660254037844387,0,4,1,0,0.37387625594923324,0.06474820143884892,Low
,24.54,1.79,58.1,6,Frozen,frozen foods,2022-05-16 03:00:00,24,3,0,0,0.7071067811865476,0.7071067811865476,0,2,0,1,0.4717080909571654,0.1366906474820144,Low
,22.44,0.11,67.4,8,Bakery,bread and pastry,2022-05-16 04:00:00,29,4,0,0,0.8660254037844386,0.5000000000000001,0,0,1,1,0.36065573770491804,0.17266187050359713,Low
,23.16,0.0,43.0,8,General,mixed baskets,2022-05-16 05:00:00,33,5,0,0,0.9659258262890683,0.25881904510252074,0,3,0,0,0.3987308302485457,0.2014388489208633,Low
,23.54,0.0,67.8,3,General,mixed baskets,2022-05-16 06:00:00,44,6,0,0,1.0,6.123233995736766e-17,0,3,0,0,0.4188260179799047,0.2805755395683453,Medium
,23.55,0.0,58.8,5,Dairy,milk and yogurt aisle,2022-05-16 07:00:00,46,7,0,0,0.9659258262890683,-0.25881904510252063,0,1,1,0,0.41935483870967744,0.2949640287769784,Medium
,26.63,0.0,51.4,6,Dairy,milk and yogurt aisle,2022-05-16 08:00:00,19,8,0,0,0.8660254037844387,-0.4999999999999998,0,1,1,0,0.5822316234796403,0.10071942446043165,Low
,21.78,0.0,59.1,6,General,mixed baskets,2022-05-16 09:00:00,45,9,0,0,0.7071067811865476,-0.7071067811865475,0,3,0,0,0.325753569539926,0.28776978417266186,Medium
,24.21,0.0,44.9,11,Dairy,milk and yogurt aisle,2022-05-16 10:00:00,80,10,0,0,0.49999999999999994,-0.8660254037844387,0,1,1,0,0.45425700687466947,0.539568345323741,Peak
,20.51,0.0,44.1,5,General,mixed baskets,2022-05-16 11:00:00,116,11,0,0,0.258819045102521,-0.9659258262890682,0,3,0,0,0.2585933368588049,0.7985611510791367,Peak
,26.58,0.0,64.9,9,Bakery,bread and pastry,2022-05-16 12:00:00,98,12,0,0,1.2246467991473532e-16,-1.0,0,0,1,0,0.5795875198307772,0.6690647482014388,Peak
,25.49,0.0,39.0,11,General,mixed baskets,2022-05-16 13:00:00,96,13,0,0,-0.2588190451025208,-0.9659258262890683,0,3,0,0,0.521946060285563,0.6546762589928058,Peak
,26.12,0.0,55.2,11,General,mixed baskets,2022-05-16 14:00:00,37,14,0,0,-0.4999999999999997,-0.8660254037844388,0,3,0,0,0.5552617662612375,0.2302158273381295,Low
,23.99,0.0,66.1,11,Bakery,bread and pastry,2022-05-16 15:00:00,38,15,0,0,-0.7071067811865471,-0.7071067811865479,0,0,1,0,0.442622950819672,0.23741007194244604,Low
,23.42,0.0,56.1,7,General,mixed baskets,2022-05-16 16:00:00,39,16,0,0,-0.8660254037844385,-0.5000000000000004,0,3,0,0,0.4124801692226336,0.2446043165467626,Low
,20.61,0.0,65.9,7,General,mixed baskets,2022-05-16 17:00:00,65,17,0,0,-0.9659258262890683,-0.25881904510252063,0,3,0,0,0.2638815441565309,0.4316546762589928,High
,24.48,0.0,53.4,5,Frozen,frozen foods,2022-05-16 18:00:00,83,18,0,0,-1.0,-1.8369701987210297e-16,0,2,0,0,0.46853516657852984,0.5611510791366906,Peak
,27.03,0.0,49.7,8,Bakery,bread and pastry,2022-05-16 19:00:00,77,19,0,0,-0.9659258262890684,0.2588190451025203,0,0,1,0,0.6033844526705446,0.5179856115107914,High
,16.99,0.0,64.5,8,Bakery,bread and pastry,2022-05-16 20:00:00,83,20,0,0,-0.8660254037844386,0.5000000000000001,0,0,1,0,0.07244843997884712,0.5611510791366906,Peak
,27.98,0.0,62.3,7,Dairy,milk and yogurt aisle,2022-05-16 21:00:00,38,21,0,0,-0.7071067811865477,0.7071067811865474,0,1,1,0,0.6536224219989423,0.23741007194244604,Low
,21.73,0.0,54.5,8,General,mixed baskets,2022-05-16 22:00:00,47,22,0,0,-0.5000000000000004,0.8660254037844384,0,3,0,0,0.32310946589106293,0.302158273381295,Medium
,24.89,2.24,73.0,9,General,mixed baskets,2022-05-16 23:00:00,30,23,0,0,-0.25881904510252157,0.9659258262890681,0,3,0,1,0.49021681649920673,0.17985611510791366,Low
,21.65,1.57,50.7,9,Dairy,milk and yogurt aisle,2022-05-17 00:00:00,82,0,1,0,0.0,1.0,0,1,1,1,0.318878900052882,0.5539568345323741,Peak
,23.26,0.0,63.5,10,General,mixed baskets,2022-05-17 01:00:00,30,1,1,0,0.25881904510252074,0.9659258262890683,0,3,0,0,0.4040190375462719,0.17985611510791366,Low
,25.62,0.0,52.0,11,Dairy,milk and yogurt aisle,2022-05-17 02:00:00,33,2,1,0,0.49999999999999994,0.8660254037844387,0,1,1,0,0.5288207297726071,0.2014388489208633,Low
,23.18,0.0,57.0,6,Produce,fresh fruit and veg,2022-05-17 03:00:00,50,3,1,0,0.7071067811865476,0.7071067811865476,0,4,1,0,0.3997884717080909,0.3237410071942446,Medium
,28.03,0.0,56.1,11,Frozen,frozen foods,2022-05-17 04:00:00,54,4,1,0,0.8660254037844386,0.5000000000000001,0,2,0,0,0.6562665256478054,0.35251798561151076,Medium
,23.73,0.0,56.7,6,General,mixed baskets,2022-05-17 05:00:00,29,5,1,0,0.9659258262890683,0.25881904510252074,0,3,0,0,0.4288736118455843,0.17266187050359713,Low
,25.22,0.0,59.5,8,Frozen,frozen foods,2022-05-17 06:00:00,19,6,1,0,1.0,6.123233995736766e-17,0,2,0,0,0.5076679005817026,0.10071942446043165,Low
,22.14,0.0,66.6,4,Frozen,frozen foods,2022-05-17 07:00:00,22,7,1,0,0.9659258262890683,-0.25881904510252063,0,2,0,0,0.3447911158117398,0.1223021582733813,Low
,22.41,0.0,66.6,11,Produce,fresh fruit and veg,2022-05-17 08:00:00,27,8,1,0,0.8660254037844387,-0.4999999999999998,0,4,1,0,0.3590692755156002,0.15827338129496402,Low
,22.67,0.0,56.0,11,Bakery,bread and pastry,2022-05-17 09:00:00,29,9,1,0,0.7071067811865476,-0.7071067811865475,0,0,1,0,0.37281861448968806,0.17266187050359713,Low
,24.86,0.0,55.8,6,General,mixed baskets,2022-05-17 10:00:00,92,10,1,0,0.49999999999999994,-0.8660254037844387,0,3,0,0,0.4886303543098889,0.6258992805755396,Peak
,27.69,0.0,47.4,5,Frozen,frozen foods,2022-05-17 11:00:00,106,11,1,0,0.258819045102521,-0.9659258262890682,0,2,0,0,0.6382866208355368,0.7266187050359713,Peak
,23.72,0.0,68.6,10,Dairy,milk and yogurt aisle,2022-05-17 12:00:00,107,12,1,0,1.2246467991473532e-16,-1.0,0,1,1,0,0.42834479111581164,0.7338129496402878,Peak
,20.51,0.0,62.8,7,Dairy,milk and yogurt aisle,2022-05-17 13:00:00,86,13,1,0,-0.2588190451025208,-0.9659258262890683,0,1,1,0,0.2585933368588049,0.5827338129496403,Peak
,22.15,0.0,50.3,8,General,mixed baskets,2022-05-17 14:00:00,45,14,1,0,-0.4999999999999997,-0.8660254037844388,0,3,0,0,0.34531993654151233,0.28776978417266186,Medium
,20.3,0.0,56.8,10,Frozen,frozen foods,2022-05-17 15:00:00,49,15,1,0,-0.7071067811865471,-0.7071067811865479,0,2,0,0,0.24748810153358014,0.31654676258992803,Medium
,24.82,0.78,69.8,11,Frozen,frozen foods,2022-05-17 16:00:00,56,16,1,0,-0.8660254037844385,-0.5000000000000004,0,2,0,1,0.48651507139079847,0.3669064748201439,High
,23.71,0.0,49.7,8,Produce,fresh fruit and veg,2022-05-17 17:00:00,72,17,1,0,-0.9659258262890683,-0.25881904510252063,0,4,1,0,0.42781597038603913,0.48201438848920863,High
,21.03,0.0,57.6,5,General,mixed baskets,2022-05-17 18:00:00,65,18,1,0,-1.0,-1.8369701987210297e-16,0,3,0,0,0.2860920148069805,0.4316546762589928,High
,22.77,0.57,57.0,13,General,mixed baskets,2022-05-17 19:00:00,83,19,1,0,-0.9659258262890684,0.2588190451025203,0,3,0,1,0.378106821787414,0.5611510791366906,Peak
,25.93,0.0,53.0,10,Dairy,milk and yogurt aisle,2022-05-17 20:00:00,92,20,1,0,-0.8660254037844386,0.5000000000000001,0,1,1,0,0.5452141723955578,0.6258992805755396,Peak
,24.76,0.0,56.0,7,General,mixed baskets,2022-05-17 21:00:00,32,21,1,0,-0.7071067811865477,0.7071067811865474,0,3,0,0,0.4833421470121629,0.19424460431654678,Low
,22.25,0.0,39.3,9,Produce,fresh fruit and veg,2022-05-17 22:00:00,62,22,1,0,-0.5000000000000004,0.8660254037844384,0,4,1,0,0.3506081438392385,0.41007194244604317,High
,25.48,0.51,64.8,9,General,mixed baskets,2022-05-17 23:00:00,59,23,1,0,-0.25881904510252157,0.9659258262890681,0,3,0,1,0.5214172395557906,0.38848920863309355,High
,24.5,0.0,51.7,5,Bakery,bread and pastry,2022-05-18 00:00:00,36,0,2,0,0.0,1.0,0,0,1,0,0.469592808038075,0.22302158273381295,Low
,22.21,0.0,56.3,4,Produce,fresh fruit and veg,2022-05-18 01:00:00,20,1,2,0,0.25881904510252074,0.9659258262890683,0,4,1,0,0.3484928609201481,0.1079136690647482,Low
,24.0,0.0,44.0,6,Bakery,bread and pastry,2022-05-18 02:00:00,32,2,2,0,0.49999999999999994,0.8660254037844387,0,0,1,0,0.4431517715494447,0.19424460431654678,Low
,28.11,0.0,74.0,9,Dairy,milk and yogurt aisle,2022-05-18 03:00:00,34,3,2,0,0.7071067811865476,0.7071067811865476,0,1,1,0,0.6604970914859861,0.20863309352517986,Low
,20.86,0.0,60.0,9,Frozen,frozen foods,2022-05-18 04:00:00,45,4,2,0,0.8660254037844386,0.5000000000000001,0,2,0,0,0.27710206240084606,0.28776978417266186,Medium
,26.03,0.0,39.7,6,Dairy,milk and yogurt aisle,2022-05-18 05:00:00,19,5,2,0,0.9659258262890683,0.25881904510252074,0,1,1,0,0.550502379693284,0.10071942446043165,Low
,23.21,0.0,50.4,9,Produce,fresh fruit and veg,2022-05-18 06:00:00,68,6,2,0,1.0,6.123233995736766e-17,0,4,1,0,0.4013749338974088,0.45323741007194246,High
,25.09,0.0,52.6,6,Bakery,bread and pastry,2022-05-18 07:00:00,67,7,2,0,0.9659258262890683,-0.25881904510252063,0,0,1,0,0.5007932310946589,0.4460431654676259,High
,24.52,0.0,47.4,4,General,mixed baskets,2022-05-18 08:00:00,30,8,2,0,0.8660254037844387,-0.4999999999999998,0,3,0,0,0.47065044949762025,0.17985611510791366,Low
,24.23,1.18,47.8,3,Bakery,bread and pastry,2022-05-18 09:00:00,16,9,2,0,0.7071067811865476,-0.7071067811865475,0,0,1,1,0.4553146483342147,0.07913669064748201,Low
,23.17,0.0,44.6,8,Frozen,frozen foods,2022-05-18 10:00:00,92,10,2,0,0.49999999999999994,-0.8660254037844387,0,2,0,0,0.3992596509783184,0.6258992805755396,Peak
,23.55,0.0,48.3,5,Produce,fresh fruit and veg,2022-05-18 11:00:00,99,11,2,0,0.258819045102521,-0.9659258262890682,0,4,1,0,0.41935483870967744,0.6762589928057554,Peak
,25.2,0.0,56.4,13,General,mixed baskets,2022-05-18 12:00:00,110,12,2,0,1.2246467991473532e-16,-1.0,0,3,0,0,0.5066102591221575,0.7553956834532374,Peak
,24.66,0.57,58.7,10,Frozen,frozen foods,2022-05-18 13:00:00,102,13,2,0,-0.2588190451025208,-0.9659258262890683,0,2,0,1,0.47805393971443677,0.697841726618705,Peak
,19.99,0.0,65.4,11,Frozen,frozen foods,2022-05-18 14:00:00,36,14,2,0,-0.4999999999999997,-0.8660254037844388,0,2,0,0,0.23109465891062922,0.22302158273381295,Low
,24.66,0.0,53.8,7,General,mixed baskets,2022-05-18 15:00:00,15,15,2,0,-0.7071067811865471,-0.7071067811865479,0,3,0,0,0.47805393971443677,0.07194244604316546,Low
,26.74,1.21,40.7,12,General,mixed baskets,2022-05-18 16:00:00,45,16,2,0,-0.8660254037844385,-0.5000000000000004,0,3,0,1,0.5880486515071389,0.28776978417266186,Medium
,25.73,0.38,55.1,8,Produce,fresh fruit and veg,2022-05-18 17:00:00,84,17,2,0,-0.9659258262890683,-0.25881904510252063,0,4,1,1,0.5346377578001057,0.5683453237410072,Peak
,24.06,0.0,63.9,7,Bakery,bread and pastry,2022-05-18 18:00:00,70,18,2,0,-1.0,-1.8369701987210297e-16,0,0,1,0,0.4463246959280803,0.4676258992805755,High
,19.1,0.0,45.6,7,General,mixed baskets,2022-05-18 19:00:00,77,19,2,0,-0.9659258262890684,0.2588190451025203,0,3,0,0,0.18402961396086734,0.5179856115107914,High
,24.99,0.0,56.5,13,General,mixed baskets,2022-05-18 20:00:00,76,20,2,0,-0.8660254037844386,0.5000000000000001,0,3,0,0,0.4955050237969327,0.5107913669064749,High
,25.16,0.0,57.7,11,Produce,fresh fruit and veg,2022-05-18 21:00:00,36,21,2,0,-0.7071067811865477,0.7071067811865474,0,4,1,0,0.5044949762030672,0.22302158273381295,Low
,27.12,0.0,46.9,5,General,mixed baskets,2022-05-18 22:00:00,25,22,2,0,-0.5000000000000004,0.8660254037844384,0,3,0,0,0.6081438392384981,0.14388489208633093,Low
,21.22,1.27,57.2,6,Dairy,milk and yogurt aisle,2022-05-18 23:00:00,43,23,2,0,-0.25881904510252157,0.9659258262890681,0,1,1,1,0.29613960867265987,0.2733812949640288,Medium
,22.88,0.0,46.9,6,Bakery,bread and pastry,2022-05-19 00:00:00,22,0,3,0,0.0,1.0,0,0,1,0,0.3839238498149127,0.1223021582733813,Low
,22.15,0.0,66.7,9,Frozen,frozen foods,2022-05-19 01:00:00,55,1,3,0,0.25881904510252074,0.9659258262890683,0,2,0,0,0.34531993654151233,0.3597122302158273,Medium
,22.79,0.0,60.3,3,Produce,fresh fruit and veg,2022-05-19 02:00:00,28,2,3,0,0.49999999999999994,0.8660254037844387,0,4,1,0,0.3791644632469592,0.16546762589928057,Low
,19.24,0.0,55.5,3,General,mixed baskets,2022-05-19 03:00:00,45,3,3,0,0.7071067811865476,0.7071067811865476,0,3,0,0,0.1914331041776837,0.28776978417266186,Medium
,22.29,0.0,60.6,9,Bakery,bread and pastry,2022-05-19 04:00:00,30,4,3,0,0.8660254037844386,0.5000000000000001,0,0,1,0,0.35272342675832885,0.17985611510791366,Low
,22.39,0.0,60.5,8,Frozen,frozen foods,2022-05-19 05:00:00,43,5,3,0,0.9659258262890683,0.25881904510252074,0,2,0,0,0.358011634056055,0.2733812949640288,Medium
,22.52,0.0,48.2,7,Frozen,frozen foods,2022-05-19 06:00:00,36,6,3,0,1.0,6.123233995736766e-17,0,2,0,0,0.3648863035430988,0.22302158273381295,Low
,27.32,0.0,44.5,6,Bakery,bread and pastry,2022-05-19 07:00:00,45,7,3,0,0.9659258262890683,-0.25881904510252063,0,0,1,0,0.6187202538339502,0.28776978417266186,Medium
,21.9,0.0,43.5,11,Dairy,milk and yogurt aisle,2022-05-19 08:00:00,29,8,3,0,0.8660254037844387,-0.4999999999999998,0,1,1,0,0.33209941829719714,0.17266187050359713,Low
,22.34,0.0,44.8,7,Frozen,frozen foods,2022-05-19 09:00:00,19,9,3,0,0.7071067811865476,-0.7071067811865475,0,2,0,0,0.35536753040719193,0.10071942446043165,Low
,26.16,0.0,61.6,9,Dairy,milk and yogurt aisle,2022-05-19 10:00:00,90,10,3,0,0.49999999999999994,-0.8660254037844387,0,1,1,0,0.5573770491803278,0.6115107913669064,Peak
,22.05,1.28,67.7,7,General,mixed baskets,2022-05-19 11:00:00,89,11,3,0,0.258819045102521,-0.9659258262890682,0,3,0,1,0.3400317292437864,0.60431654676259,Peak
,26.35,0.0,67.3,5,Produce,fresh fruit and veg,2022-05-19 12:00:00,76,12,3,0,1.2246467991473532e-16,-1.0,0,4,1,0,0.5674246430460074,0.5107913669064749,High
,24.52,0.0,44.3,13,Dairy,milk and yogurt aisle,2022-05-19 13:00:00,85,13,3,0,-0.2588190451025208,-0.9659258262890683,0,1,1,0,0.47065044949762025,0.5755395683453237,Peak
,21.89,0.0,55.0,11,Dairy,milk and yogurt aisle,2022-05-19 14:00:00,19,14,3,0,-0.4999999999999997,-0.8660254037844388,0,1,1,0,0.33157059756742463,0.10071942446043165,Low
,21.69,2.92,73.7,12,Dairy,milk and yogurt aisle,2022-05-19 15:00:00,40,15,3,0,-0.7071067811865471,-0.7071067811865479,0,1,1,1,0.3209941829719726,0.2517985611510791,Medium
,23.76,0.0,69.4,13,General,mixed baskets,2022-05-19 16:00:00,34,16,3,0,-0.8660254037844385,-0.5000000000000004,0,3,0,0,0.4304600740349022,0.20863309352517986,Low
,22.94,1.96,58.3,11,Bakery,bread and pastry,2022-05-19 17:00:00,74,17,3,0,-0.9659258262890683,-0.25881904510252063,0,0,1,1,0.38709677419354843,0.49640287769784175,High
,23.65,0.6,53.9,11,General,mixed baskets,2022-05-19 18:00:00,105,18,3,0,-1.0,-1.8369701987210297e-16,0,3,0,1,0.4246430460074034,0.7194244604316546,Peak
,22.01,0.0,52.0,9,General,mixed baskets,2022-05-19 19:00:00,76,19,3,0,-0.9659258262890684,0.2588190451025203,0,3,0,0,0.337916446324696,0.5107913669064749,High
,24.85,0.0,58.6,5,Frozen,frozen foods,2022-05-19 20:00:00,78,20,3,0,-0.8660254037844386,0.5000000000000001,0,2,0,0,0.4881015335801164,0.5251798561151079,High
,21.77,0.0,61.5,3,Produce,fresh fruit and veg,2022-05-19 21:00:00,46,21,3,0,-0.7071067811865477,0.7071067811865474,0,4,1,0,0.3252247488101533,0.2949640287769784,Medium
,22.26,0.0,63.0,8,General,mixed baskets,2022-05-19 22:00:00,37,22,3,0,-0.5000000000000004,0.8660254037844384,0,3,0,0,0.35113696456901117,0.2302158273381295,Low
,22.97,3.91,63.2,7,Frozen,frozen foods,2022-05-19 23:00:00,32,23,3,0,-0.25881904510252157,0.9659258262890681,0,2,0,1,0.3886832363828661,0.19424460431654678,Low
,20.24,0.0,66.8,9,General,mixed baskets,2022-05-20 00:00:00,49,0,4,0,0.0,1.0,0,3,0,0,0.24431517715494439,0.31654676258992803,Medium
,22.53,0.0,47.1,8,Dairy,milk and yogurt aisle,2022-05-20 01:00:00,51,1,4,0,0.25881904510252074,0.9659258262890683,0,1,1,0,0.36541512427287154,0.33093525179856115,Medium
,22.8,0.0,60.2,11,Produce,fresh fruit and veg,2022-05-20 02:00:00,5,2,4,0,0.49999999999999994,0.8660254037844387,0,4,1,0,0.3796932839767319,0.0,Low
,19.77,0.0,66.0,10,Produce,fresh fruit and veg,2022-05-20 03:00:00,37,3,4,0,0.7071067811865476,0.7071067811865476,0,4,1,0,0.2194606028556319,0.2302158273381295,Low
,18.93,0.0,64.1,9,Bakery,bread and pastry,2022-05-20 04:00:00,35,4,4,0,0.8660254037844386,0.5000000000000001,0,0,1,0,0.17503966155473294,0.2158273381294964,Low
,26.33,1.15,62.1,5,Frozen,frozen foods,2022-05-20 05:00:00,32,5,4,0,0.9659258262890683,0.25881904510252074,0,2,0,1,0.566367001586462,0.19424460431654678,Low
,22.64,0.0,52.1,5,Bakery,bread and pastry,2022-05-20 06:00:00,53,6,4,0,1.0,6.123233995736766e-17,0,0,1,0,0.37123215230037016,0.34532374100719426,Medium
,22.95,0.77,56.9,9,General,mixed baskets,2022-05-20 07:00:00,32,7,4,0,0.9659258262890683,-0.25881904510252063,0,3,0,1,0.38762559492332094,0.19424460431654678,Low
,21.75,2.2,56.0,4,Produce,fresh fruit and veg,2022-05-20 08:00:00,49,8,4,0,0.8660254037844387,-0.4999999999999998,0,4,1,1,0.3241671073506081,0.31654676258992803,Medium
,27.15,0.0,49.7,8,Dairy,milk and yogurt aisle,2022-05-20 09:00:00,32,9,4,0,0.7071067811865476,-0.7071067811865475,0,1,1,0,0.6097303014278158,0.19424460431654678,Low
,22.79,2.35,54.3,6,Frozen,frozen foods,2022-05-20 10:00:00,89,10,4,0,0.49999999999999994,-0.8660254037844387,0,2,0,1,0.3791644632469592,0.60431654676259,Peak
,18.93,0.0,64.1,9,General,mixed baskets,2022-05-20 11:00:00,102,11,4,0,0.258819045102521,-0.9659258262890682,0,3,0,0,0.17503966155473294,0.697841726618705,Peak
,24.49,0.0,45.8,7,General,mixed baskets,2022-05-20 12:00:00,85,12,4,0,1.2246467991473532e-16,-1.0,0,3,0,0,0.46906398730830234,0.5755395683453237,Peak
,20.91,0.0,49.6,5,Bakery,bread and pastry,2022-05-20 13:00:00,92,13,4,0,-0.2588190451025208,-0.9659258262890683,0,0,1,0,0.27974616604970914,0.6258992805755396,Peak
,24.36,0.0,66.0,13,General,mixed baskets,2022-05-20 14:00:00,25,14,4,0,-0.4999999999999997,-0.8660254037844388,0,3,0,0,0.4621893178212585,0.14388489208633093,Low
,22.97,0.0,58.4,12,Produce,fresh fruit and veg,2022-05-20 15:00:00,28,15,4,0,-0.7071067811865471,-0.7071067811865479,0,4,1,0,0.3886832363828661,0.16546762589928057,Low
,26.41,0.0,69.2,6,Dairy,milk and yogurt aisle,2022-05-20 16:00:00,47,16,4,0,-0.8660254037844385,-0.5000000000000004,0,1,1,0,0.570597567424643,0.302158273381295,Medium
,24.46,0.0,67.8,9,Frozen,frozen foods,2022-05-20 17:00:00,81,17,4,0,-0.9659258262890683,-0.25881904510252063,0,2,0,0,0.46747752511898466,0.5467625899280576,Peak
,22.38,0.0,58.8,9,General,mixed baskets,2022-05-20 18:00:00,60,18,4,0,-1.0,-1.8369701987210297e-16,0,3,0,0,0.3574828133262823,0.39568345323741005,High
,26.79,0.0,64.2,11,General,mixed baskets,2022-05-20 19:00:00,59,19,4,0,-0.9659258262890684,0.2588190451025203,0,3,0,0,0.590692755156002,0.38848920863309355,High
,29.99,0.0,46.4,8,Produce,fresh fruit and veg,2022-05-20 20:00:00,104,20,4,0,-0.8660254037844386,0.5000000000000001,0,4,1,0,0.7599153886832362,0.7122302158273381,Peak
,22.01,0.0,57.3,11,Produce,fresh fruit and veg,2022-05-20 21:00:00,31,21,4,0,-0.7071067811865477,0.7071067811865474,0,4,1,0,0.337916446324696,0.18705035971223022,Low
,25.98,1.52,74.0,11,Bakery,bread and pastry,2022-05-20 22:00:00,28,22,4,0,-0.5000000000000004,0.8660254037844384,0,0,1,1,0.5478582760444209,0.16546762589928057,Low
,24.24,0.0,59.2,4,General,mixed baskets,2022-05-20 23:00:00,45,23,4,0,-0.25881904510252157,0.9659258262890681,0,3,0,0,0.4558434690639872,0.28776978417266186,Medium
,24.33,0.0,57.8,4,Bakery,bread and pastry,2022-05-21 00:00:00,49,0,5,1,0.0,1.0,0,0,1,0,0.46060285563194064,0.31654676258992803,Medium
,20.19,0.0,77.3,3,Produce,fresh fruit and veg,2022-05-21 01:00:00,54,1,5,1,0.25881904510252074,0.9659258262890683,0,4,1,0,0.2416710735060815,0.35251798561151076,Medium
,20.83,0.0,62.1,7,Produce,fresh fruit and veg,2022-05-21 02:00:00,69,2,5,1,0.49999999999999994,0.8660254037844387,0,4,1,0,0.2755156002115282,0.460431654676259,High
,26.71,0.2,44.6,7,Bakery,bread and pastry,2022-05-21 03:00:00,71,3,5,1,0.7071067811865476,0.7071067811865476,0,0,1,1,0.5864621893178212,0.4748201438848921,High
,23.6,0.2,65.4,3,General,mixed baskets,2022-05-21 04:00:00,56,4,5,1,0.8660254037844386,0.5000000000000001,0,3,0,1,0.42199894235854046,0.3669064748201439,High
,21.93,0.0,35.4,10,Produce,fresh fruit and veg,2022-05-21 05:00:00,75,5,5,1,0.9659258262890683,0.25881904510252074,0,4,1,0,0.33368588048651504,0.5035971223021583,High
,27.65,0.0,59.6,8,Produce,fresh fruit and veg,2022-05-21 06:00:00,57,6,5,1,1.0,6.123233995736766e-17,0,4,1,0,0.6361713379164462,0.37410071942446044,High
,26.24,0.0,58.7,8,General,mixed baskets,2022-05-21 07:00:00,56,7,5,1,0.9659258262890683,-0.25881904510252063,0,3,0,0,0.5616076150185085,0.3669064748201439,High
,25.05,0.0,51.9,5,Frozen,frozen foods,2022-05-21 08:00:00,58,8,5,1,0.8660254037844387,-0.4999999999999998,0,2,0,0,0.4986779481755685,0.381294964028777,High
,20.84,1.39,53.5,4,Frozen,frozen foods,2022-05-21 09:00:00,55,9,5,1,0.7071067811865476,-0.7071067811865475,0,2,0,1,0.2760444209413009,0.3597122302158273,Medium
,23.22,0.0,52.2,12,Frozen,frozen foods,2022-05-21 10:00:00,120,10,5,1,0.49999999999999994,-0.8660254037844387,0,2,0,0,0.4019037546271813,0.8273381294964028,Peak
,26.86,0.0,77.5,10,Bakery,bread and pastry,2022-05-21 11:00:00,117,11,5,1,0.258819045102521,-0.9659258262890682,0,0,1,0,0.5943945002644102,0.8057553956834532,Peak
,18.25,0.0,46.8,5,Dairy,milk and yogurt aisle,2022-05-21 12:00:00,104,12,5,1,1.2246467991473532e-16,-1.0,0,1,1,0,0.13907985193019567,0.7122302158273381,Peak
,19.34,1.35,53.2,6,General,mixed baskets,2022-05-21 13:00:00,116,13,5,1,-0.2588190451025208,-0.9659258262890683,0,3,0,1,0.19672131147540983,0.7985611510791367,Peak
,21.28,0.0,54.1,13,General,mixed baskets,2022-05-21 14:00:00,52,14,5,1,-0.4999999999999997,-0.8660254037844388,0,3,0,0,0.2993125330512956,0.3381294964028777,Medium
,25.64,0.0,52.4,13,General,mixed baskets,2022-05-21 15:00:00,52,15,5,1,-0.7071067811865471,-0.7071067811865479,0,3,0,0,0.5298783712321523,0.3381294964028777,Medium
,23.81,0.0,69.5,11,Produce,fresh fruit and veg,2022-05-21 16:00:00,57,16,5,1,-0.8660254037844385,-0.5000000000000004,0,4,1,0,0.4331041776837651,0.37410071942446044,High
,24.41,0.0,58.4,6,Produce,fresh fruit and veg,2022-05-21 17:00:00,106,17,5,1,-0.9659258262890683,-0.25881904510252063,0,4,1,0,0.4648334214701216,0.7266187050359713,Peak
,23.73,0.0,54.4,5,Dairy,milk and yogurt aisle,2022-05-21 18:00:00,97,18,5,1,-1.0,-1.8369701987210297e-16,0,1,1,0,0.4288736118455843,0.6618705035971223,Peak
,23.51,0.13,62.1,11,Dairy,milk and yogurt aisle,2022-05-21 19:00:00,109,19,5,1,-0.9659258262890684,0.2588190451025203,0,1,1,1,0.417239555790587,0.7482014388489209,Peak
,26.22,0.0,58.2,12,Dairy,milk and yogurt aisle,2022-05-21 20:00:00,112,20,5,1,-0.8660254037844386,0.5000000000000001,0,1,1,0,0.5605499735589634,0.7697841726618705,Peak
,32.14,0.0,54.3,6,Bakery,bread and pastry,2022-05-21 21:00:00,58,21,5,1,-0.7071067811865477,0.7071067811865474,0,0,1,0,0.8736118455843469,0.381294964028777,High
,24.41,0.0,53.3,8,Dairy,milk and yogurt aisle,2022-05-21 22:00:00,51,22,5,1,-0.5000000000000004,0.8660254037844384,0,1,1,0,0.4648334214701216,0.33093525179856115,Medium
,26.49,0.0,54.6,11,Frozen,frozen foods,2022-05-21 23:00:00,49,23,5,1,-0.25881904510252157,0.9659258262890681,0,2,0,0,0.5748281332628238,0.31654676258992803,Medium
,22.07,0.0,54.6,8,Frozen,frozen foods,2022-05-22 00:00:00,62,0,6,1,0.0,1.0,0,2,0,0,0.34108937070333156,0.41007194244604317,High
,27.1,0.0,52.4,10,Produce,fresh fruit and veg,2022-05-22 01:00:00,69,1,6,1,0.25881904510252074,0.9659258262890683,0,4,1,0,0.6070861977789529,0.460431654676259,High
,23.4,0.0,55.2,8,General,mixed baskets,2022-05-22 02:00:00,78,2,6,1,0.49999999999999994,0.8660254037844387,0,3,0,0,0.4114225277630882,0.5251798561151079,High
,23.61,0.67,68.0,11,Frozen,frozen foods,2022-05-22 03:00:00,43,3,6,1,0.7071067811865476,0.7071067811865476,0,2,0,1,0.42252776308831297,0.2733812949640288,Medium
,22.03,0.0,45.7,4,Bakery,bread and pastry,2022-05-22 04:00:00,70,4,6,1,0.8660254037844386,0.5000000000000001,0,0,1,0,0.33897408778424115,0.4676258992805755,High
,21.28,0.0,58.9,9,General,mixed baskets,2022-05-22 05:00:00,71,5,6,1,0.9659258262890683,0.25881904510252074,0,3,0,0,0.2993125330512956,0.4748201438848921,High
,21.82,0.0,61.7,5,General,mixed baskets,2022-05-22 06:00:00,88,6,6,1,1.0,6.123233995736766e-17,0,3,0,0,0.32786885245901637,0.5971223021582733,Peak
,20.76,0.0,55.0,9,Dairy,milk and yogurt aisle,2022-05-22 07:00:00,61,7,6,1,0.9659258262890683,-0.25881904510252063,0,1,1,0,0.2718138551031201,0.4028776978417266,High
,19.97,0.0,55.5,6,General,mixed baskets,2022-05-22 08:00:00,58,8,6,1,0.8660254037844387,-0.4999999999999998,0,3,0,0,0.230037017451084,0.381294964028777,High
,27.73,0.84,67.4,11,General,mixed baskets,2022-05-22 09:00:00,40,9,6,1,0.7071067811865476,-0.7071067811865475,0,3,0,1,0.6404019037546271,0.2517985611510791,Medium
,24.27,0.0,52.4,6,Produce,fresh fruit and veg,2022-05-22 10:00:00,104,10,6,1,0.49999999999999994,-0.8660254037844387,0,4,1,0,0.45742993125330506,0.7122302158273381,Peak
,25.61,4.21,73.2,9,Produce,fresh fruit and veg,2022-05-22 11:00:00,100,11,6,1,0.258819045102521,-0.9659258262890682,0,4,1,1,0.5282919090428344,0.6834532374100719,Peak
,24.42,0.0,60.1,5,Produce,fresh fruit and veg,2022-05-22 12:00:00,101,12,6,1,1.2246467991473532e-16,-1.0,0,4,1,0,0.46536224219989425,0.6906474820143885,Peak
,19.65,0.0,57.3,7,General,mixed baskets,2022-05-22 13:00:00,103,13,6,1,-0.2588190451025208,-0.9659258262890683,0,3,0,0,0.2131147540983606,0.7050359712230215,Peak
,23.25,0.0,57.5,8,Frozen,frozen foods,2022-05-22 14:00:00,40,14,6,1,-0.4999999999999997,-0.8660254037844388,0,2,0,0,0.40349021681649916,0.2517985611510791,Medium
,20.97,0.0,62.4,5,General,mixed baskets,2022-05-22 15:00:00,58,15,6,1,-0.7071067811865471,-0.7071067811865479,0,3,0,0,0.28291909042834473,0.381294964028777,High
,21.18,0.0,67.5,7,Dairy,milk and yogurt aisle,2022-05-22 16:00:00,63,16,6,1,-0.8660254037844385,-0.5000000000000004,0,1,1,0,0.2940243257535695,0.4172661870503597,High
,22.89,0.0,47.2,13,Produce,fresh fruit and veg,2022-05-22 17:00:00,103,17,6,1,-0.9659258262890683,-0.25881904510252063,0,4,1,0,0.38445267054468535,0.7050359712230215,Peak
,23.58,4.27,76.9,9,Bakery,bread and pastry,2022-05-22 18:00:00,92,18,6,1,-1.0,-1.8369701987210297e-16,0,0,1,1,0.4209413008989951,0.6258992805755396,Peak
,23.4,0.73,52.5,11,Frozen,frozen foods,2022-05-22 19:00:00,106,19,6,1,-0.9659258262890684,0.2588190451025203,0,2,0,1,0.4114225277630882,0.7266187050359713,Peak
,23.48,0.0,48.7,6,General,mixed baskets,2022-05-22 20:00:00,106,20,6,1,-0.8660254037844386,0.5000000000000001,0,3,0,0,0.4156530936012692,0.7266187050359713,Peak
,22.45,0.16,57.7,11,Produce,fresh fruit and veg,2022-05-22 21:00:00,40,21,6,1,-0.7071067811865477,0.7071067811865474,0,4,1,1,0.36118455843469055,0.2517985611510791,Medium
,23.25,3.22,66.9,7,Produce,fresh fruit and veg,2022-05-22 22:00:00,55,22,6,1,-0.5000000000000004,0.8660254037844384,0,4,1,1,0.40349021681649916,0.3597122302158273,Medium
,26.27,0.0,41.8,8,Bakery,bread and pastry,2022-05-22 23:00:00,44,23,6,1,-0.25881904510252157,0.9659258262890681,0,0,1,0,0.5631940772078264,0.2805755395683453,Medium
,28.49,0.0,68.8,4,Frozen,frozen foods,2022-05-23 00:00:00,27,0,0,0,0.0,1.0,0,2,0,0,0.6805922792173451,0.15827338129496402,Low
,25.84,1.37,56.3,7,Dairy,milk and yogurt aisle,2022-05-23 01:00:00,41,1,0,0,0.25881904510252074,0.9659258262890683,0,1,1,1,0.5404547858276044,0.2589928057553957,Medium
,22.51,0.0,61.2,10,Dairy,milk and yogurt aisle,2022-05-23 02:00:00,37,2,0,0,0.49999999999999994,0.8660254037844387,0,1,1,0,0.36435748281332636,0.2302158273381295,Low
,24.04,0.0,58.9,4,Produce,fresh fruit and veg,2022-05-23 03:00:00,56,3,0,0,0.7071067811865476,0.7071067811865476,0,4,1,0,0.4452670544685351,0.3669064748201439,High
,25.45,2.77,68.9,7,Produce,fresh fruit and veg,2022-05-23 04:00:00,63,4,0,0,0.8660254037844386,0.5000000000000001,0,4,1,1,0.5198307773664727,0.4172661870503597,High
,25.56,0.0,56.4,6,Bakery,bread and pastry,2022-05-23 05:00:00,44,5,0,0,0.9659258262890683,0.25881904510252074,0,0,1,0,0.5256478053939713,0.2805755395683453,Medium
,26.1,0.0,58.2,10,Produce,fresh fruit and veg,2022-05-23 06:00:00,36,6,0,0,1.0,6.123233995736766e-17,0,4,1,0,0.5542041248016922,0.22302158273381295,Low
,26.15,0.0,56.4,7,General,mixed baskets,2022-05-23 07:00:00,37,7,0,0,0.9659258262890683,-0.25881904510252063,0,3,0,0,0.5568482284505551,0.2302158273381295,Low
