promo,temp_c,rain_mm,humidity,staff_count,department,dept_note,date_time,checkouts
,24.68,0.0,50.8,8,Bakery,bread and pastry,2022-03-01 00:00:00,60
,26.14,0.0,70.8,5,Produce,fresh fruit and veg,2022-03-01 01:00:00,34
,22.88,0.0,57.9,8,Produce,fresh fruit and veg,2022-03-01 02:00:00,40
,26.17,0.0,49.1,9,General,mixed baskets,2022-03-01 03:00:00,44
,24.11,0.0,61.6,9,Produce,fresh fruit and veg,2022-03-01 04:00:00,30
,27.36,0.0,63.5,10,Produce,fresh fruit and veg,2022-03-01 05:00:00,40
,28.12,1.97,56.5,11,General,mixed baskets,2022-03-01 06:00:00,39
,29.06,0.0,56.3,8,General,mixed baskets,2022-03-01 07:00:00,18
,24.33,0.0,74.3,11,General,mixed baskets,2022-03-01 08:00:00,52
,21.35,0.0,55.3,6,Bakery,bread and pastry,2022-03-01 09:00:00,47
,20.51,0.0,57.7,10,General,mixed baskets,2022-03-01 10:00:00,87
,23.99,0.0,79.1,6,General,mixed baskets,2022-03-01 11:00:00,92
,-999.0,0.0,54.9,7,Bakery,bread and pastry,2022-03-01 12:00:00,101
,20.61,0.0,45.9,8,Frozen,frozen foods,2022-03-01 13:00:00,91
,23.85,4.42,60.9,11,Frozen,frozen foods,2022-03-01 14:00:00,37
,22.27,0.0,56.1,8,Bakery,bread and pastry,2022-03-01 15:00:00,22
,26.46,0.0,61.0,7,Frozen,frozen foods,2022-03-01 16:00:00,46
,29.58,0.0,48.2,8,General,mixed baskets,2022-03-01 17:00:00,76
,24.17,0.0,39.2,8,Dairy,milk and yogurt aisle,2022-03-01 18:00:00,78
,25.52,0.0,59.4,9,Bakery,bread and pastry,2022-03-01 19:00:00,56
,20.8,0.0,53.3,13,General,mixed baskets,2022-03-01 20:00:00,94
,25.19,0.0,51.1,9,Dairy,milk and yogurt aisle,2022-03-01 21:00:00,41
,22.99,0.0,48.1,7,Dairy,milk and yogurt aisle,2022-03-01 22:00:00,35
,22.0,0.0,63.6,7,Produce,fresh fruit and veg,2022-03-01 23:00:00,64
,20.16,0.0,53.7,6,General,mixed baskets,2022-03-02 00:00:00,39
,28.82,0.0,44.8,9,Produce,fresh fruit and veg,2022-03-02 01:00:00,22
,20.78,0.0,47.2,5,Produce,fresh fruit and veg,2022-03-02 02:00:00,35
,21.8,0.0,51.4,3,Produce,fresh fruit and veg,2022-03-02 03:00:00,12
,24.84,0.0,43.7,8,Produce,fresh fruit and veg,2022-03-02 04:00:00,52
,25.54,0.0,50.9,9,Dairy,milk and yogurt aisle,2022-03-02 05:00:00,35
,25.55,0.0,63.8,7,General,mixed baskets,2022-03-02 06:00:00,31
,25.1,0.21,62.1,6,Dairy,milk and yogurt aisle,2022-03-02 07:00:00,52
,22.59,0.0,62.7,10,General,mixed baskets,2022-03-02 08:00:00,20
,26.75,0.0,62.5,3,General,mixed baskets,2022-03-02 09:00:00,46
,25.31,0.0,56.1,10,General,mixed baskets,2022-03-02 10:00:00,70
,21.2,4.89,72.5,7,General,mixed baskets,2022-03-02 11:00:00,87
,28.84,10.02,71.6,7,General,mixed baskets,2022-03-02 12:00:00,80
,23.98,0.0,60.8,13,General,mixed baskets,2022-03-02 13:00:00,112
,27.21,0.0,59.8,12,Produce,fresh fruit and veg,2022-03-02 14:00:00,61
,21.2,0.0,56.8,7,Dairy,milk and yogurt aisle,2022-03-02 15:00:00,36
,-999.0,0.0,56.7,13,General,mixed baskets,2022-03-02 16:00:00,50
,23.41,0.0,46.6,6,Dairy,milk and yogurt aisle,2022-03-02 17:00:00,72
,23.11,0.0,51.3,7,General,mixed baskets,2022-03-02 18:00:00,81
,27.37,0.0,42.8,10,General,mixed baskets,2022-03-02 19:00:00,65
,20.78,8.89,77.9,8,Produce,fresh fruit and veg,2022-03-02 20:00:00,54
,25.26,4.76,67.3,4,General,mixed baskets,2022-03-02 21:00:00,18
,22.31,0.0,49.9,11,Produce,fresh fruit and veg,2022-03-02 22:00:00,44
,26.14,0.21,64.6,6,Dairy,milk and yogurt aisle,2022-03-02 23:00:00,66
,25.43,0.0,48.5,3,Dairy,milk and yogurt aisle,2022-03-03 00:00:00,43
,23.54,0.0,57.5,9,General,mixed baskets,2022-03-03 01:00:00,33
,30.47,0.0,56.5,7,Produce,fresh fruit and veg,2022-03-03 02:00:00,62
,24.8,0.0,53.6,3,Frozen,frozen foods,2022-03-03 03:00:00,42
,27.66,0.0,59.3,6,General,mixed baskets,2022-03-03 04:00:00,41
,21.6,0.0,58.0,4,Dairy,milk and yogurt aisle,2022-03-03 05:00:00,43
,24.61,0.0,52.0,10,General,mixed baskets,2022-03-03 06:00:00,38
,25.14,0.0,65.1,10,General,mixed baskets,2022-03-03 07:00:00,36
,25.27,0.0,53.9,4,Dairy,milk and yogurt aisle,2022-03-03 08:00:00,22
,24.06,0.0,59.8,4,Dairy,milk and yogurt aisle,2022-03-03 09:00:00,46
,22.85,0.0,47.0,13,Produce,fresh fruit and veg,2022-03-03 10:00:00,93
,17.19,0.0,47.9,12,Dairy,milk and yogurt aisle,2022-03-03 11:00:00,109
,23.51,0.0,56.3,10,Bakery,bread and pastry,2022-03-03 12:00:00,90
,22.63,0.0,72.9,12,General,mixed baskets,2022-03-03 13:00:00,72
,24.29,0.0,45.2,12,General,mixed baskets,2022-03-03 14:00:00,38
,27.08,0.0,45.8,12,Produce,fresh fruit and veg,2022-03-03 15:00:00,60
,30.48,0.0,49.1,12,General,mixed baskets,2022-03-03 16:00:00,35
,26.26,0.0,51.6,9,Frozen,frozen foods,2022-03-03 17:00:00,64
,27.48,0.0,55.5,9,Frozen,frozen foods,2022-03-03 18:00:00,60
,26.51,0.0,63.0,6,General,mixed baskets,2022-03-03 19:00:00,62
,26.76,0.0,53.7,12,Bakery,bread and pastry,2022-03-03 20:00:00,71
,26.42,3.11,68.9,10,Produce,fresh fruit and veg,2022-03-03 21:00:00,25
,24.29,0.0,55.2,5,Dairy,milk and yogurt aisle,2022-03-03 22:00:00,57
,24.14,0.0,50.6,6,General,mixed baskets,2022-03-03 23:00:00,36
,25.84,0.0,51.3,6,Frozen,frozen foods,2022-03-04 00:00:00,41
,29.52,0.0,58.8,10,Dairy,milk and yogurt aisle,2022-03-04 01:00:00,57
,26.98,0.0,56.5,7,Dairy,milk and yogurt aisle,2022-03-04 02:00:00,58
,29.05,0.0,65.3,4,Produce,fresh fruit and veg,2022-03-04 03:00:00,37
,21.79,2.18,63.1,3,General,mixed baskets,2022-03-04 04:00:00,43
,25.7,0.0,54.2,6,General,mixed baskets,2022-03-04 05:00:00,48
,26.03,0.0,46.3,9,Dairy,milk and yogurt aisle,2022-03-04 06:00:00,37
,26.34,0.0,49.2,10,Produce,fresh fruit and veg,2022-03-04 07:00:00,18
,21.6,0.97,60.9,10,General,mixed baskets,2022-03-04 08:00:00,47
,20.43,0.0,57.5,7,Dairy,milk and yogurt aisle,2022-03-04 09:00:00,50
,19.73,0.0,67.9,11,Frozen,frozen foods,2022-03-04 10:00:00,99
,24.04,0.0,50.3,12,Produce,fresh fruit and veg,2022-03-04 11:00:00,83
,30.91,0.0,60.1,10,Dairy,milk and yogurt aisle,2022-03-04 12:00:00,92
,25.59,0.0,54.6,9,Produce,fresh fruit and veg,2022-03-04 13:00:00,87
,22.02,0.0,39.2,5,Produce,fresh fruit and veg,2022-03-04 14:00:00,36
,25.9,0.0,46.2,5,General,mixed baskets,2022-03-04 15:00:00,55
,24.3,3.98,69.1,9,Produce,fresh fruit and veg,2022-03-04 16:00:00,58
,25.48,0.0,52.4,7,Produce,fresh fruit and veg,2022-03-04 17:00:00,83
,23.92,800.0,50.0,8,General,mixed baskets,2022-03-04 18:00:00,81
,21.82,650.0,63.7,7,Produce,fresh fruit and veg,2022-03-04 19:00:00,83
,23.73,0.0,53.5,11,Dairy,milk and yogurt aisle,2022-03-04 20:00:00,74
,26.84,0.0,57.4,6,Dairy,milk and yogurt aisle,2022-03-04 21:00:00,39
,25.82,0.0,61.1,3,General,mixed baskets,2022-03-04 22:00:00,31
,28.12,0.0,51.7,9,General,mixed baskets,2022-03-04 23:00:00,39
,22.45,0.0,60.2,8,General,mixed baskets,2022-03-05 00:00:00,87
,27.76,0.0,47.5,9,General,mixed baskets,2022-03-05 01:00:00,70
,25.29,0.0,45.3,7,General,mixed baskets,2022-03-05 02:00:00,55
,25.63,0.0,63.8,5,General,mixed baskets,2022-03-05 03:00:00,54
,28.27,0.0,65.3,6,Dairy,milk and yogurt aisle,2022-03-05 04:00:00,49
,24.83,0.0,60.8,9,Produce,fresh fruit and veg,2022-03-05 05:00:00,64
,25.8,0.0,49.4,4,Dairy,milk and yogurt aisle,2022-03-05 06:00:00,64
,26.77,0.0,52.6,10,Produce,fresh fruit and veg,2022-03-05 07:00:00,42
,26.79,0.0,48.0,9,Dairy,milk and yogurt aisle,2022-03-05 08:00:00,65
,27.21,0.0,48.0,9,Bakery,bread and pastry,2022-03-05 09:00:00,53
,28.41,0.0,56.2,11,Dairy,milk and yogurt aisle,2022-03-05 10:00:00,132
,26.51,0.0,51.5,5,Frozen,frozen foods,2022-03-05 11:00:00,116
,24.09,0.0,64.1,11,Bakery,bread and pastry,2022-03-05 12:00:00,135
,31.32,0.0,43.1,6,Frozen,frozen foods,2022-03-05 13:00:00,109
,25.12,0.0,51.1,7,Dairy,milk and yogurt aisle,2022-03-05 14:00:00,56
,26.15,0.0,45.7,12,General,mixed baskets,2022-03-05 15:00:00,63
,23.34,0.15,45.5,9,Bakery,bread and pastry,2022-03-05 16:00:00,72
,19.76,0.0,69.6,11,Produce,fresh fruit and veg,2022-03-05 17:00:00,101
,23.27,0.0,67.3,8,Produce,fresh fruit and veg,2022-03-05 18:00:00,80
,25.38,0.0,58.3,8,Bakery,bread and pastry,2022-03-05 19:00:00,97
,26.55,0.0,59.2,10,General,mixed baskets,2022-03-05 20:00:00,95
,25.29,3.18,69.3,11,Frozen,frozen foods,2022-03-05 21:00:00,54
,27.21,0.0,55.4,9,Bakery,bread and pastry,2022-03-05 22:00:00,52
,27.7,0.0,30.9,5,General,mixed baskets,2022-03-05 23:00:00,80
,27.76,0.0,37.6,9,Dairy,milk and yogurt aisle,2022-03-06 00:00:00,55
,25.3,0.0,59.4,8,Bakery,bread and pastry,2022-03-06 01:00:00,49
,25.5,0.0,35.1,11,Dairy,milk and yogurt aisle,2022-03-06 02:00:00,67
,24.75,0.0,65.9,5,General,mixed baskets,2022-03-06 03:00:00,61
,23.11,0.0,61.3,3,Frozen,frozen foods,2022-03-06 04:00:00,59
,28.86,2.57,65.1,4,Bakery,bread and pastry,2022-03-06 05:00:00,69
,22.19,0.0,57.8,8,Dairy,milk and yogurt aisle,2022-03-06 06:00:00,65
,25.12,0.0,60.4,9,General,mixed baskets,2022-03-06 07:00:00,64
,25.86,0.0,50.3,8,General,mixed baskets,2022-03-06 08:00:00,71
,19.95,0.0,69.2,8,General,mixed baskets,2022-03-06 09:00:00,63
,27.15,0.0,52.9,11,Dairy,milk and yogurt aisle,2022-03-06 10:00:00,107
,24.42,0.0,47.8,9,Produce,fresh fruit and veg,2022-03-06 11:00:00,110
,25.86,5.94,87.1,8,Produce,fresh fruit and veg,2022-03-06 12:00:00,108
,24.47,0.0,56.0,9,Dairy,milk and yogurt aisle,2022-03-06 13:00:00,117
,21.46,0.0,57.5,6,General,mixed baskets,2022-03-06 14:00:00,47
,25.79,1.29,68.1,5,General,mixed baskets,2022-03-06 15:00:00,38
,25.56,0.0,72.0,6,General,mixed baskets,2022-03-06 16:00:00,61
,27.79,0.0,54.6,9,Produce,fresh fruit and veg,2022-03-06 17:00:00,78
,26.49,0.0,55.7,6,Dairy,milk and yogurt aisle,2022-03-06 18:00:00,71
,21.09,0.0,44.1,5,Produce,fresh fruit and veg,2022-03-06 19:00:00,99
,28.05,0.0,55.1,5,General,mixed baskets,2022-03-06 20:00:00,86
,27.29,0.0,68.0,7,General,mixed baskets,2022-03-06 21:00:00,65
,27.22,0.0,48.9,11,Frozen,frozen foods,2022-03-06 22:00:00,53
,26.52,0.0,47.8,3,General,mixed baskets,2022-03-06 23:00:00,46
,23.6,0.0,41.7,3,Produce,fresh fruit and veg,2022-03-07 00:00:00,25
,26.7,0.0,44.9,8,Produce,fresh fruit and veg,2022-03-07 01:00:00,33
,24.45,0.0,44.6,4,General,mixed baskets,2022-03-07 02:00:00,36
,32.57,0.0,55.0,8,Produce,fresh fruit and veg,2022-03-07 03:00:00,30
,24.77,0.0,57.1,4,Dairy,milk and yogurt aisle,2022-03-07 04:00:00,36
,22.59,0.0,39.1,9,Bakery,bread and pastry,2022-03-07 05:00:00,21
,24.51,0.0,58.3,8,produce,mixed baskets,2022-03-07 06:00:00,40
,28.96,0.0,65.1,6,DAIRY,mixed baskets,2022-03-07 07:00:00,18
,23.94,0.0,61.6,5,bakery,milk and yogurt aisle,2022-03-07 08:00:00,37
,19.25,0.0,49.0,3,General,mixed baskets,2022-03-07 09:00:00,48
,29.04,0.0,61.4,9,Bakery,bread and pastry,2022-03-07 10:00:00,108
,26.18,0.0,50.9,13,Bakery,bread and pastry,2022-03-07 11:00:00,115
,24.12,0.0,46.2,12,Dairy,milk and yogurt aisle,2022-03-07 12:00:00,76
,27.15,0.0,43.9,13,Dairy,milk and yogurt aisle,2022-03-07 13:00:00,104
,23.06,0.0,43.3,10,Bakery,bread and pastry,2022-03-07 14:00:00,54
,22.43,0.0,52.3,10,Produce,fresh fruit and veg,2022-03-07 15:00:00,51
,27.75,0.0,59.6,8,Frozen,frozen foods,2022-03-07 16:00:00,28
,24.08,0.0,40.8,9,Bakery,bread and pastry,2022-03-07 17:00:00,79
,26.69,0.0,39.1,9,General,mixed baskets,2022-03-07 18:00:00,97
,25.4,0.0,64.1,5,General,mixed baskets,2022-03-07 19:00:00,57
,27.45,0.06,47.6,12,General,mixed baskets,2022-03-07 20:00:00,80
,25.64,0.0,72.3,5,Frozen,frozen foods,2022-03-07 21:00:00,53
,20.24,0.0,58.0,6,General,mixed baskets,2022-03-07 22:00:00,31
,27.07,0.0,43.7,11,Produce,fresh fruit and veg,2022-03-07 23:00:00,46
Women Day Sale,24.23,0.0,62.2,6,Produce,fresh fruit and veg,2022-03-08 00:00:00,27
Women Day Sale,27.63,0.0,62.9,5,General,mixed baskets,2022-03-08 01:00:00,30
Women Day Sale,25.7,0.56,43.2,11,Frozen,frozen foods,2022-03-08 02:00:00,30
Women Day Sale,28.98,0.0,52.9,6,Dairy,milk and yogurt aisle,2022-03-08 03:00:00,42
Women Day Sale,24.63,1.08,68.9,6,General,mixed baskets,2022-03-08 04:00:00,38
Women Day Sale,20.28,0.0,42.9,4,Dairy,milk and yogurt aisle,2022-03-08 05:00:00,51
Women Day Sale,24.62,0.0,58.3,7,General,mixed baskets,2022-03-08 06:00:00,28
Women Day Sale,26.71,0.0,57.5,8,Frozen,frozen foods,2022-03-08 07:00:00,38
Women Day Sale,24.56,0.0,70.2,8,Produce,fresh fruit and veg,2022-03-08 08:00:00,51
Women Day Sale,24.25,0.0,65.2,6,General,mixed baskets,2022-03-08 09:00:00,46
Women Day Sale,29.1,0.0,51.8,13,General,mixed baskets,2022-03-08 10:00:00,79
Women Day Sale,25.04,0.0,43.6,7,Dairy,milk and yogurt aisle,2022-03-08 11:00:00,102
Women Day Sale,28.05,0.0,52.1,12,Produce,fresh fruit and veg,2022-03-08 12:00:00,89
Women Day Sale,25.79,0.35,56.7,7,Bakery,bread and pastry,2022-03-08 13:00:00,99
Women Day Sale,21.8,0.0,54.7,11,Dairy,milk and yogurt aisle,2022-03-08 14:00:00,43
Women Day Sale,23.06,0.0,51.4,8,Frozen,frozen foods,2022-03-08 15:00:00,54
Women Day Sale,24.63,1.0,50.4,11,Produce,fresh fruit and veg,2022-03-08 16:00:00,41
Women Day Sale,26.18,0.0,64.9,11,Produce,fresh fruit and veg,2022-03-08 17:00:00,52
Women Day Sale,23.39,0.0,51.9,11,Produce,fresh fruit and veg,2022-03-08 18:00:00,58
Women Day Sale,21.88,0.0,49.0,13,Dairy,milk and yogurt aisle,2022-03-08 19:00:00,83
Women Day Sale,22.88,0.0,56.5,5,Frozen,frozen foods,2022-03-08 20:00:00,71
Women Day Sale,24.11,0.0,56.0,9,General,mixed baskets,2022-03-08 21:00:00,53
Women Day Sale,23.2,0.0,54.7,4,Produce,fresh fruit and veg,2022-03-08 22:00:00,43
Women Day Sale,23.95,0.0,64.3,5,General,mixed baskets,2022-03-08 23:00:00,31
,30.12,0.63,48.8,6,Produce,fresh fruit and veg,2022-03-09 00:00:00,52
,26.17,0.0,57.0,8,General,mixed baskets,2022-03-09 01:00:00,30
,23.42,0.0,62.9,4,Produce,fresh fruit and veg,2022-03-09 02:00:00,15
,25.44,0.0,51.3,4,Produce,fresh fruit and veg,2022-03-09 03:00:00,64
,29.41,0.0,56.1,11,Produce,fresh fruit and veg,2022-03-09 04:00:00,17
,27.08,0.0,60.1,11,Frozen,frozen foods,2022-03-09 05:00:00,47
,25.21,0.0,59.1,11,Dairy,milk and yogurt aisle,2022-03-09 06:00:00,51
,22.07,0.0,55.1,3,Dairy,milk and yogurt aisle,2022-03-09 07:00:00,41
,21.21,0.0,45.2,8,General,mixed baskets,2022-03-09 08:00:00,19
,24.61,0.0,47.9,8,Bakery,bread and pastry,2022-03-09 09:00:00,52
,25.19,0.54,56.7,9,Dairy,milk and yogurt aisle,2022-03-09 10:00:00,77
,21.4,0.0,52.6,12,Frozen,frozen foods,2022-03-09 11:00:00,78
,22.11,1.97,58.5,13,General,mixed baskets,2022-03-09 12:00:00,90
,25.35,0.0,50.8,6,Produce,fresh fruit and veg,2022-03-09 13:00:00,104
,19.91,0.0,41.3,12,General,mixed baskets,2022-03-09 14:00:00,43
,21.15,0.0,59.8,7,Bakery,bread and pastry,2022-03-09 15:00:00,49
,25.33,0.0,46.7,9,Bakery,bread and pastry,2022-03-09 16:00:00,34
,26.86,0.0,67.4,9,General,mixed baskets,2022-03-09 17:00:00,72
,26.25,0.0,76.9,13,Bakery,bread and pastry,2022-03-09 18:00:00,61
,27.95,0.0,61.2,12,Dairy,milk and yogurt aisle,2022-03-09 19:00:00,71
,29.4,0.0,58.7,9,Produce,fresh fruit and veg,2022-03-09 20:00:00,82
,27.7,0.0,50.0,11,General,mixed baskets,2022-03-09 21:00:00,36
,24.79,0.0,47.3,5,Dairy,milk and yogurt aisle,2022-03-09 22:00:00,45
,30.79,0.0,51.8,11,Frozen,frozen foods,2022-03-09 23:00:00,33
,29.72,0.0,63.0,4,Dairy,milk and yogurt aisle,2022-03-10 00:00:00,32
,27.87,0.51,56.8,4,Dairy,milk and yogurt aisle,2022-03-10 01:00:00,40
,23.49,0.0,42.2,9,Produce,fresh fruit and veg,2022-03-10 02:00:00,37
,26.52,0.0,61.3,10,Dairy,milk and yogurt aisle,2022-03-10 03:00:00,47
,20.29,0.0,51.1,10,Frozen,frozen foods,2022-03-10 04:00:00,42
,24.69,0.0,61.5,7,General,mixed baskets,2022-03-10 05:00:00,60
,19.3,0.0,55.1,8,Bakery,bread and pastry,2022-03-10 06:00:00,37
,24.48,2.53,56.4,4,General,mixed baskets,2022-03-10 07:00:00,37
,28.09,0.0,51.4,11,Dairy,milk and yogurt aisle,2022-03-10 08:00:00,27
,25.58,0.0,60.8,4,General,mixed baskets,2022-03-10 09:00:00,40
,29.57,0.0,50.5,8,Dairy,milk and yogurt aisle,2022-03-10 10:00:00,103
,25.53,0.0,65.5,13,Dairy,milk and yogurt aisle,2022-03-10 11:00:00,86
,25.79,0.0,48.8,7,Frozen,frozen foods,2022-03-10 12:00:00,94
,24.78,0.0,66.3,8,Frozen,frozen foods,2022-03-10 13:00:00,103
,26.87,0.0,44.6,12,General,mixed baskets,2022-03-10 14:00:00,38
,25.46,0.0,46.5,8,Bakery,bread and pastry,2022-03-10 15:00:00,33
,28.55,0.0,59.7,8,Produce,fresh fruit and veg,2022-03-10 16:00:00,51
,29.58,1.08,70.0,5,Frozen,frozen foods,2022-03-10 17:00:00,76
,26.48,0.0,52.7,13,Dairy,milk and yogurt aisle,2022-03-10 18:00:00,79
,22.74,0.0,61.2,7,Bakery,bread and pastry,2022-03-10 19:00:00,89
,26.95,0.0,47.7,9,Bakery,bread and pastry,2022-03-10 20:00:00,88
,28.95,2.33,54.1,7,General,mixed baskets,2022-03-10 21:00:00,35
,27.19,0.0,55.2,10,Produce,fresh fruit and veg,2022-03-10 22:00:00,33
,26.29,0.0,71.8,11,Bakery,bread and pastry,2022-03-10 23:00:00,43
,27.96,0.0,52.9,7,Dairy,milk and yogurt aisle,2022-03-11 00:00:00,38
,28.91,0.0,42.4,4,General,mixed baskets,2022-03-11 01:00:00,17
,19.08,1.54,40.2,7,General,mixed baskets,2022-03-11 02:00:00,55
,29.41,0.0,54.3,3,Frozen,frozen foods,2022-03-11 03:00:00,40
,27.55,0.0,59.7,9,Bakery,bread and pastry,2022-03-11 04:00:00,48
,26.82,0.0,52.0,6,General,mixed baskets,2022-03-11 05:00:00,25
,24.23,0.0,56.2,8,General,mixed baskets,2022-03-11 06:00:00,55
,26.18,0.0,48.7,4,General,mixed baskets,2022-03-11 07:00:00,32
,27.14,0.0,64.7,10,Produce,fresh fruit and veg,2022-03-11 08:00:00,38
,21.9,0.0,58.7,4,Produce,fresh fruit and veg,2022-03-11 09:00:00,23
,27.49,1.31,47.8,10,Frozen,frozen foods,2022-03-11 10:00:00,92
,25.8,0.0,49.9,9,Bakery,bread and pastry,2022-03-11 11:00:00,92
,29.29,0.0,64.3,13,Bakery,bread and pastry,2022-03-11 12:00:00,92
,27.31,0.0,54.5,11,General,mixed baskets,2022-03-11 13:00:00,100
,25.18,0.0,36.1,5,Produce,fresh fruit and veg,2022-03-11 14:00:00,40
,25.76,0.0,51.6,5,Produce,fresh fruit and veg,2022-03-11 15:00:00,51
,27.23,0.0,50.7,5,General,mixed baskets,2022-03-11 16:00:00,34
,25.99,0.0,33.3,8,General,mixed baskets,2022-03-11 17:00:00,63
,26.99,0.0,58.2,11,Frozen,frozen foods,2022-03-11 18:00:00,74
,23.84,0.0,65.5,9,Produce,fresh fruit and veg,2022-03-11 19:00:00,82
,22.5,0.78,52.6,11,Produce,fresh fruit and veg,2022-03-11 20:00:00,89
,24.19,0.0,47.5,10,General,mixed baskets,2022-03-11 21:00:00,49
,22.05,0.0,52.7,8,General,mixed baskets,2022-03-11 22:00:00,18
,23.68,0.0,50.7,3,Produce,fresh fruit and veg,2022-03-11 23:00:00,44
,26.56,0.0,53.8,3,Produce,fresh fruit and veg,2022-03-12 00:00:00,77
,21.59,0.0,58.5,3,Dairy,milk and yogurt aisle,2022-03-12 01:00:00,60
,22.59,0.0,41.9,4,Frozen,frozen foods,2022-03-12 02:00:00,53
,27.51,0.0,51.7,3,General,mixed baskets,2022-03-12 03:00:00,63
,24.34,0.0,69.3,5,Dairy,milk and yogurt aisle,2022-03-12 04:00:00,53
,25.64,0.0,53.3,4,General,mixed baskets,2022-03-12 05:00:00,67
,22.58,0.0,55.2,6,Frozen,frozen foods,2022-03-12 06:00:00,59
,23.06,0.0,57.0,7,Produce,fresh fruit and veg,2022-03-12 07:00:00,76
,24.91,0.0,47.8,8,Bakery,bread and pastry,2022-03-12 08:00:00,65
,29.75,0.0,43.3,8,Bakery,bread and pastry,2022-03-12 09:00:00,51
,26.78,0.0,72.3,5,Produce,fresh fruit and veg,2022-03-12 10:00:00,122
,21.48,0.0,54.5,8,Produce,fresh fruit and veg,2022-03-12 11:00:00,126
,26.79,0.0,46.3,9,General,mixed baskets,2022-03-12 12:00:00,108
,27.98,0.0,61.2,8,Produce,fresh fruit and veg,2022-03-12 13:00:00,109
,27.4,5.76,68.3,12,Dairy,milk and yogurt aisle,2022-03-12 14:00:00,32
,22.61,1.79,52.3,11,Dairy,milk and yogurt aisle,2022-03-12 15:00:00,70
,25.5,0.0,50.2,11,General,mixed baskets,2022-03-12 16:00:00,52
,30.98,0.0,43.5,12,Produce,fresh fruit and veg,2022-03-12 17:00:00,69
,23.33,0.0,46.2,5,Produce,fresh fruit and veg,2022-03-12 18:00:00,73
,26.5,0.0,61.3,7,Dairy,milk and yogurt aisle,2022-03-12 19:00:00,92
,23.79,0.0,55.1,5,Dairy,milk and yogurt aisle,2022-03-12 20:00:00,104
,22.49,0.71,54.2,9,Bakery,bread and pastry,2022-03-12 21:00:00,58
,24.59,0.0,64.5,8,Frozen,frozen foods,2022-03-12 22:00:00,65
,28.25,0.0,59.8,6,General,mixed baskets,2022-03-12 23:00:00,46
,28.61,0.0,51.0,10,Dairy,milk and yogurt aisle,2022-03-13 00:00:00,43
,23.51,0.11,42.9,7,Frozen,frozen foods,2022-03-13 01:00:00,70
,24.53,0.0,50.0,11,Bakery,bread and pastry,2022-03-13 02:00:00,65
,23.49,1.62,69.2,6,Produce,fresh fruit and veg,2022-03-13 03:00:00,59
,20.52,0.43,48.1,9,General,mixed baskets,2022-03-13 04:00:00,75
,27.23,0.0,71.3,6,Frozen,frozen foods,2022-03-13 05:00:00,48
,29.61,0.0,52.5,8,Bakery,bread and pastry,2022-03-13 06:00:00,54
,29.47,0.0,43.5,11,Bakery,bread and pastry,2022-03-13 07:00:00,72
,24.55,0.0,50.6,10,Bakery,bread and pastry,2022-03-13 08:00:00,82
,29.04,0.0,65.6,6,Frozen,frozen foods,2022-03-13 09:00:00,60
,28.45,0.0,49.3,8,Dairy,milk and yogurt aisle,2022-03-13 10:00:00,135
,24.88,0.35,58.8,13,Frozen,frozen foods,2022-03-13 11:00:00,107
,25.71,0.0,60.1,6,General,mixed baskets,bad-date,118
,24.81,0.0,49.8,13,Dairy,milk and yogurt aisle,2022-03-13 13:00:00,112
,26.33,1.83,68.1,8,Dairy,milk and yogurt aisle,2022-03-13 14:00:00,40
,30.27,4.84,80.0,9,Frozen,frozen foods,2022-03-13 15:00:00,63
,23.42,0.0,60.5,5,General,mixed baskets,2022-03-13 16:00:00,71
,22.75,0.0,40.3,12,Dairy,milk and yogurt aisle,2022-03-13 17:00:00,93
,27.92,0.0,56.7,10,General,mixed baskets,2022-03-13 18:00:00,94
,25.89,0.0,60.1,10,Frozen,frozen foods,2022-03-13 19:00:00,111
,21.01,0.0,61.4,10,Dairy,milk and yogurt aisle,2022-03-13 20:00:00,80
,23.21,0.0,68.8,7,Dairy,milk and yogurt aisle,2022-03-13 21:00:00,42
,23.67,0.0,56.7,4,Bakery,bread and pastry,2022-03-13 22:00:00,52
,24.22,0.0,54.7,6,Bakery,bread and pastry,2022-03-13 23:00:00,45
,26.59,0.6,39.9,3,Frozen,frozen foods,2022-03-14 00:00:00,56
,28.28,0.0,45.1,10,Produce,fresh fruit and veg,2022-03-14 01:00:00,43
,25.39,0.0,63.3,9,General,mixed baskets,2022-03-14 02:00:00,29
,26.16,0.0,45.2,8,General,mixed baskets,2022-03-14 03:00:00,32
,23.93,0.0,52.5,8,Frozen,frozen foods,2022-03-14 04:00:00,74
,28.35,0.0,41.0,8,Dairy,milk and yogurt aisle,2022-03-14 05:00:00,32
,29.15,0.0,52.0,9,General,mixed baskets,2022-03-14 06:00:00,30
,25.14,0.0,44.6,5,General,mixed baskets,2022-03-14 07:00:00,43
,23.95,0.0,58.0,5,Frozen,frozen foods,2022-03-14 08:00:00,-25
,30.98,1.0,56.7,3,Bakery,bread and pastry,2022-03-14 09:00:00,42
,28.12,0.0,57.1,8,Dairy,milk and yogurt aisle,2022-03-14 10:00:00,84
,23.57,0.0,42.1,13,Produce,fresh fruit and veg,2022-03-14 11:00:00,81
,21.57,0.0,52.7,11,Dairy,milk and yogurt aisle,2022-03-14 12:00:00,102
,25.07,0.0,61.0,9,Produce,fresh fruit and veg,2022-03-14 13:00:00,94
,28.8,0.0,29.1,13,General,mixed baskets,2022-03-14 14:00:00,20
,24.44,0.0,49.4,13,General,mixed baskets,2022-03-14 15:00:00,54
,25.19,1.98,59.4,12,Dairy,milk and yogurt aisle,2022-03-14 16:00:00,49
,24.58,0.0,60.7,10,Bakery,bread and pastry,2022-03-14 17:00:00,72
,27.44,0.0,59.0,0,General,mixed baskets,2022-03-14 18:00:00,71
,29.3,0.0,59.2,10,Produce,fresh fruit and veg,2022-03-14 19:00:00,77
,22.66,0.0,56.9,11,Bakery,bread and pastry,2022-03-14 20:00:00,66
,25.09,0.0,60.4,10,Produce,fresh fruit and veg,2022-03-14 21:00:00,23
,25.31,0.0,53.0,10,Bakery,bread and pastry,2022-03-14 22:00:00,43
,24.26,0.0,53.4,11,Dairy,milk and yogurt aisle,2022-03-14 23:00:00,22
,22.86,0.3,45.9,10,General,mixed baskets,2022-03-15 00:00:00,44
,27.91,0.4,53.8,8,Dairy,milk and yogurt aisle,2022-03-15 01:00:00,22
,26.25,0.0,52.2,5,General,mixed baskets,2022-03-15 02:00:00,38
,27.66,0.0,66.6,5,Produce,fresh fruit and veg,2022-03-15 03:00:00,38
,29.65,0.69,47.5,7,Frozen,frozen foods,2022-03-15 04:00:00,61
,24.95,0.0,56.4,4,General,mixed baskets,2022-03-15 05:00:00,27
,27.22,0.0,52.0,6,General,mixed baskets,2022-03-15 06:00:00,23
,24.85,0.0,54.7,3,Produce,fresh fruit and veg,2022-03-15 07:00:00,32
,25.64,0.0,62.9,3,Frozen,frozen foods,2022-03-15 08:00:00,26
,26.7,2.21,60.5,3,Produce,fresh fruit and veg,2022-03-15 09:00:00,32
,25.46,0.0,47.0,8,Dairy,milk and yogurt aisle,2022-03-15 10:00:00,100
,22.09,0.0,55.2,10,Frozen,frozen foods,2022-03-15 11:00:00,104
,29.64,0.0,62.1,6,Bakery,bread and pastry,2022-03-15 12:00:00,114
,26.24,0.0,57.0,12,General,mixed baskets,2022-03-15 13:00:00,86
,23.0,0.0,60.0,12,Produce,fresh fruit and veg,2022-03-15 14:00:00,71
,20.34,0.0,43.6,5,Dairy,milk and yogurt aisle,2022-03-15 15:00:00,63
,25.81,0.0,61.9,5,Bakery,bread and pastry,2022-03-15 16:00:00,37
,27.5,0.0,50.7,9,Dairy,milk and yogurt aisle,2022-03-15 17:00:00,47
,28.4,0.0,44.9,7,General,mixed baskets,2022-03-15 18:00:00,74
,28.67,0.0,57.1,6,Dairy,milk and yogurt aisle,2022-03-15 19:00:00,75
,24.92,0.0,43.2,13,General,mixed baskets,2022-03-15 20:00:00,47
,27.48,0.0,56.7,6,Dairy,milk and yogurt aisle,2022-03-15 21:00:00,40
,22.01,0.0,67.2,4,Dairy,milk and yogurt aisle,2022-03-15 22:00:00,37
,26.25,0.0,50.2,6,General,mixed baskets,2022-03-15 23:00:00,30
,28.2,0.0,47.5,7,General,mixed baskets,2022-03-16 00:00:00,47
,24.38,0.0,63.4,6,Dairy,milk and yogurt aisle,2022-03-16 01:00:00,52
,25.51,0.0,59.8,9,Dairy,milk and yogurt aisle,2022-03-16 02:00:00,34
,26.18,0.0,61.5,9,Dairy,milk and yogurt aisle,2022-03-16 03:00:00,42
,26.26,0.0,39.4,3,Bakery,bread and pastry,2022-03-16 04:00:00,32
,29.64,0.0,47.9,11,General,mixed baskets,2022-03-16 05:00:00,30
,23.21,4.95,84.2,4,Bakery,bread and pastry,2022-03-16 06:00:00,40
,29.26,0.0,48.1,7,Dairy,milk and yogurt aisle,2022-03-16 07:00:00,46
,22.79,0.14,51.4,9,Frozen,frozen foods,2022-03-16 08:00:00,33
,24.24,0.0,55.6,7,General,mixed baskets,2022-03-16 09:00:00,13
,23.97,0.0,56.3,9,Produce,fresh fruit and veg,2022-03-16 10:00:00,102
,25.69,0.0,53.1,13,General,mixed baskets,2022-03-16 11:00:00,75
,24.67,0.0,33.8,6,Produce,fresh fruit and veg,2022-03-16 12:00:00,96
,27.12,3.37,69.1,8,Bakery,bread and pastry,2022-03-16 13:00:00,116
,25.94,0.0,45.3,7,General,mixed baskets,2022-03-16 14:00:00,39
,31.42,0.0,62.2,8,Produce,fresh fruit and veg,2022-03-16 15:00:00,25
,26.88,0.0,64.5,6,Frozen,frozen foods,2022-03-16 16:00:00,22
,25.28,0.0,45.8,6,General,mixed baskets,2022-03-16 17:00:00,89
,26.85,6.25,74.4,9,Dairy,milk and yogurt aisle,2022-03-16 18:00:00,74
,27.41,0.0,67.6,8,General,mixed baskets,2022-03-16 19:00:00,81
,25.44,0.0,68.3,7,Dairy,milk and yogurt aisle,2022-03-16 20:00:00,86
,23.13,0.0,62.3,10,Produce,fresh fruit and veg,2022-03-16 21:00:00,39
,23.9,0.0,50.6,10,Produce,fresh fruit and veg,2022-03-16 22:00:00,36
,26.36,0.0,58.0,9,Produce,fresh fruit and veg,2022-03-16 23:00:00,28
St Patricks Deal,28.04,1.24,50.9,10,General,mixed baskets,2022-03-17 00:00:00,5
St Patricks Deal,27.16,0.0,66.7,3,Bakery,bread and pastry,2022-03-17 01:00:00,21
St Patricks Deal,25.73,0.0,57.6,10,General,mixed baskets,2022-03-17 02:00:00,39
St Patricks Deal,27.36,0.0,65.9,3,Produce,fresh fruit and veg,2022-03-17 03:00:00,37
St Patricks Deal,24.72,0.0,34.7,10,Produce,fresh fruit and veg,2022-03-17 04:00:00,44
St Patricks Deal,26.6,0.62,52.1,4,Produce,fresh fruit and veg,2022-03-17 05:00:00,38
St Patricks Deal,29.51,0.0,50.6,8,Frozen,frozen foods,2022-03-17 06:00:00,41
St Patricks Deal,28.74,0.0,51.5,4,Dairy,milk and yogurt aisle,2022-03-17 07:00:00,49
St Patricks Deal,29.34,0.0,44.7,6,Dairy,milk and yogurt aisle,2022-03-17 08:00:00,29
St Patricks Deal,25.02,0.0,58.4,3,Dairy,milk and yogurt aisle,2022-03-17 09:00:00,36
St Patricks Deal,26.46,0.0,47.7,5,Frozen,frozen foods,2022-03-17 10:00:00,75
St Patricks Deal,23.42,0.14,70.0,8,Dairy,milk and yogurt aisle,2022-03-17 11:00:00,106
St Patricks Deal,28.25,0.0,51.7,13,General,mixed baskets,2022-03-17 12:00:00,95
St Patricks Deal,24.88,0.89,53.6,5,Dairy,milk and yogurt aisle,2022-03-17 13:00:00,100
St Patricks Deal,22.65,0.0,49.0,11,Produce,fresh fruit and veg,2022-03-17 14:00:00,58
St Patricks Deal,24.7,0.0,59.4,9,General,mixed baskets,2022-03-17 15:00:00,52
St Patricks Deal,26.58,0.0,57.4,7,Produce,fresh fruit and veg,2022-03-17 16:00:00,39
St Patricks Deal,20.42,0.0,47.0,11,Produce,fresh fruit and veg,2022-03-17 17:00:00,84
St Patricks Deal,22.4,0.0,30.6,11,Produce,fresh fruit and veg,2022-03-17 18:00:00,57
St Patricks Deal,28.41,0.0,51.8,10,Produce,fresh fruit and veg,2022-03-17 19:00:00,80
St Patricks Deal,26.18,0.0,48.0,7,General,mixed baskets,2022-03-17 20:00:00,76
St Patricks Deal,25.83,0.0,54.7,10,General,mixed baskets,2022-03-17 21:00:00,20
St Patricks Deal,21.92,0.0,47.7,6,General,mixed baskets,2022-03-17 22:00:00,56
St Patricks Deal,29.9,0.0,57.1,4,Produce,fresh fruit and veg,2022-03-17 23:00:00,31
,28.54,0.0,45.5,10,Frozen,frozen foods,2022-03-18 00:00:00,48
,27.73,0.82,59.2,6,General,mixed baskets,2022-03-18 01:00:00,34
,23.19,2.18,59.4,8,Produce,fresh fruit and veg,2022-03-18 02:00:00,51
,27.42,0.0,62.3,4,General,mixed baskets,2022-03-18 03:00:00,55
,28.83,0.0,53.6,3,Dairy,milk and yogurt aisle,2022-03-18 04:00:00,30
,25.15,0.0,59.7,3,Bakery,bread and pastry,2022-03-18 05:00:00,21
,25.35,0.0,52.3,9,General,mixed baskets,2022-03-18 06:00:00,38
,24.79,0.0,53.1,8,Frozen,frozen foods,2022-03-18 07:00:00,50
,27.47,0.0,49.2,8,Dairy,milk and yogurt aisle,2022-03-18 08:00:00,35
,25.38,0.0,44.4,6,Produce,fresh fruit and veg,2022-03-18 09:00:00,32
,25.18,0.0,56.2,8,Dairy,milk and yogurt aisle,2022-03-18 10:00:00,100
,22.33,0.0,54.5,12,Dairy,milk and yogurt aisle,2022-03-18 11:00:00,61
,21.81,0.0,67.3,13,Bakery,bread and pastry,2022-03-18 12:00:00,87
,28.31,0.0,58.4,13,Dairy,milk and yogurt aisle,2022-03-18 13:00:00,78
,29.91,0.0,69.6,7,Produce,fresh fruit and veg,2022-03-18 14:00:00,43
,28.13,0.0,70.3,5,General,mixed baskets,2022-03-18 15:00:00,31
,29.51,0.0,56.9,10,Dairy,milk and yogurt aisle,2022-03-18 16:00:00,26
,24.62,0.0,46.7,12,Frozen,frozen foods,2022-03-18 17:00:00,70
,25.84,0.0,53.0,10,Bakery,bread and pastry,2022-03-18 18:00:00,57
,26.9,0.0,63.0,10,Produce,fresh fruit and veg,2022-03-18 19:00:00,74
,25.55,2.86,63.0,11,General,mixed baskets,2022-03-18 20:00:00,66
,30.14,0.0,63.6,9,Dairy,milk and yogurt aisle,2022-03-18 21:00:00,35
,22.64,0.0,52.0,11,Bakery,bread and pastry,2022-03-18 22:00:00,31
,24.53,0.0,55.7,4,Dairy,milk and yogurt aisle,2022-03-18 23:00:00,50
,25.12,0.0,62.3,4,General,mixed baskets,2022-03-19 00:00:00,58
,24.22,0.0,60.2,6,Bakery,bread and pastry,2022-03-19 01:00:00,66
,28.1,0.74,59.8,6,General,mixed baskets,2022-03-19 02:00:00,65
,21.0,0.91,59.7,6,Produce,fresh fruit and veg,2022-03-19 03:00:00,50
,28.83,0.0,59.6,3,General,mixed baskets,2022-03-19 04:00:00,66
,28.25,0.0,54.3,10,Produce,fresh fruit and veg,2022-03-19 05:00:00,64
,26.78,2.38,70.1,8,Dairy,milk and yogurt aisle,2022-03-19 06:00:00,63
,29.48,0.0,50.3,6,Bakery,bread and pastry,2022-03-19 07:00:00,55
,31.87,2.21,85.8,8,General,mixed baskets,2022-03-19 08:00:00,54
,26.45,0.0,56.9,8,Bakery,bread and pastry,2022-03-19 09:00:00,69
,27.82,0.0,48.4,13,General,mixed baskets,2022-03-19 10:00:00,141
,26.98,0.0,42.1,11,Frozen,frozen foods,2022-03-19 11:00:00,105
,27.31,1.78,53.1,7,General,mixed baskets,2022-03-19 12:00:00,121
,24.74,0.0,58.2,13,General,mixed baskets,2022-03-19 13:00:00,110
,24.21,0.0,51.1,8,Bakery,bread and pastry,2022-03-19 14:00:00,69
,27.54,0.0,64.3,11,Produce,fresh fruit and veg,2022-03-19 15:00:00,65
,24.71,0.0,52.2,8,General,mixed baskets,2022-03-19 16:00:00,72
,28.35,0.0,46.6,9,Dairy,milk and yogurt aisle,2022-03-19 17:00:00,61
,28.01,0.0,52.4,10,Dairy,milk and yogurt aisle,2022-03-19 18:00:00,87
,24.91,0.0,50.6,5,Produce,fresh fruit and veg,2022-03-19 19:00:00,83
,26.94,1.15,56.8,5,General,mixed baskets,2022-03-19 20:00:00,93
,26.23,0.84,48.3,7,General,mixed baskets,2022-03-19 21:00:00,51
,25.69,0.94,56.6,5,Bakery,bread and pastry,2022-03-19 22:00:00,52
,28.87,0.0,39.9,11,Produce,fresh fruit and veg,2022-03-19 23:00:00,68
,26.17,0.0,56.0,6,General,mixed baskets,2022-03-20 00:00:00,82
,26.65,0.0,53.8,4,Produce,fresh fruit and veg,2022-03-20 01:00:00,26
,21.22,0.0,53.7,4,Bakery,bread and pastry,2022-03-20 02:00:00,56
,27.56,0.0,48.4,7,Produce,fresh fruit and veg,2022-03-20 03:00:00,63
,22.48,0.0,54.5,8,General,mixed baskets,2022-03-20 04:00:00,60
,25.11,0.0,56.5,8,Bakery,bread and pastry,2022-03-20 05:00:00,55
,30.09,0.0,41.0,3,Produce,fresh fruit and veg,2022-03-20 06:00:00,43
,30.53,0.0,62.7,11,Produce,fresh fruit and veg,2022-03-20 07:00:00,48
,25.1,0.0,53.7,9,Produce,fresh fruit and veg,2022-03-20 08:00:00,68
,22.94,0.0,58.8,4,Frozen,frozen foods,2022-03-20 09:00:00,72
,27.07,0.0,67.1,13,Bakery,bread and pastry,2022-03-20 10:00:00,116
,25.08,0.0,45.1,9,Produce,fresh fruit and veg,2022-03-20 11:00:00,104
,26.93,0.0,47.0,7,Produce,fresh fruit and veg,2022-03-20 12:00:00,116
,22.72,0.0,47.3,5,General,mixed baskets,2022-03-20 13:00:00,112
,28.88,0.0,55.3,12,General,mixed baskets,2022-03-20 14:00:00,66
,29.95,0.0,46.9,13,Bakery,bread and pastry,2022-03-20 15:00:00,61
,22.47,0.65,50.0,6,Produce,fresh fruit and veg,2022-03-20 16:00:00,52
,24.16,0.0,68.9,12,Produce,fresh fruit and veg,2022-03-20 17:00:00,97
,24.34,0.0,53.0,8,Produce,fresh fruit and veg,2022-03-20 18:00:00,80
,27.91,0.0,58.3,13,General,mixed baskets,2022-03-20 19:00:00,104
,21.17,2.23,69.8,8,General,mixed baskets,2022-03-20 20:00:00,109
,26.6,0.13,67.1,8,Produce,fresh fruit and veg,2022-03-20 21:00:00,45
,25.51,0.68,45.6,10,Bakery,bread and pastry,2022-03-20 22:00:00,65
,24.11,0.0,58.2,5,Bakery,bread and pastry,2022-03-20 23:00:00,48
,27.87,0.0,61.2,6,General,mixed baskets,2022-03-21 00:00:00,52
,21.24,0.0,64.0,3,General,mixed baskets,2022-03-21 01:00:00,50
,22.69,0.0,49.7,11,General,mixed baskets,2022-03-21 02:00:00,37
,24.16,0.0,51.6,3,General,mixed baskets,2022-03-21 03:00:00,51
,27.89,0.0,56.6,5,Frozen,frozen foods,2022-03-21 04:00:00,34
,25.25,0.0,55.5,10,General,mixed baskets,2022-03-21 05:00:00,32
,24.05,0.0,52.5,7,Bakery,bread and pastry,2022-03-21 06:00:00,33
,27.32,0.78,52.5,7,Produce,fresh fruit and veg,2022-03-21 07:00:00,38
,24.92,0.0,54.1,9,Produce,fresh fruit and veg,2022-03-21 08:00:00,36
,24.51,0.0,52.8,8,General,mixed baskets,2022-03-21 09:00:00,41
,25.37,0.73,59.3,10,Dairy,milk and yogurt aisle,2022-03-21 10:00:00,87
,26.97,2.73,58.3,11,Bakery,bread and pastry,2022-03-21 11:00:00,104
,32.86,0.0,46.9,11,General,mixed baskets,2022-03-21 12:00:00,107
,23.41,0.0,51.4,12,General,mixed baskets,2022-03-21 13:00:00,89
,26.82,0.0,53.4,9,Bakery,bread and pastry,2022-03-21 14:00:00,22
,25.75,0.0,63.6,13,General,mixed baskets,2022-03-21 15:00:00,48
,25.49,0.0,51.9,9,Bakery,bread and pastry,2022-03-21 16:00:00,53
,29.94,0.0,38.2,8,General,mixed baskets,2022-03-21 17:00:00,73
,28.08,0.0,72.7,12,Produce,fresh fruit and veg,2022-03-21 18:00:00,59
,27.82,0.0,64.8,10,Bakery,bread and pastry,2022-03-21 19:00:00,78
,25.02,0.0,59.8,8,General,mixed baskets,2022-03-21 20:00:00,93
,24.04,0.0,59.0,10,Frozen,frozen foods,2022-03-21 21:00:00,17
,26.89,0.47,56.9,11,Dairy,milk and yogurt aisle,2022-03-21 22:00:00,45
,25.45,5.3,85.1,7,Frozen,frozen foods,2022-03-21 23:00:00,36
,24.75,0.0,45.3,9,Produce,fresh fruit and veg,2022-03-22 00:00:00,29
,27.86,0.0,61.2,11,General,mixed baskets,2022-03-22 01:00:00,45
,23.18,0.0,61.2,10,Frozen,frozen foods,2022-03-22 02:00:00,24
,24.38,0.0,74.3,3,Dairy,milk and yogurt aisle,2022-03-22 03:00:00,43
,28.16,0.0,54.5,7,General,mixed baskets,2022-03-22 04:00:00,55
,25.99,0.0,67.5,3,General,mixed baskets,2022-03-22 05:00:00,42
,27.87,0.0,58.7,9,Dairy,milk and yogurt aisle,2022-03-22 06:00:00,29
,24.07,0.0,47.2,10,Dairy,milk and yogurt aisle,2022-03-22 07:00:00,18
,27.96,0.0,46.3,4,Produce,fresh fruit and veg,2022-03-22 08:00:00,24
,24.43,0.0,64.9,9,General,mixed baskets,2022-03-22 09:00:00,17
,29.59,0.13,46.1,6,Produce,fresh fruit and veg,2022-03-22 10:00:00,114
,28.19,0.0,52.9,11,Bakery,bread and pastry,2022-03-22 11:00:00,92
,27.37,0.0,68.7,13,Bakery,bread and pastry,2022-03-22 12:00:00,82
,30.05,0.0,47.6,12,Dairy,milk and yogurt aisle,2022-03-22 13:00:00,79
,27.09,0.0,59.8,5,General,mixed baskets,2022-03-22 14:00:00,27
,24.64,0.0,70.9,9,General,mixed baskets,2022-03-22 15:00:00,35
,30.1,0.0,67.7,7,Produce,fresh fruit and veg,2022-03-22 16:00:00,24
,27.09,0.0,61.7,9,Frozen,frozen foods,2022-03-22 17:00:00,95
,29.27,0.0,49.4,13,Produce,fresh fruit and veg,2022-03-22 18:00:00,66
,26.61,0.0,70.0,13,Dairy,milk and yogurt aisle,2022-03-22 19:00:00,65
,29.14,0.0,59.4,11,Bakery,bread and pastry,2022-03-22 20:00:00,78
,24.08,0.0,55.8,11,Produce,fresh fruit and veg,2022-03-22 21:00:00,57
,23.08,0.0,46.5,4,Produce,fresh fruit and veg,2022-03-22 22:00:00,55
,22.73,0.0,37.8,3,Frozen,frozen foods,2022-03-22 23:00:00,34
,28.17,0.0,58.4,9,General,mixed baskets,2022-03-23 00:00:00,43
,21.36,0.0,51.6,8,General,mixed baskets,2022-03-23 01:00:00,41
,21.82,0.0,41.5,5,Dairy,milk and yogurt aisle,2022-03-23 02:00:00,46
,22.73,0.77,64.9,11,General,mixed baskets,2022-03-23 03:00:00,43
,26.85,0.58,59.0,6,Produce,fresh fruit and veg,2022-03-23 04:00:00,28
,27.37,0.0,50.4,5,Dairy,milk and yogurt aisle,2022-03-23 05:00:00,24
,24.24,0.25,52.7,10,Dairy,milk and yogurt aisle,2022-03-23 06:00:00,42
,28.25,0.0,59.8,7,Dairy,milk and yogurt aisle,2022-03-23 07:00:00,25
,27.08,0.0,59.5,11,General,mixed baskets,2022-03-23 08:00:00,56
,29.31,0.0,48.0,3,General,mixed baskets,2022-03-23 09:00:00,40
,28.64,5.92,80.4,11,Dairy,milk and yogurt aisle,2022-03-23 10:00:00,82
,24.57,0.0,53.7,11,Frozen,frozen foods,2022-03-23 11:00:00,91
,26.79,0.0,47.2,6,General,mixed baskets,2022-03-23 12:00:00,88
,25.88,0.0,54.3,6,Frozen,frozen foods,2022-03-23 13:00:00,93
,27.45,0.0,55.6,13,Dairy,milk and yogurt aisle,2022-03-23 14:00:00,51
,26.8,0.0,64.7,11,General,mixed baskets,2022-03-23 15:00:00,22
,26.36,0.0,60.8,5,Produce,fresh fruit and veg,2022-03-23 16:00:00,17
,28.07,0.0,37.2,13,Frozen,frozen foods,2022-03-23 17:00:00,79
,26.45,0.0,45.4,9,General,mixed baskets,2022-03-23 18:00:00,72
,28.13,0.0,61.7,9,Dairy,milk and yogurt aisle,2022-03-23 19:00:00,76
,26.39,0.0,57.5,5,Dairy,milk and yogurt aisle,2022-03-23 20:00:00,80
,25.91,0.0,47.6,7,Produce,fresh fruit and veg,2022-03-23 21:00:00,37
,28.61,0.0,51.2,3,Dairy,milk and yogurt aisle,2022-03-23 22:00:00,49
,28.68,0.0,68.3,7,Produce,fresh fruit and veg,2022-03-23 23:00:00,29
,29.42,0.0,36.2,11,Produce,fresh fruit and veg,2022-03-24 00:00:00,40
,27.9,0.0,65.3,6,Frozen,frozen foods,2022-03-24 01:00:00,30
,25.8,0.0,63.9,3,Bakery,bread and pastry,2022-03-24 02:00:00,26
,26.8,2.68,58.5,5,Frozen,frozen foods,2022-03-24 03:00:00,47
,26.72,0.0,53.1,4,General,mixed baskets,2022-03-24 04:00:00,46
,21.94,0.0,58.2,8,Bakery,bread and pastry,2022-03-24 05:00:00,16
,23.53,1.56,60.6,11,General,mixed baskets,2022-03-24 06:00:00,26
,30.14,0.0,58.7,6,Dairy,milk and yogurt aisle,2022-03-24 07:00:00,43
,26.18,0.0,64.9,9,Frozen,frozen foods,2022-03-24 08:00:00,52
,19.21,0.0,50.2,7,Dairy,milk and yogurt aisle,2022-03-24 09:00:00,32
,26.03,0.0,55.3,7,Frozen,frozen foods,2022-03-24 10:00:00,92
,26.73,0.0,59.0,12,Bakery,bread and pastry,2022-03-24 11:00:00,78
,23.26,0.0,51.8,13,General,mixed baskets,2022-03-24 12:00:00,125
,32.0,0.0,55.0,10,Produce,fresh fruit and veg,2022-03-24 13:00:00,100
,29.13,0.6,68.8,9,Bakery,bread and pastry,2022-03-24 14:00:00,50
,28.35,0.0,38.9,6,Dairy,milk and yogurt aisle,2022-03-24 15:00:00,47
,25.85,0.0,57.6,12,General,mixed baskets,2022-03-24 16:00:00,51
,27.53,0.0,51.0,6,Produce,fresh fruit and veg,2022-03-24 17:00:00,82
,28.43,0.0,46.1,6,Produce,fresh fruit and veg,2022-03-24 18:00:00,70
,27.51,0.0,53.4,9,Bakery,bread and pastry,2022-03-24 19:00:00,83
,24.65,0.0,58.3,10,General,mixed baskets,2022-03-24 20:00:00,75
,26.79,0.0,61.9,5,General,mixed baskets,2022-03-24 21:00:00,55
,26.65,0.63,51.1,3,General,mixed baskets,2022-03-24 22:00:00,31
,27.04,1.16,64.0,8,General,mixed baskets,2022-03-24 23:00:00,33
,23.74,0.0,67.0,5,General,mixed baskets,2022-03-25 00:00:00,47
,26.99,0.0,56.8,5,Produce,fresh fruit and veg,2022-03-25 01:00:00,55
,26.33,0.0,61.1,11,General,mixed baskets,2022-03-25 02:00:00,41
,26.91,0.0,59.1,7,General,mixed baskets,2022-03-25 03:00:00,31
,26.82,0.0,60.6,9,Bakery,bread and pastry,2022-03-25 04:00:00,38
,22.73,0.0,47.7,9,General,mixed baskets,2022-03-25 05:00:00,34
,28.45,0.0,65.1,6,General,mixed baskets,2022-03-25 06:00:00,62
,28.18,0.0,59.1,6,General,mixed baskets,2022-03-25 07:00:00,50
,22.96,0.0,70.1,8,Dairy,milk and yogurt aisle,2022-03-25 08:00:00,55
,26.07,0.0,61.9,10,Dairy,milk and yogurt aisle,2022-03-25 09:00:00,43
,24.18,0.0,48.4,12,General,mixed baskets,2022-03-25 10:00:00,88
,25.17,0.0,64.8,11,Produce,fresh fruit and veg,2022-03-25 11:00:00,109
,28.79,0.37,67.5,6,Frozen,frozen foods,2022-03-25 12:00:00,114
,27.61,0.34,64.9,13,Frozen,frozen foods,2022-03-25 13:00:00,101
,31.22,0.0,53.1,6,Frozen,frozen foods,2022-03-25 14:00:00,39
,26.51,0.0,52.1,11,Dairy,milk and yogurt aisle,2022-03-25 15:00:00,52
,23.48,0.32,67.2,11,Frozen,frozen foods,2022-03-25 16:00:00,35
,26.55,0.0,49.2,10,Bakery,bread and pastry,2022-03-25 17:00:00,84
,20.18,0.0,62.5,6,General,mixed baskets,2022-03-25 18:00:00,66
,30.7,0.0,56.5,7,General,mixed baskets,2022-03-25 19:00:00,63
,26.9,0.0,50.2,5,Dairy,milk and yogurt aisle,2022-03-25 20:00:00,81
,27.35,0.0,52.5,8,General,mixed baskets,2022-03-25 21:00:00,44
,26.61,0.0,51.2,10,Bakery,bread and pastry,2022-03-25 22:00:00,62
,24.1,6.57,79.3,4,General,mixed baskets,2022-03-25 23:00:00,36
,25.94,0.0,50.1,3,Dairy,milk and yogurt aisle,2022-03-26 00:00:00,60
,24.27,0.0,54.8,10,Frozen,frozen foods,2022-03-26 01:00:00,46
,24.95,0.0,53.6,3,Produce,fresh fruit and veg,2022-03-26 02:00:00,37
,27.04,0.0,58.6,11,Produce,fresh fruit and veg,2022-03-26 03:00:00,38
,23.2,0.0,63.6,3,Frozen,frozen foods,2022-03-26 04:00:00,65
,30.28,0.0,43.6,6,Produce,fresh fruit and veg,2022-03-26 05:00:00,45
,23.53,0.49,60.3,5,Dairy,milk and yogurt aisle,2022-03-26 06:00:00,73
,28.24,0.0,49.9,5,Produce,fresh fruit and veg,2022-03-26 07:00:00,77
,24.57,0.0,53.8,11,Dairy,milk and yogurt aisle,2022-03-26 08:00:00,56
,23.06,0.0,54.4,5,Bakery,bread and pastry,2022-03-26 09:00:00,79
,27.1,0.0,68.0,9,Frozen,frozen foods,2022-03-26 10:00:00,117
,26.55,0.0,67.6,11,Dairy,milk and yogurt aisle,2022-03-26 11:00:00,128
,25.56,0.0,53.5,10,Produce,fresh fruit and veg,2022-03-26 12:00:00,112
,25.97,0.0,53.5,11,General,mixed baskets,2022-03-26 13:00:00,126
,24.55,0.91,69.8,6,General,mixed baskets,2022-03-26 14:00:00,48
,27.15,0.0,59.6,13,Frozen,frozen foods,2022-03-26 15:00:00,67
,24.89,0.0,70.5,5,Bakery,bread and pastry,2022-03-26 16:00:00,54
,26.13,0.0,49.9,11,Produce,fresh fruit and veg,2022-03-26 17:00:00,93
,28.83,0.0,64.6,9,Dairy,milk and yogurt aisle,2022-03-26 18:00:00,102
,22.77,0.0,51.5,6,Bakery,bread and pastry,2022-03-26 19:00:00,97
,24.63,0.0,32.1,8,General,mixed baskets,2022-03-26 20:00:00,94
,24.36,0.0,61.5,4,General,mixed baskets,2022-03-26 21:00:00,68
,24.06,0.0,47.8,10,General,mixed baskets,2022-03-26 22:00:00,69
,22.68,0.0,61.2,5,Produce,fresh fruit and veg,2022-03-26 23:00:00,43
,25.36,0.0,53.0,7,General,mixed baskets,2022-03-27 00:00:00,66
,26.41,0.0,65.4,10,Frozen,frozen foods,2022-03-27 01:00:00,68
,25.74,0.0,44.5,3,Dairy,milk and yogurt aisle,2022-03-27 02:00:00,50
,22.05,0.0,42.9,4,Produce,fresh fruit and veg,2022-03-27 03:00:00,64
,27.7,0.0,67.4,8,General,mixed baskets,2022-03-27 04:00:00,44
,27.76,0.0,64.2,7,Dairy,milk and yogurt aisle,2022-03-27 05:00:00,77
,26.19,0.0,56.3,11,Dairy,milk and yogurt aisle,2022-03-27 06:00:00,57
,23.52,0.0,42.4,6,General,mixed baskets,2022-03-27 07:00:00,59
,23.87,0.0,62.3,10,Dairy,milk and yogurt aisle,2022-03-27 08:00:00,74
,30.84,0.0,75.1,9,Produce,fresh fruit and veg,2022-03-27 09:00:00,58
,30.27,0.0,52.5,12,Frozen,frozen foods,2022-03-27 10:00:00,122
,27.17,0.0,52.2,13,Produce,fresh fruit and veg,2022-03-27 11:00:00,102
,23.72,0.0,48.6,5,General,mixed baskets,2022-03-27 12:00:00,108
,29.12,0.0,59.0,10,Produce,fresh fruit and veg,2022-03-27 13:00:00,98
,26.43,0.0,54.7,7,Dairy,milk and yogurt aisle,2022-03-27 14:00:00,57
,30.15,0.0,43.0,7,General,mixed baskets,2022-03-27 15:00:00,72
,24.56,0.0,49.5,7,Bakery,bread and pastry,2022-03-27 16:00:00,62
,27.15,0.0,62.9,11,General,mixed baskets,2022-03-27 17:00:00,105
,25.46,0.0,46.2,11,Frozen,frozen foods,2022-03-27 18:00:00,82
,27.85,0.0,57.3,11,Frozen,frozen foods,2022-03-27 19:00:00,84
,24.4,0.0,63.4,6,General,mixed baskets,2022-03-27 20:00:00,89
,28.26,0.73,63.4,4,General,mixed baskets,2022-03-27 21:00:00,66
,25.02,0.0,40.9,9,Produce,fresh fruit and veg,2022-03-27 22:00:00,64
,23.76,0.0,59.8,6,General,mixed baskets,2022-03-27 23:00:00,59
,27.4,0.0,46.2,6,General,mixed baskets,2022-03-28 00:00:00,47
,26.57,0.12,39.3,5,General,mixed baskets,2022-03-28 01:00:00,38
,20.73,0.0,57.5,9,General,mixed baskets,2022-03-28 02:00:00,39
,25.88,0.0,42.0,11,General,mixed baskets,2022-03-28 03:00:00,55
,26.24,0.0,53.1,9,Produce,fresh fruit and veg,2022-03-28 04:00:00,32
,26.45,0.0,64.9,8,General,mixed baskets,2022-03-28 05:00:00,42
,31.07,0.0,59.5,9,Produce,fresh fruit and veg,2022-03-28 06:00:00,59
,24.38,0.0,53.9,4,General,mixed baskets,2022-03-28 07:00:00,41
,25.94,0.0,62.5,5,Dairy,milk and yogurt aisle,2022-03-28 08:00:00,48
,21.76,0.0,55.5,3,Bakery,bread and pastry,2022-03-28 09:00:00,32
,22.36,0.0,61.4,10,General,mixed baskets,2022-03-28 10:00:00,118
,24.56,0.0,64.0,5,Frozen,frozen foods,2022-03-28 11:00:00,68
,25.66,0.0,47.0,6,General,mixed baskets,2022-03-28 12:00:00,81
,25.49,2.21,74.8,9,Dairy,milk and yogurt aisle,2022-03-28 13:00:00,82
,27.56,0.0,53.9,11,Frozen,frozen foods,2022-03-28 14:00:00,59
,27.8,0.0,55.5,8,Bakery,bread and pastry,2022-03-28 15:00:00,44
,28.49,5.28,72.3,12,Dairy,milk and yogurt aisle,2022-03-28 16:00:00,36
,25.57,0.0,52.7,11,Produce,fresh fruit and veg,2022-03-28 17:00:00,59
,27.2,0.0,51.4,10,Frozen,frozen foods,2022-03-28 18:00:00,79
,24.19,0.0,59.2,7,General,mixed baskets,2022-03-28 19:00:00,76
,26.88,2.85,58.6,10,Produce,fresh fruit and veg,2022-03-28 20:00:00,66
,27.18,0.0,58.7,7,Produce,fresh fruit and veg,2022-03-28 21:00:00,22
,24.73,4.51,74.3,3,Produce,fresh fruit and veg,2022-03-28 22:00:00,26
,17.96,0.0,50.3,8,Bakery,bread and pastry,2022-03-28 23:00:00,42
,24.36,0.0,52.3,3,Produce,fresh fruit and veg,2022-03-29 00:00:00,43
,32.4,5.37,75.2,6,General,mixed baskets,2022-03-29 01:00:00,40
,25.74,0.0,54.6,5,Frozen,frozen foods,2022-03-29 02:00:00,38
,24.39,0.38,61.0,7,Dairy,milk and yogurt aisle,2022-03-29 03:00:00,18
,26.25,0.0,54.4,4,Dairy,milk and yogurt aisle,2022-03-29 04:00:00,40
,28.76,0.0,52.2,9,General,mixed baskets,2022-03-29 05:00:00,27
,26.82,0.0,53.1,7,General,mixed baskets,2022-03-29 06:00:00,40
,25.47,0.0,57.4,8,Dairy,milk and yogurt aisle,2022-03-29 07:00:00,45
,22.78,0.0,64.3,7,Produce,fresh fruit and veg,2022-03-29 08:00:00,31
,25.24,0.0,41.4,11,Dairy,milk and yogurt aisle,2022-03-29 09:00:00,27
,23.0,1.87,56.6,7,Dairy,milk and yogurt aisle,2022-03-29 10:00:00,106
,26.86,0.0,51.7,12,Produce,fresh fruit and veg,2022-03-29 11:00:00,99
,29.74,0.0,48.5,7,Dairy,milk and yogurt aisle,2022-03-29 12:00:00,87
,28.61,0.0,51.1,13,Dairy,milk and yogurt aisle,2022-03-29 13:00:00,58
,24.5,0.0,64.2,8,Bakery,bread and pastry,2022-03-29 14:00:00,39
,23.52,0.0,63.0,5,General,mixed baskets,2022-03-29 15:00:00,47
,22.51,0.0,50.1,11,Bakery,bread and pastry,2022-03-29 16:00:00,53
,27.08,0.0,43.3,8,Frozen,frozen foods,2022-03-29 17:00:00,66
,27.4,0.0,58.2,12,Dairy,milk and yogurt aisle,2022-03-29 18:00:00,67
,27.95,0.0,58.7,8,General,mixed baskets,2022-03-29 19:00:00,69
,26.82,0.0,45.4,13,Frozen,frozen foods,2022-03-29 20:00:00,85
,22.95,0.0,56.5,6,General,mixed baskets,2022-03-29 21:00:00,25
,21.18,0.0,58.3,7,Bakery,bread and pastry,2022-03-29 22:00:00,38
,28.75,0.0,60.2,3,Produce,fresh fruit and veg,2022-03-29 23:00:00,28
,23.88,0.0,50.9,3,Frozen,frozen foods,2022-03-30 00:00:00,43
,30.71,0.0,58.9,6,Frozen,frozen foods,2022-03-30 01:00:00,21
,20.7,0.0,53.6,8,General,mixed baskets,2022-03-30 02:00:00,44
,23.21,0.0,61.7,3,Frozen,frozen foods,2022-03-30 03:00:00,34
,23.63,0.0,56.9,7,General,mixed baskets,2022-03-30 04:00:00,37
,26.62,1.67,64.9,6,Frozen,frozen foods,2022-03-30 05:00:00,46
,27.62,1.43,59.3,9,Produce,fresh fruit and veg,2022-03-30 06:00:00,53
,24.58,0.0,52.9,6,General,mixed baskets,2022-03-30 07:00:00,19
,27.45,9.82,86.2,7,General,mixed baskets,2022-03-30 08:00:00,52
,22.71,0.0,61.8,5,Dairy,milk and yogurt aisle,2022-03-30 09:00:00,46
,24.7,0.0,51.9,5,Dairy,milk and yogurt aisle,2022-03-30 10:00:00,91
,22.93,0.0,57.7,12,General,mixed baskets,2022-03-30 11:00:00,111
,24.56,0.64,76.2,5,General,mixed baskets,2022-03-30 12:00:00,97
,24.35,0.0,49.8,10,General,mixed baskets,2022-03-30 13:00:00,110
,26.71,0.0,44.4,13,Dairy,milk and yogurt aisle,2022-03-30 14:00:00,32
,34.53,0.0,47.4,10,Frozen,frozen foods,2022-03-30 15:00:00,29
,22.52,0.0,52.6,8,General,mixed baskets,2022-03-30 16:00:00,54
,25.44,0.0,54.9,7,Bakery,bread and pastry,2022-03-30 17:00:00,100
,27.65,0.0,37.2,13,General,mixed baskets,2022-03-30 18:00:00,82
,26.12,0.0,39.2,13,Dairy,milk and yogurt aisle,2022-03-30 19:00:00,85
,29.48,0.0,61.1,8,Produce,fresh fruit and veg,2022-03-30 20:00:00,69
,23.39,0.0,43.7,8,Bakery,bread and pastry,2022-03-30 21:00:00,24
,27.88,1.1,63.6,3,General,mixed baskets,2022-03-30 22:00:00,37
,23.98,0.0,64.6,11,Bakery,bread and pastry,2022-03-30 23:00:00,58
,27.99,0.0,30.5,5,Produce,fresh fruit and veg,2022-03-31 00:00:00,17
,26.36,0.0,59.3,6,Produce,fresh fruit and veg,2022-03-31 01:00:00,34
,26.56,0.0,55.2,7,General,mixed baskets,2022-03-31 02:00:00,17
,24.48,6.75,72.5,10,Frozen,frozen foods,2022-03-31 03:00:00,41
,21.33,0.0,58.0,8,Dairy,milk and yogurt aisle,2022-03-31 04:00:00,50
,23.19,0.0,54.5,6,Dairy,milk and yogurt aisle,2022-03-31 05:00:00,25
,27.71,0.93,62.0,10,General,mixed baskets,2022-03-31 06:00:00,35
,25.29,0.0,69.5,3,General,mixed baskets,2022-03-31 07:00:00,55
,27.78,0.0,57.3,6,Produce,fresh fruit and veg,2022-03-31 08:00:00,38
,22.64,0.0,45.3,5,General,mixed baskets,2022-03-31 09:00:00,25
,27.54,0.0,66.0,6,Produce,fresh fruit and veg,2022-03-31 10:00:00,79
,28.46,0.0,63.8,11,Bakery,bread and pastry,2022-03-31 11:00:00,70
,20.43,0.0,66.4,11,Bakery,bread and pastry,2022-03-31 12:00:00,104
,26.75,0.0,58.0,6,Bakery,bread and pastry,2022-03-31 13:00:00,86
,30.79,0.33,63.0,6,Bakery,bread and pastry,2022-03-31 14:00:00,52
,24.06,0.0,70.6,9,General,mixed baskets,2022-03-31 15:00:00,50
,28.44,0.0,54.4,7,Bakery,bread and pastry,2022-03-31 16:00:00,32
,26.05,0.0,50.1,6,Bakery,bread and pastry,2022-03-31 17:00:00,68
,28.09,0.01,66.5,5,Bakery,bread and pastry,2022-03-31 18:00:00,84
,24.99,0.0,52.3,9,General,mixed baskets,2022-03-31 19:00:00,76
,24.02,0.0,64.1,9,General,mixed baskets,2022-03-31 20:00:00,78
,24.89,0.0,50.8,9,General,mixed baskets,2022-03-31 21:00:00,20
,25.05,1.13,54.7,3,Dairy,milk and yogurt aisle,2022-03-31 22:00:00,50
,24.49,0.0,57.4,8,Bakery,bread and pastry,2022-03-31 23:00:00,29
April Promo,23.77,0.0,57.6,9,Produce,fresh fruit and veg,2022-04-01 00:00:00,12
April Promo,28.72,0.0,49.0,11,General,mixed baskets,2022-04-01 01:00:00,32
April Promo,24.51,0.0,68.0,5,Produce,fresh fruit and veg,2022-04-01 02:00:00,45
April Promo,22.95,0.0,51.7,8,Dairy,milk and yogurt aisle,2022-04-01 03:00:00,65
April Promo,23.62,0.0,60.7,9,Produce,fresh fruit and veg,2022-04-01 04:00:00,35
April Promo,27.18,0.0,47.9,8,General,mixed baskets,2022-04-01 05:00:00,24
April Promo,20.4,1.86,55.9,6,Produce,fresh fruit and veg,2022-04-01 06:00:00,65
April Promo,27.21,0.0,50.6,10,General,mixed baskets,2022-04-01 07:00:00,41
April Promo,27.75,0.0,56.4,4,Dairy,milk and yogurt aisle,2022-04-01 08:00:00,36
April Promo,29.16,0.0,56.4,10,General,mixed baskets,2022-04-01 09:00:00,27
April Promo,24.87,0.0,56.8,13,General,mixed baskets,2022-04-01 10:00:00,82
April Promo,23.92,0.26,56.1,12,Produce,fresh fruit and veg,2022-04-01 11:00:00,112
April Promo,26.41,0.0,62.4,5,General,mixed baskets,2022-04-01 12:00:00,91
April Promo,26.32,0.0,62.3,9,Bakery,bread and pastry,2022-04-01 13:00:00,88
April Promo,29.25,0.0,51.7,5,Frozen,frozen foods,2022-04-01 14:00:00,33
April Promo,26.11,0.0,56.3,8,Dairy,milk and yogurt aisle,2022-04-01 15:00:00,58
April Promo,24.91,4.26,71.5,8,Dairy,milk and yogurt aisle,2022-04-01 16:00:00,32
April Promo,22.65,0.0,60.9,9,General,mixed baskets,2022-04-01 17:00:00,82
April Promo,25.46,0.0,59.2,12,Bakery,bread and pastry,2022-04-01 18:00:00,78
April Promo,26.17,0.0,52.5,12,Dairy,milk and yogurt aisle,2022-04-01 19:00:00,77
April Promo,28.93,0.0,52.6,6,Produce,fresh fruit and veg,2022-04-01 20:00:00,64
April Promo,26.25,0.0,55.8,3,Produce,fresh fruit and veg,2022-04-01 21:00:00,47
April Promo,29.35,0.0,59.1,9,Frozen,frozen foods,2022-04-01 22:00:00,59
April Promo,29.08,0.0,46.8,6,Bakery,bread and pastry,2022-04-01 23:00:00,39
,24.07,0.0,47.4,10,Bakery,bread and pastry,2022-04-02 00:00:00,48
,23.14,0.0,52.0,11,Frozen,frozen foods,2022-04-02 01:00:00,44
,24.4,0.0,55.9,8,Produce,fresh fruit and veg,2022-04-02 02:00:00,62
,25.4,0.0,50.0,7,Frozen,frozen foods,2022-04-02 03:00:00,56
,23.97,0.0,51.8,8,Produce,fresh fruit and veg,2022-04-02 04:00:00,58
,27.74,3.5,59.3,3,General,mixed baskets,2022-04-02 05:00:00,60
,27.67,0.0,59.2,9,Bakery,bread and pastry,2022-04-02 06:00:00,42
,29.01,0.99,42.4,10,General,mixed baskets,2022-04-02 07:00:00,69
,26.69,0.0,55.1,10,Produce,fresh fruit and veg,2022-04-02 08:00:00,62
,24.9,0.0,49.9,3,Bakery,bread and pastry,2022-04-02 09:00:00,59
,27.01,0.65,57.3,9,Produce,fresh fruit and veg,2022-04-02 10:00:00,117
,23.72,0.17,57.1,9,Frozen,frozen foods,2022-04-02 11:00:00,126
,26.36,0.0,31.5,7,Produce,fresh fruit and veg,2022-04-02 12:00:00,115
,24.09,0.0,63.9,13,Bakery,bread and pastry,2022-04-02 13:00:00,104
,28.88,0.0,60.8,11,Bakery,bread and pastry,2022-04-02 14:00:00,73
,19.34,0.0,67.5,6,General,mixed baskets,2022-04-02 15:00:00,54
,28.11,0.0,61.3,10,Dairy,milk and yogurt aisle,2022-04-02 16:00:00,51
,28.2,0.0,62.3,12,Bakery,bread and pastry,2022-04-02 17:00:00,76
,25.89,3.87,71.0,8,Produce,fresh fruit and veg,2022-04-02 18:00:00,95
,26.84,0.0,67.7,12,Produce,fresh fruit and veg,2022-04-02 19:00:00,82
,26.51,0.0,44.6,9,Dairy,milk and yogurt aisle,2022-04-02 20:00:00,88
,29.23,0.0,54.4,3,General,mixed baskets,2022-04-02 21:00:00,65
,30.13,0.0,47.9,9,General,mixed baskets,2022-04-02 22:00:00,60
,26.03,0.0,62.0,10,General,mixed baskets,2022-04-02 23:00:00,72
,30.08,0.0,57.2,5,General,mixed baskets,2022-04-03 00:00:00,63
,24.39,0.95,70.8,9,General,mixed baskets,2022-04-03 01:00:00,55
,27.04,0.0,56.3,3,General,mixed baskets,2022-04-03 02:00:00,56
,27.09,0.0,53.8,4,Produce,fresh fruit and veg,2022-04-03 03:00:00,53
,22.84,0.0,53.8,10,Bakery,bread and pastry,2022-04-03 04:00:00,67
,26.82,0.0,49.3,11,Bakery,bread and pastry,2022-04-03 05:00:00,60
,24.33,0.0,39.1,6,General,mixed baskets,2022-04-03 06:00:00,55
,27.98,0.0,54.9,4,Bakery,bread and pastry,2022-04-03 07:00:00,70
,23.78,0.0,51.7,5,General,mixed baskets,2022-04-03 08:00:00,61
,21.56,0.0,51.6,8,Dairy,milk and yogurt aisle,2022-04-03 09:00:00,54
,22.75,0.0,46.1,7,Frozen,frozen foods,2022-04-03 10:00:00,96
,26.05,0.0,55.9,12,Frozen,frozen foods,2022-04-03 11:00:00,120
,26.77,0.0,46.9,11,Frozen,frozen foods,2022-04-03 12:00:00,117
,26.85,0.0,57.3,12,Dairy,milk and yogurt aisle,2022-04-03 13:00:00,115
,24.09,0.0,53.3,8,Produce,fresh fruit and veg,2022-04-03 14:00:00,54
,27.97,0.0,52.6,13,Bakery,bread and pastry,2022-04-03 15:00:00,49
,24.62,10.99,75.6,12,General,mixed baskets,2022-04-03 16:00:00,57
,25.44,0.0,57.7,13,Produce,fresh fruit and veg,2022-04-03 17:00:00,97
,28.45,0.0,61.9,9,General,mixed baskets,2022-04-03 18:00:00,93
,25.59,0.0,54.1,6,Bakery,bread and pastry,2022-04-03 19:00:00,93
,21.3,0.0,50.5,8,General,mixed baskets,2022-04-03 20:00:00,89
,27.78,0.0,59.9,5,Bakery,bread and pastry,2022-04-03 21:00:00,64
,26.0,0.0,61.3,5,General,mixed baskets,2022-04-03 22:00:00,62
,25.03,0.0,51.7,10,Frozen,frozen foods,2022-04-03 23:00:00,50
,29.21,0.0,76.6,10,Dairy,milk and yogurt aisle,2022-04-04 00:00:00,49
,24.42,0.0,64.8,8,Produce,fresh fruit and veg,2022-04-04 01:00:00,49
,27.62,0.0,66.9,3,Frozen,frozen foods,2022-04-04 02:00:00,49
,26.33,0.0,58.4,5,Bakery,bread and pastry,2022-04-04 03:00:00,38
,32.48,1.08,61.5,11,General,mixed baskets,2022-04-04 04:00:00,37
,21.49,0.0,47.3,4,Produce,fresh fruit and veg,2022-04-04 05:00:00,26
,26.48,0.0,53.1,11,Dairy,milk and yogurt aisle,2022-04-04 06:00:00,49
,26.85,0.0,55.5,7,Dairy,milk and yogurt aisle,2022-04-04 07:00:00,14
,28.73,0.0,60.6,9,Frozen,frozen foods,2022-04-04 08:00:00,35
,24.93,0.0,51.1,3,Bakery,bread and pastry,2022-04-04 09:00:00,35
,24.4,0.0,48.4,5,Dairy,milk and yogurt aisle,2022-04-04 10:00:00,105
,29.46,0.0,64.3,13,Produce,fresh fruit and veg,2022-04-04 11:00:00,94
,24.92,0.0,56.0,9,Dairy,milk and yogurt aisle,2022-04-04 12:00:00,83
,26.68,0.0,62.6,13,Frozen,frozen foods,2022-04-04 13:00:00,77
,25.86,0.0,56.0,13,General,mixed baskets,2022-04-04 14:00:00,31
,26.94,0.78,52.6,8,General,mixed baskets,2022-04-04 15:00:00,41
,22.62,0.0,54.9,9,Produce,fresh fruit and veg,2022-04-04 16:00:00,40
,24.63,6.03,53.8,11,Dairy,milk and yogurt aisle,2022-04-04 17:00:00,72
,25.85,0.0,62.8,12,Dairy,milk and yogurt aisle,2022-04-04 18:00:00,66
,26.25,0.0,59.5,10,Bakery,bread and pastry,2022-04-04 19:00:00,72
,28.73,0.0,64.3,8,Produce,fresh fruit and veg,2022-04-04 20:00:00,86
,27.26,0.0,53.4,3,General,mixed baskets,2022-04-04 21:00:00,26
,27.42,0.0,70.7,10,Frozen,frozen foods,2022-04-04 22:00:00,40
,25.84,0.0,64.8,11,General,mixed baskets,2022-04-04 23:00:00,59
,29.12,0.0,41.2,9,Produce,fresh fruit and veg,2022-04-05 00:00:00,46
,24.46,0.0,41.1,7,Produce,fresh fruit and veg,2022-04-05 01:00:00,34
,25.74,0.16,57.6,6,Bakery,bread and pastry,2022-04-05 02:00:00,47
,22.26,0.0,44.1,8,Frozen,frozen foods,2022-04-05 03:00:00,30
,23.35,0.0,53.9,3,General,mixed baskets,2022-04-05 04:00:00,40
,28.1,0.0,53.7,6,Produce,fresh fruit and veg,2022-04-05 05:00:00,58
,25.86,0.0,52.6,7,Dairy,milk and yogurt aisle,2022-04-05 06:00:00,62
,21.34,0.0,66.9,8,General,mixed baskets,2022-04-05 07:00:00,19
,25.86,0.0,59.6,7,General,mixed baskets,2022-04-05 08:00:00,48
,25.38,0.35,61.2,3,Frozen,frozen foods,2022-04-05 09:00:00,63
,23.14,0.0,56.9,12,Produce,fresh fruit and veg,2022-04-05 10:00:00,88
,26.8,0.0,78.6,6,Produce,fresh fruit and veg,2022-04-05 11:00:00,98
,25.3,0.0,65.5,13,Frozen,frozen foods,2022-04-05 12:00:00,113
,25.99,0.0,49.6,6,Dairy,milk and yogurt aisle,2022-04-05 13:00:00,89
,28.32,0.0,59.5,11,Dairy,milk and yogurt aisle,2022-04-05 14:00:00,45
,24.43,0.05,49.4,10,Bakery,bread and pastry,2022-04-05 15:00:00,39
,28.66,0.0,53.7,13,Dairy,milk and yogurt aisle,2022-04-05 16:00:00,16
,25.29,0.0,54.4,8,General,mixed baskets,2022-04-05 17:00:00,79
,25.32,0.0,44.1,13,Produce,fresh fruit and veg,2022-04-05 18:00:00,72
,29.18,0.0,40.3,11,General,mixed baskets,2022-04-05 19:00:00,86
,26.91,0.0,45.4,8,Dairy,milk and yogurt aisle,2022-04-05 20:00:00,100
,24.95,0.0,59.4,11,General,mixed baskets,2022-04-05 21:00:00,48
,25.67,0.0,33.0,6,Produce,fresh fruit and veg,2022-04-05 22:00:00,35
,26.5,0.0,59.8,4,General,mixed baskets,2022-04-05 23:00:00,45
,22.32,0.0,38.2,11,General,mixed baskets,2022-04-06 00:00:00,42
,27.62,0.0,48.7,5,Produce,fresh fruit and veg,2022-04-06 01:00:00,52
,25.94,0.0,50.8,7,Produce,fresh fruit and veg,2022-04-06 02:00:00,22
,22.72,0.0,60.9,5,General,mixed baskets,2022-04-06 03:00:00,26
,23.6,0.0,55.0,8,General,mixed baskets,2022-04-06 04:00:00,15
,28.11,0.0,46.3,9,Produce,fresh fruit and veg,2022-04-06 05:00:00,47
,22.79,0.0,50.3,11,Frozen,frozen foods,2022-04-06 06:00:00,39
,31.31,1.78,62.3,8,Bakery,bread and pastry,2022-04-06 07:00:00,32
,23.28,0.0,63.6,7,Dairy,milk and yogurt aisle,2022-04-06 08:00:00,31
,26.46,0.91,59.9,6,Frozen,frozen foods,2022-04-06 09:00:00,33
,19.57,0.0,54.1,6,General,mixed baskets,2022-04-06 10:00:00,83
,25.76,0.0,52.9,10,General,mixed baskets,2022-04-06 11:00:00,91
,24.64,0.0,67.5,9,Dairy,milk and yogurt aisle,2022-04-06 12:00:00,89
,27.14,0.0,48.5,8,Frozen,frozen foods,2022-04-06 13:00:00,111
,26.42,0.0,51.4,11,Produce,fresh fruit and veg,2022-04-06 14:00:00,43
,25.1,0.0,57.8,10,Produce,fresh fruit and veg,2022-04-06 15:00:00,30
,31.3,0.0,65.1,8,General,mixed baskets,2022-04-06 16:00:00,32
,27.85,0.0,41.3,10,Produce,fresh fruit and veg,2022-04-06 17:00:00,89
,24.09,0.0,62.7,10,Produce,fresh fruit and veg,2022-04-06 18:00:00,80
,26.79,0.0,64.2,8,Produce,fresh fruit and veg,2022-04-06 19:00:00,78
,18.7,0.0,57.0,10,Dairy,milk and yogurt aisle,2022-04-06 20:00:00,83
,24.45,0.0,39.9,5,Bakery,bread and pastry,2022-04-06 21:00:00,59
,29.01,0.0,49.3,6,General,mixed baskets,2022-04-06 22:00:00,25
,24.51,0.0,53.8,8,General,mixed baskets,2022-04-06 23:00:00,31
,26.24,0.0,57.2,11,Produce,fresh fruit and veg,2022-04-07 00:00:00,19
,23.0,0.35,46.1,7,Dairy,milk and yogurt aisle,2022-04-07 01:00:00,45
,27.84,0.0,53.0,6,Bakery,bread and pastry,2022-04-07 02:00:00,35
,26.16,0.0,60.6,7,Frozen,frozen foods,2022-04-07 03:00:00,31
,25.87,0.0,50.6,4,Produce,fresh fruit and veg,2022-04-07 04:00:00,30
,28.2,0.0,52.5,3,Bakery,bread and pastry,2022-04-07 05:00:00,48
,29.95,6.81,71.7,9,General,mixed baskets,2022-04-07 06:00:00,38
,27.85,0.0,43.7,9,General,mixed baskets,2022-04-07 07:00:00,33
,21.53,1.47,56.5,7,Produce,fresh fruit and veg,2022-04-07 08:00:00,55
,26.85,0.0,53.2,4,Dairy,milk and yogurt aisle,2022-04-07 09:00:00,27
,26.51,0.0,60.9,8,General,mixed baskets,2022-04-07 10:00:00,79
,22.99,0.0,48.6,12,General,mixed baskets,2022-04-07 11:00:00,126
,21.81,0.0,44.5,6,Produce,fresh fruit and veg,2022-04-07 12:00:00,90
,24.82,0.0,51.0,8,Dairy,milk and yogurt aisle,2022-04-07 13:00:00,88
,25.09,2.4,55.1,6,Produce,fresh fruit and veg,2022-04-07 14:00:00,31
,25.66,0.0,59.4,6,General,mixed baskets,2022-04-07 15:00:00,38
,24.0,0.0,50.5,7,General,mixed baskets,2022-04-07 16:00:00,49
,26.22,0.0,42.5,13,General,mixed baskets,2022-04-07 17:00:00,84
,26.56,0.0,59.8,11,Dairy,milk and yogurt aisle,2022-04-07 18:00:00,81
,25.1,0.0,54.3,9,General,mixed baskets,2022-04-07 19:00:00,71
,26.78,0.0,56.4,11,Produce,fresh fruit and veg,2022-04-07 20:00:00,57
,24.35,0.0,58.1,9,General,mixed baskets,2022-04-07 21:00:00,43
,21.89,0.0,63.4,9,Produce,fresh fruit and veg,2022-04-07 22:00:00,58
,25.8,2.42,54.9,5,General,mixed baskets,2022-04-07 23:00:00,52
,28.0,3.56,70.6,5,Frozen,frozen foods,2022-04-08 00:00:00,37
,32.54,0.0,55.5,4,Dairy,milk and yogurt aisle,2022-04-08 01:00:00,49
,20.48,0.0,55.4,7,Frozen,frozen foods,2022-04-08 02:00:00,35
,24.53,2.48,61.6,6,General,mixed baskets,2022-04-08 03:00:00,39
,23.6,0.0,51.2,11,General,mixed baskets,2022-04-08 04:00:00,25
,26.47,0.0,56.6,3,Dairy,milk and yogurt aisle,2022-04-08 05:00:00,36
,23.6,0.0,55.2,6,General,mixed baskets,2022-04-08 06:00:00,41
,26.11,0.0,60.4,7,General,mixed baskets,2022-04-08 07:00:00,37
,28.27,0.0,66.8,11,Dairy,milk and yogurt aisle,2022-04-08 08:00:00,49
,23.92,0.0,47.1,3,Produce,fresh fruit and veg,2022-04-08 09:00:00,62
,25.62,0.0,70.4,7,General,mixed baskets,2022-04-08 10:00:00,110
,29.84,0.0,63.6,11,Bakery,bread and pastry,2022-04-08 11:00:00,91
,28.01,0.0,45.8,8,General,mixed baskets,2022-04-08 12:00:00,86
,21.76,0.0,53.9,12,Dairy,milk and yogurt aisle,2022-04-08 13:00:00,87
,30.99,0.0,54.9,12,Produce,fresh fruit and veg,2022-04-08 14:00:00,28
,24.11,0.0,64.3,11,Dairy,milk and yogurt aisle,2022-04-08 15:00:00,40
,26.57,0.0,47.2,11,Produce,fresh fruit and veg,2022-04-08 16:00:00,45
,24.78,0.0,68.6,10,General,mixed baskets,2022-04-08 17:00:00,77
,24.68,0.0,46.3,11,Bakery,bread and pastry,2022-04-08 18:00:00,77
,24.08,0.0,52.1,11,Produce,fresh fruit and veg,2022-04-08 19:00:00,76
,27.37,0.0,50.1,5,Produce,fresh fruit and veg,2022-04-08 20:00:00,73
,23.88,0.0,45.1,7,Bakery,bread and pastry,2022-04-08 21:00:00,31
,22.67,0.0,45.9,7,Produce,fresh fruit and veg,2022-04-08 22:00:00,60
,24.4,0.0,50.3,9,General,mixed baskets,2022-04-08 23:00:00,52
,25.8,0.0,52.8,8,Produce,fresh fruit and veg,2022-04-09 00:00:00,49
,20.79,0.0,50.0,10,Dairy,milk and yogurt aisle,2022-04-09 01:00:00,49
,27.79,0.94,50.4,7,Produce,fresh fruit and veg,2022-04-09 02:00:00,52
,24.01,0.0,34.4,8,Produce,fresh fruit and veg,2022-04-09 03:00:00,60
,27.61,0.06,52.9,4,Bakery,bread and pastry,2022-04-09 04:00:00,75
,29.26,0.53,71.5,3,Frozen,frozen foods,2022-04-09 05:00:00,72
,26.6,0.24,68.9,7,Frozen,frozen foods,2022-04-09 06:00:00,72
,27.15,0.44,65.5,8,Bakery,bread and pastry,2022-04-09 07:00:00,73
,24.69,2.72,60.0,5,Produce,fresh fruit and veg,2022-04-09 08:00:00,73
,24.14,1.26,62.8,11,General,mixed baskets,2022-04-09 09:00:00,68
,21.08,0.0,50.7,11,Frozen,frozen foods,2022-04-09 10:00:00,120
,25.33,0.0,51.2,9,Produce,fresh fruit and veg,2022-04-09 11:00:00,113
,24.45,0.0,56.2,7,Dairy,milk and yogurt aisle,2022-04-09 12:00:00,94
,19.9,0.0,63.1,13,Bakery,bread and pastry,2022-04-09 13:00:00,113
,26.5,1.41,55.3,5,Produce,fresh fruit and veg,2022-04-09 14:00:00,81
,29.61,0.0,49.7,6,General,mixed baskets,2022-04-09 15:00:00,53
,26.82,0.0,54.7,9,General,mixed baskets,2022-04-09 16:00:00,52
,28.72,0.0,43.2,11,Dairy,milk and yogurt aisle,2022-04-09 17:00:00,107
,25.15,0.0,61.8,12,Frozen,frozen foods,2022-04-09 18:00:00,95
,23.28,0.0,63.1,12,Frozen,frozen foods,2022-04-09 19:00:00,89
,25.98,0.0,64.4,12,Dairy,milk and yogurt aisle,2022-04-09 20:00:00,113
,24.95,0.78,63.5,10,Dairy,milk and yogurt aisle,2022-04-09 21:00:00,67
,22.98,0.0,50.3,7,Produce,fresh fruit and veg,2022-04-09 22:00:00,69
,28.4,0.42,54.4,5,Frozen,frozen foods,2022-04-09 23:00:00,53
,26.22,0.0,47.5,3,Frozen,frozen foods,2022-04-10 00:00:00,65
,24.16,0.0,57.4,11,Dairy,milk and yogurt aisle,2022-04-10 01:00:00,64
,26.29,0.0,72.3,9,Produce,fresh fruit and veg,2022-04-10 02:00:00,69
,25.43,2.89,55.8,3,Produce,fresh fruit and veg,2022-04-10 03:00:00,73
,27.35,0.0,60.2,7,Bakery,bread and pastry,2022-04-10 04:00:00,73
,29.79,0.0,65.9,10,Produce,fresh fruit and veg,2022-04-10 05:00:00,62
,24.26,0.0,46.7,9,Produce,fresh fruit and veg,2022-04-10 06:00:00,68
,22.83,0.0,71.9,11,Bakery,bread and pastry,2022-04-10 07:00:00,46
,29.25,0.0,49.7,11,General,mixed baskets,2022-04-10 08:00:00,67
,31.8,0.0,54.2,9,Bakery,bread and pastry,2022-04-10 09:00:00,68
,24.29,0.0,58.3,8,Bakery,bread and pastry,2022-04-10 10:00:00,110
,23.54,0.0,62.4,12,Dairy,milk and yogurt aisle,2022-04-10 11:00:00,105
,22.82,0.0,61.4,10,Produce,fresh fruit and veg,2022-04-10 12:00:00,114
,25.8,0.0,53.0,12,Bakery,bread and pastry,2022-04-10 13:00:00,100
,26.08,0.0,49.8,5,General,mixed baskets,2022-04-10 14:00:00,64
,25.17,0.0,36.4,6,Bakery,bread and pastry,2022-04-10 15:00:00,63
,27.91,0.0,51.0,8,Dairy,milk and yogurt aisle,2022-04-10 16:00:00,48
,23.78,0.0,65.1,13,Dairy,milk and yogurt aisle,2022-04-10 17:00:00,95
,24.34,0.0,48.7,10,General,mixed baskets,2022-04-10 18:00:00,107
,22.69,0.0,59.9,10,Dairy,milk and yogurt aisle,2022-04-10 19:00:00,107
,29.29,0.0,60.7,8,Bakery,bread and pastry,2022-04-10 20:00:00,107
,28.51,0.0,56.4,5,General,mixed baskets,2022-04-10 21:00:00,58
,29.09,0.0,50.6,11,General,mixed baskets,2022-04-10 22:00:00,55
,23.72,0.0,50.6,11,Frozen,frozen foods,2022-04-10 23:00:00,55
,29.15,0.0,54.7,10,Dairy,milk and yogurt aisle,2022-04-11 00:00:00,47
,26.54,0.0,41.0,7,Produce,fresh fruit and veg,2022-04-11 01:00:00,68
,27.61,0.0,66.2,7,Bakery,bread and pastry,2022-04-11 02:00:00,56
,27.26,0.0,46.7,10,Dairy,milk and yogurt aisle,2022-04-11 03:00:00,59
,25.02,0.0,50.0,4,General,mixed baskets,2022-04-11 04:00:00,56
,25.4,0.0,50.1,5,Produce,fresh fruit and veg,2022-04-11 05:00:00,20
,21.98,0.0,52.7,5,General,mixed baskets,2022-04-11 06:00:00,37
,24.45,0.0,58.1,8,Bakery,bread and pastry,2022-04-11 07:00:00,34
,25.26,0.0,64.7,6,Dairy,milk and yogurt aisle,2022-04-11 08:00:00,54
,22.94,0.0,56.8,7,Produce,fresh fruit and veg,2022-04-11 09:00:00,60
,26.07,0.0,67.6,10,Produce,fresh fruit and veg,2022-04-11 10:00:00,87
,29.02,0.0,52.1,11,Bakery,bread and pastry,2022-04-11 11:00:00,95
,24.6,0.0,60.6,7,Bakery,bread and pastry,2022-04-11 12:00:00,101
,23.42,0.0,61.4,7,Produce,fresh fruit and veg,2022-04-11 13:00:00,89
,23.7,0.0,56.2,12,General,mixed baskets,2022-04-11 14:00:00,32
,26.3,0.0,60.4,10,Dairy,milk and yogurt aisle,2022-04-11 15:00:00,31
,30.19,0.0,47.0,12,General,mixed baskets,2022-04-11 16:00:00,50
,26.24,0.0,65.7,6,Produce,fresh fruit and veg,2022-04-11 17:00:00,64
,25.97,0.0,61.6,8,Produce,fresh fruit and veg,2022-04-11 18:00:00,88
,22.74,0.0,56.4,6,Frozen,frozen foods,2022-04-11 19:00:00,76
,26.66,0.0,52.3,8,General,mixed baskets,2022-04-11 20:00:00,84
,27.4,0.0,61.8,5,General,mixed baskets,2022-04-11 21:00:00,58
,24.82,0.0,46.4,11,Bakery,bread and pastry,2022-04-11 22:00:00,31
,25.77,1.96,66.9,6,Produce,fresh fruit and veg,2022-04-11 23:00:00,30
,24.16,0.72,64.7,3,Frozen,frozen foods,2022-04-12 00:00:00,45
,27.65,0.0,75.1,10,Dairy,milk and yogurt aisle,2022-04-12 01:00:00,27
,29.14,0.0,54.4,3,Bakery,bread and pastry,2022-04-12 02:00:00,31
,26.76,0.0,66.0,8,Frozen,frozen foods,2022-04-12 03:00:00,38
,27.08,0.0,60.1,6,Bakery,bread and pastry,2022-04-12 04:00:00,41
,25.94,0.0,42.3,5,General,mixed baskets,2022-04-12 05:00:00,25
,24.21,0.0,44.8,7,General,mixed baskets,2022-04-12 06:00:00,35
,23.89,0.0,50.9,3,General,mixed baskets,2022-04-12 07:00:00,46
,24.81,0.0,64.4,8,General,mixed baskets,2022-04-12 08:00:00,56
,26.1,0.0,66.7,9,Dairy,milk and yogurt aisle,2022-04-12 09:00:00,16
,25.8,0.0,53.2,11,General,mixed baskets,2022-04-12 10:00:00,110
,28.34,0.0,58.6,9,General,mixed baskets,2022-04-12 11:00:00,105
,27.66,0.0,56.9,10,Frozen,frozen foods,2022-04-12 12:00:00,82
,29.52,0.0,35.3,8,Produce,fresh fruit and veg,2022-04-12 13:00:00,77
,27.75,2.81,72.3,10,Bakery,bread and pastry,2022-04-12 14:00:00,44
,25.21,0.0,66.4,13,General,mixed baskets,2022-04-12 15:00:00,34
,26.06,0.0,37.3,13,Produce,fresh fruit and veg,2022-04-12 16:00:00,41
,21.78,0.0,47.6,8,Produce,fresh fruit and veg,2022-04-12 17:00:00,85
,29.98,0.0,54.5,11,Produce,fresh fruit and veg,2022-04-12 18:00:00,70
,24.37,0.0,54.5,5,Dairy,milk and yogurt aisle,2022-04-12 19:00:00,76
,24.81,0.0,63.5,6,Dairy,milk and yogurt aisle,2022-04-12 20:00:00,80
,30.36,0.0,64.5,4,Dairy,milk and yogurt aisle,2022-04-12 21:00:00,50
,23.15,0.0,50.7,8,Produce,fresh fruit and veg,2022-04-12 22:00:00,61
,24.29,0.0,60.6,5,Dairy,milk and yogurt aisle,2022-04-12 23:00:00,60
,25.64,0.0,50.0,7,General,mixed baskets,2022-04-13 00:00:00,42
,24.35,0.0,52.6,11,General,mixed baskets,2022-04-13 01:00:00,37
,26.02,0.0,57.0,3,General,mixed baskets,2022-04-13 02:00:00,68
,26.41,0.0,59.5,4,Dairy,milk and yogurt aisle,2022-04-13 03:00:00,47
,27.38,0.0,50.1,5,Produce,fresh fruit and veg,2022-04-13 04:00:00,45
,25.54,0.0,70.4,10,General,mixed baskets,2022-04-13 05:00:00,26
,27.53,0.0,56.8,7,General,mixed baskets,2022-04-13 06:00:00,49
,24.98,0.0,55.2,9,Frozen,frozen foods,2022-04-13 07:00:00,30
,27.32,0.0,61.3,7,Frozen,frozen foods,2022-04-13 08:00:00,34
,28.74,0.0,50.1,7,Dairy,milk and yogurt aisle,2022-04-13 09:00:00,24
,21.5,0.0,57.6,6,General,mixed baskets,2022-04-13 10:00:00,88
,25.25,0.0,35.5,6,Bakery,bread and pastry,2022-04-13 11:00:00,95
,26.26,0.0,41.4,5,Produce,fresh fruit and veg,2022-04-13 12:00:00,77
,21.11,0.0,52.2,10,Dairy,milk and yogurt aisle,2022-04-13 13:00:00,84
,18.21,0.0,51.4,6,Produce,fresh fruit and veg,2022-04-13 14:00:00,39
,26.59,0.0,52.3,13,Dairy,milk and yogurt aisle,2022-04-13 15:00:00,24
,24.2,0.31,50.8,7,Frozen,frozen foods,2022-04-13 16:00:00,25
,27.76,1.72,64.9,5,General,mixed baskets,2022-04-13 17:00:00,65
,25.79,0.0,64.8,6,General,mixed baskets,2022-04-13 18:00:00,58
,25.78,0.77,53.4,6,Produce,fresh fruit and veg,2022-04-13 19:00:00,82
,24.94,0.0,63.4,11,Frozen,frozen foods,2022-04-13 20:00:00,63
,26.07,0.0,58.2,5,General,mixed baskets,2022-04-13 21:00:00,49
,23.56,0.0,45.5,10,Dairy,milk and yogurt aisle,2022-04-13 22:00:00,51
,24.53,0.0,44.3,4,Bakery,bread and pastry,2022-04-13 23:00:00,25
,27.74,0.0,55.5,3,General,mixed baskets,2022-04-14 00:00:00,40
,25.15,0.0,63.8,10,Produce,fresh fruit and veg,2022-04-14 01:00:00,34
,27.04,0.0,47.8,9,General,mixed baskets,2022-04-14 02:00:00,26
,25.76,0.0,38.4,11,Bakery,bread and pastry,2022-04-14 03:00:00,36
,24.94,0.0,62.9,8,Bakery,bread and pastry,2022-04-14 04:00:00,37
,23.38,6.53,84.0,5,Frozen,frozen foods,2022-04-14 05:00:00,48
,27.88,0.0,53.3,4,General,mixed baskets,2022-04-14 06:00:00,52
,23.72,0.0,63.8,10,General,mixed baskets,2022-04-14 07:00:00,26
,26.71,0.0,71.4,11,Frozen,frozen foods,2022-04-14 08:00:00,35
,21.91,0.0,48.4,11,Produce,fresh fruit and veg,2022-04-14 09:00:00,46
,26.46,0.0,52.1,8,General,mixed baskets,2022-04-14 10:00:00,109
,26.74,0.0,52.1,10,Bakery,bread and pastry,2022-04-14 11:00:00,65
,24.19,0.0,63.8,8,Bakery,bread and pastry,2022-04-14 12:00:00,110
,21.76,0.0,48.4,12,General,mixed baskets,2022-04-14 13:00:00,92
,25.39,0.0,52.6,8,General,mixed baskets,2022-04-14 14:00:00,58
,26.04,0.0,65.3,9,General,mixed baskets,2022-04-14 15:00:00,34
,24.48,0.05,63.4,10,Bakery,bread and pastry,2022-04-14 16:00:00,30
,24.1,0.0,63.7,9,Frozen,frozen foods,2022-04-14 17:00:00,75
,28.04,0.0,47.8,8,Bakery,bread and pastry,2022-04-14 18:00:00,88
,25.5,0.0,58.8,8,Bakery,bread and pastry,2022-04-14 19:00:00,75
,24.75,0.0,50.6,5,Bakery,bread and pastry,2022-04-14 20:00:00,46
,27.88,0.0,62.6,7,Bakery,bread and pastry,2022-04-14 21:00:00,48
,25.73,0.39,60.4,6,Dairy,milk and yogurt aisle,2022-04-14 22:00:00,20
,24.05,0.0,60.9,11,General,mixed baskets,2022-04-14 23:00:00,28
Mid Month Offer,27.91,0.0,53.9,10,Frozen,frozen foods,2022-04-15 00:00:00,26
Mid Month Offer,24.85,1.68,61.5,8,General,mixed baskets,2022-04-15 01:00:00,17
Mid Month Offer,28.04,0.0,58.3,5,General,mixed baskets,2022-04-15 02:00:00,24
Mid Month Offer,24.08,0.32,54.6,11,Frozen,frozen foods,2022-04-15 03:00:00,28
Mid Month Offer,26.55,2.67,65.9,5,Frozen,frozen foods,2022-04-15 04:00:00,32
Mid Month Offer,28.82,0.0,47.6,3,General,mixed baskets,2022-04-15 05:00:00,39
Mid Month Offer,26.88,0.0,45.9,10,General,mixed baskets,2022-04-15 06:00:00,35
Mid Month Offer,26.99,0.0,41.7,7,General,mixed baskets,2022-04-15 07:00:00,22
Mid Month Offer,26.86,0.0,54.1,9,Produce,fresh fruit and veg,2022-04-15 08:00:00,37
Mid Month Offer,27.88,1.25,65.8,7,Frozen,frozen foods,2022-04-15 09:00:00,51
Mid Month Offer,25.96,0.0,58.7,9,Produce,fresh fruit and veg,2022-04-15 10:00:00,106
Mid Month Offer,26.86,0.0,39.6,5,Bakery,bread and pastry,2022-04-15 11:00:00,96
Mid Month Offer,25.19,0.0,58.5,13,Bakery,bread and pastry,2022-04-15 12:00:00,102
Mid Month Offer,30.54,0.0,55.6,10,Dairy,milk and yogurt aisle,2022-04-15 13:00:00,105
Mid Month Offer,23.58,0.0,54.1,10,General,mixed baskets,2022-04-15 14:00:00,56
Mid Month Offer,27.8,0.0,57.1,6,General,mixed baskets,2022-04-15 15:00:00,60
Mid Month Offer,23.33,2.02,66.0,9,General,mixed baskets,2022-04-15 16:00:00,36
Mid Month Offer,27.09,0.0,66.2,13,Produce,fresh fruit and veg,2022-04-15 17:00:00,71
Mid Month Offer,29.01,0.0,65.2,8,General,mixed baskets,2022-04-15 18:00:00,92
Mid Month Offer,23.05,0.0,70.5,13,General,mixed baskets,2022-04-15 19:00:00,93
Mid Month Offer,30.1,0.0,60.0,11,Frozen,frozen foods,2022-04-15 20:00:00,93
Mid Month Offer,23.38,0.0,50.7,11,Produce,fresh fruit and veg,2022-04-15 21:00:00,11
Mid Month Offer,23.73,0.0,65.9,10,General,mixed baskets,2022-04-15 22:00:00,37
Mid Month Offer,26.55,0.0,45.8,8,General,mixed baskets,2022-04-15 23:00:00,5
,23.0,0.0,62.0,10,Produce,fresh fruit and veg,2022-04-16 00:00:00,68
,28.14,0.0,47.3,9,General,mixed baskets,2022-04-16 01:00:00,60
,26.93,0.0,50.9,10,Dairy,milk and yogurt aisle,2022-04-16 02:00:00,60
,18.99,0.0,65.1,11,Produce,fresh fruit and veg,2022-04-16 03:00:00,58
,22.2,0.0,50.5,6,General,mixed baskets,2022-04-16 04:00:00,75
,23.93,0.0,63.9,11,Produce,fresh fruit and veg,2022-04-16 05:00:00,56
,26.75,0.72,62.6,5,Dairy,milk and yogurt aisle,2022-04-16 06:00:00,72
,23.07,0.0,54.3,9,General,mixed baskets,2022-04-16 07:00:00,66
,23.93,0.0,61.3,8,General,mixed baskets,2022-04-16 08:00:00,64
,27.24,0.0,60.2,6,General,mixed baskets,2022-04-16 09:00:00,65
,23.26,0.0,56.6,8,Bakery,bread and pastry,2022-04-16 10:00:00,116
,26.44,0.0,50.4,11,Produce,fresh fruit and veg,2022-04-16 11:00:00,101
,22.34,0.0,62.0,9,General,mixed baskets,2022-04-16 12:00:00,123
,28.18,0.0,52.9,8,General,mixed baskets,2022-04-16 13:00:00,123
,29.21,0.0,55.0,9,Bakery,bread and pastry,2022-04-16 14:00:00,58
,22.87,0.0,59.0,13,Produce,fresh fruit and veg,2022-04-16 15:00:00,68
,19.87,0.0,54.7,7,Bakery,bread and pastry,2022-04-16 16:00:00,70
,21.55,0.0,57.5,5,Produce,fresh fruit and veg,2022-04-16 17:00:00,79
,28.07,0.0,57.9,5,Produce,fresh fruit and veg,2022-04-16 18:00:00,93
,24.28,0.0,57.7,13,Dairy,milk and yogurt aisle,2022-04-16 19:00:00,89
,28.28,0.0,56.5,9,Frozen,frozen foods,2022-04-16 20:00:00,84
,22.39,0.24,67.1,3,Bakery,bread and pastry,2022-04-16 21:00:00,63
,23.36,0.0,51.7,4,General,mixed baskets,2022-04-16 22:00:00,49
,25.39,0.0,52.1,4,General,mixed baskets,2022-04-16 23:00:00,54
,28.28,0.0,45.6,5,General,mixed baskets,2022-04-17 00:00:00,62
,25.11,0.0,37.1,7,Dairy,milk and yogurt aisle,2022-04-17 01:00:00,64
,23.1,0.0,60.7,7,Bakery,bread and pastry,2022-04-17 02:00:00,63
,26.38,0.0,59.2,11,General,mixed baskets,2022-04-17 03:00:00,86
,25.85,0.0,66.8,5,Produce,fresh fruit and veg,2022-04-17 04:00:00,53
,26.88,0.0,44.1,4,Frozen,frozen foods,2022-04-17 05:00:00,63
,25.2,0.0,49.4,4,Produce,fresh fruit and veg,2022-04-17 06:00:00,45
,24.1,0.0,51.0,3,General,mixed baskets,2022-04-17 07:00:00,65
,25.69,0.0,70.8,8,Produce,fresh fruit and veg,2022-04-17 08:00:00,73
,19.53,0.0,62.7,6,General,mixed baskets,2022-04-17 09:00:00,74
,26.3,0.0,54.0,12,Produce,fresh fruit and veg,2022-04-17 10:00:00,107
,28.67,0.0,55.2,13,Produce,fresh fruit and veg,2022-04-17 11:00:00,111
,27.0,0.64,59.8,8,Frozen,frozen foods,2022-04-17 12:00:00,130
,23.29,0.0,46.6,12,Frozen,frozen foods,2022-04-17 13:00:00,113
,21.86,0.0,58.1,10,Dairy,milk and yogurt aisle,2022-04-17 14:00:00,71
,28.88,0.0,46.9,8,Produce,fresh fruit and veg,2022-04-17 15:00:00,48
,24.38,1.39,60.3,12,Dairy,milk and yogurt aisle,2022-04-17 16:00:00,76
,25.12,0.0,60.8,8,Frozen,frozen foods,2022-04-17 17:00:00,107
,26.19,0.0,57.5,13,Dairy,milk and yogurt aisle,2022-04-17 18:00:00,100
,24.18,0.0,49.9,8,Produce,fresh fruit and veg,2022-04-17 19:00:00,85
,25.74,0.0,53.1,11,Dairy,milk and yogurt aisle,2022-04-17 20:00:00,93
,29.34,0.0,61.6,5,Bakery,bread and pastry,2022-04-17 21:00:00,61
,24.41,0.0,51.3,10,General,mixed baskets,2022-04-17 22:00:00,63
,30.37,0.0,44.7,6,General,mixed baskets,2022-04-17 23:00:00,58
,26.55,0.0,53.1,11,Produce,fresh fruit and veg,2022-04-18 00:00:00,37
,26.39,0.0,51.2,11,Bakery,bread and pastry,2022-04-18 01:00:00,42
,27.94,0.0,53.6,11,Dairy,milk and yogurt aisle,2022-04-18 02:00:00,56
,27.88,0.0,55.2,11,General,mixed baskets,2022-04-18 03:00:00,15
,28.21,0.0,52.5,4,Dairy,milk and yogurt aisle,2022-04-18 04:00:00,23
,26.98,0.0,52.4,9,Produce,fresh fruit and veg,2022-04-18 05:00:00,21
,24.17,0.0,62.3,4,Dairy,milk and yogurt aisle,2022-04-18 06:00:00,31
,29.63,0.0,59.7,4,General,mixed baskets,2022-04-18 07:00:00,19
,25.24,5.72,79.8,10,Produce,fresh fruit and veg,2022-04-18 08:00:00,46
,23.55,0.0,55.7,8,Produce,fresh fruit and veg,2022-04-18 09:00:00,41
,27.82,0.0,52.1,5,General,mixed baskets,2022-04-18 10:00:00,91
,27.21,0.0,57.5,11,General,mixed baskets,2022-04-18 11:00:00,86
,25.53,0.0,43.7,13,General,mixed baskets,2022-04-18 12:00:00,96
,25.79,1.71,51.4,9,General,mixed baskets,2022-04-18 13:00:00,97
,27.05,0.0,61.7,7,General,mixed baskets,2022-04-18 14:00:00,43
,30.36,0.0,51.3,7,General,mixed baskets,2022-04-18 15:00:00,31
,25.43,2.0,55.8,11,Dairy,milk and yogurt aisle,2022-04-18 16:00:00,47
,22.5,0.0,46.5,6,Frozen,frozen foods,2022-04-18 17:00:00,57
,24.21,0.0,58.5,11,Bakery,bread and pastry,2022-04-18 18:00:00,89
,26.87,0.0,45.7,11,Frozen,frozen foods,2022-04-18 19:00:00,38
,25.11,0.0,64.5,7,General,mixed baskets,2022-04-18 20:00:00,67
,23.97,0.0,56.6,6,General,mixed baskets,2022-04-18 21:00:00,25
,27.41,0.0,41.3,6,Dairy,milk and yogurt aisle,2022-04-18 22:00:00,49
,27.43,0.0,51.0,8,Frozen,frozen foods,2022-04-18 23:00:00,22
,25.07,0.0,47.0,9,Produce,fresh fruit and veg,2022-04-19 00:00:00,61
,26.27,0.0,59.2,8,Dairy,milk and yogurt aisle,2022-04-19 01:00:00,21
,24.0,0.0,59.1,8,General,mixed baskets,2022-04-19 02:00:00,64
,24.06,0.0,51.1,3,Dairy,milk and yogurt aisle,2022-04-19 03:00:00,45
,24.72,0.0,49.9,5,Frozen,frozen foods,2022-04-19 04:00:00,40
,22.21,0.0,58.4,4,Bakery,bread and pastry,2022-04-19 05:00:00,45
,26.4,4.63,63.9,9,General,mixed baskets,2022-04-19 06:00:00,66
,25.36,0.0,65.3,10,General,mixed baskets,2022-04-19 07:00:00,50
,24.3,0.0,49.7,3,Dairy,milk and yogurt aisle,2022-04-19 08:00:00,13
,25.81,0.0,57.6,11,Produce,fresh fruit and veg,2022-04-19 09:00:00,54
,25.87,0.33,40.4,11,General,mixed baskets,2022-04-19 10:00:00,97
,23.7,0.0,57.8,8,Frozen,frozen foods,2022-04-19 11:00:00,75
,24.07,0.6,51.8,7,Produce,fresh fruit and veg,2022-04-19 12:00:00,104
,23.57,0.0,57.0,8,Dairy,milk and yogurt aisle,2022-04-19 13:00:00,80
,28.86,0.0,63.5,7,General,mixed baskets,2022-04-19 14:00:00,42
,21.37,0.0,53.5,13,General,mixed baskets,2022-04-19 15:00:00,42
,25.31,0.0,35.2,8,Produce,fresh fruit and veg,2022-04-19 16:00:00,32
,27.56,1.04,41.9,9,General,mixed baskets,2022-04-19 17:00:00,82
,22.82,0.0,55.5,11,General,mixed baskets,2022-04-19 18:00:00,62
,23.12,0.0,47.8,13,Bakery,bread and pastry,2022-04-19 19:00:00,77
,23.06,0.0,45.7,8,Produce,fresh fruit and veg,2022-04-19 20:00:00,68
,21.02,0.0,62.7,7,Produce,fresh fruit and veg,2022-04-19 21:00:00,37
,28.35,0.0,52.9,6,Produce,fresh fruit and veg,2022-04-19 22:00:00,63
,24.81,0.0,62.0,11,Bakery,bread and pastry,2022-04-19 23:00:00,41
,22.61,0.0,61.9,5,General,mixed baskets,2022-04-20 00:00:00,26
,23.74,0.0,51.6,9,Dairy,milk and yogurt aisle,2022-04-20 01:00:00,38
,25.72,0.08,55.9,11,Bakery,bread and pastry,2022-04-20 02:00:00,30
,24.46,0.0,45.4,3,Produce,fresh fruit and veg,2022-04-20 03:00:00,40
,23.05,0.0,57.8,8,Bakery,bread and pastry,2022-04-20 04:00:00,41
,26.5,0.0,54.3,3,Produce,fresh fruit and veg,2022-04-20 05:00:00,41
,23.05,0.0,66.9,5,Bakery,bread and pastry,2022-04-20 06:00:00,41
,24.26,0.0,61.1,7,Dairy,milk and yogurt aisle,2022-04-20 07:00:00,33
,25.65,0.0,53.3,10,General,mixed baskets,2022-04-20 08:00:00,45
,23.43,0.0,49.2,5,Dairy,milk and yogurt aisle,2022-04-20 09:00:00,52
,25.41,0.0,52.8,7,Frozen,frozen foods,2022-04-20 10:00:00,87
,23.63,0.0,54.5,6,Bakery,bread and pastry,2022-04-20 11:00:00,94
,31.79,0.0,60.4,10,Produce,fresh fruit and veg,2022-04-20 12:00:00,95
,24.19,0.0,62.5,8,General,mixed baskets,2022-04-20 13:00:00,110
,26.9,0.0,45.1,11,General,mixed baskets,2022-04-20 14:00:00,52
,23.08,0.26,47.1,5,Dairy,milk and yogurt aisle,2022-04-20 15:00:00,31
,22.42,0.0,57.1,8,Dairy,milk and yogurt aisle,2022-04-20 16:00:00,40
,24.87,0.0,45.0,5,General,mixed baskets,2022-04-20 17:00:00,57
,24.32,0.0,53.7,8,Bakery,bread and pastry,2022-04-20 18:00:00,63
,24.33,0.0,40.6,12,Produce,fresh fruit and veg,2022-04-20 19:00:00,75
,25.09,0.0,51.9,5,Produce,fresh fruit and veg,2022-04-20 20:00:00,82
,27.35,0.0,50.9,3,Frozen,frozen foods,2022-04-20 21:00:00,51
,29.89,0.0,51.9,10,Dairy,milk and yogurt aisle,2022-04-20 22:00:00,36
,30.14,0.0,49.4,3,Frozen,frozen foods,2022-04-20 23:00:00,23
,25.25,0.0,58.2,7,Produce,fresh fruit and veg,2022-04-21 00:00:00,44
,29.63,0.0,61.3,8,General,mixed baskets,2022-04-21 01:00:00,37
,29.3,0.0,60.1,11,Bakery,bread and pastry,2022-04-21 02:00:00,45
,23.54,0.05,52.4,6,Bakery,bread and pastry,2022-04-21 03:00:00,41
,23.88,0.0,52.0,7,General,mixed baskets,2022-04-21 04:00:00,48
,24.82,1.29,53.1,3,General,mixed baskets,2022-04-21 05:00:00,47
,29.9,0.0,48.8,8,General,mixed baskets,2022-04-21 06:00:00,50
,24.7,0.0,53.1,5,Bakery,bread and pastry,2022-04-21 07:00:00,34
,24.44,0.0,53.1,7,Dairy,milk and yogurt aisle,2022-04-21 08:00:00,51
,28.46,0.0,52.7,9,General,mixed baskets,2022-04-21 09:00:00,33
,24.58,0.0,56.2,13,General,mixed baskets,2022-04-21 10:00:00,96
,24.64,0.0,61.0,5,Dairy,milk and yogurt aisle,2022-04-21 11:00:00,117
,26.49,0.0,49.4,8,General,mixed baskets,2022-04-21 12:00:00,99
,25.44,0.0,52.6,6,Bakery,bread and pastry,2022-04-21 13:00:00,81
,19.03,0.0,58.7,7,Produce,fresh fruit and veg,2022-04-21 14:00:00,57
,21.91,0.0,56.0,9,Produce,fresh fruit and veg,2022-04-21 15:00:00,52
,26.74,0.0,48.2,10,General,mixed baskets,2022-04-21 16:00:00,53
,21.44,1.09,48.6,12,General,mixed baskets,2022-04-21 17:00:00,77
,28.02,0.0,59.5,11,Frozen,frozen foods,2022-04-21 18:00:00,79
,24.8,0.0,46.2,8,Frozen,frozen foods,2022-04-21 19:00:00,72
,25.6,0.0,57.7,5,Produce,fresh fruit and veg,2022-04-21 20:00:00,66
,25.67,0.0,46.7,9,Bakery,bread and pastry,2022-04-21 21:00:00,58
,20.54,0.0,68.1,7,Produce,fresh fruit and veg,2022-04-21 22:00:00,35
,23.21,0.0,46.4,5,Produce,fresh fruit and veg,2022-04-21 23:00:00,34
,22.33,0.0,68.7,8,General,mixed baskets,2022-04-22 00:00:00,34
,25.52,0.0,60.4,3,Produce,fresh fruit and veg,2022-04-22 01:00:00,62
,28.7,0.0,65.4,11,Produce,fresh fruit and veg,2022-04-22 02:00:00,50
,24.37,0.06,64.4,8,General,mixed baskets,2022-04-22 03:00:00,35
,25.11,0.0,58.8,5,Produce,fresh fruit and veg,2022-04-22 04:00:00,39
,20.1,0.0,52.4,4,Dairy,milk and yogurt aisle,2022-04-22 05:00:00,46
,24.01,0.0,73.8,5,Bakery,bread and pastry,2022-04-22 06:00:00,50
,24.33,0.0,51.6,7,General,mixed baskets,2022-04-22 07:00:00,20
,24.47,0.0,56.3,6,Frozen,frozen foods,2022-04-22 08:00:00,50
,26.42,0.59,46.1,6,Produce,fresh fruit and veg,2022-04-22 09:00:00,37
,28.41,0.0,54.8,6,Bakery,bread and pastry,2022-04-22 10:00:00,86
,24.9,0.0,59.4,7,General,mixed baskets,2022-04-22 11:00:00,90
,25.91,0.0,49.4,8,Frozen,frozen foods,2022-04-22 12:00:00,104
,21.08,0.0,55.9,8,Produce,fresh fruit and veg,2022-04-22 13:00:00,116
,26.44,0.0,52.6,8,General,mixed baskets,2022-04-22 14:00:00,41
,25.03,0.0,52.2,6,Frozen,frozen foods,2022-04-22 15:00:00,46
,20.62,0.0,59.7,10,General,mixed baskets,2022-04-22 16:00:00,30
,25.78,0.0,61.6,8,Produce,fresh fruit and veg,2022-04-22 17:00:00,80
,23.32,0.01,49.2,13,Produce,fresh fruit and veg,2022-04-22 18:00:00,84
,27.45,0.0,41.5,5,Dairy,milk and yogurt aisle,2022-04-22 19:00:00,57
,26.09,0.0,58.5,7,Produce,fresh fruit and veg,2022-04-22 20:00:00,68
,25.16,0.0,46.4,11,Bakery,bread and pastry,2022-04-22 21:00:00,49
,29.2,0.0,51.3,8,General,mixed baskets,2022-04-22 22:00:00,18
,24.56,2.15,54.9,8,Bakery,bread and pastry,2022-04-22 23:00:00,35
,24.14,0.0,62.6,8,General,mixed baskets,2022-04-23 00:00:00,67
,25.0,0.0,71.8,5,Frozen,frozen foods,2022-04-23 01:00:00,39
,25.21,0.0,50.3,9,Dairy,milk and yogurt aisle,2022-04-23 02:00:00,55
,22.81,0.0,71.7,3,General,mixed baskets,2022-04-23 03:00:00,60
,26.34,0.0,56.1,9,General,mixed baskets,2022-04-23 04:00:00,70
,25.98,0.0,52.3,6,Produce,fresh fruit and veg,2022-04-23 05:00:00,44
,23.64,0.0,63.5,5,General,mixed baskets,2022-04-23 06:00:00,73
,21.09,0.0,69.8,8,Dairy,milk and yogurt aisle,2022-04-23 07:00:00,63
,27.94,0.0,53.1,3,General,mixed baskets,2022-04-23 08:00:00,74
,28.23,0.0,52.3,11,Frozen,frozen foods,2022-04-23 09:00:00,73
,27.22,0.0,69.3,9,Frozen,frozen foods,2022-04-23 10:00:00,119
,27.45,0.0,61.7,9,General,mixed baskets,2022-04-23 11:00:00,120
,29.48,1.57,37.7,11,General,mixed baskets,2022-04-23 12:00:00,94
,25.89,0.0,53.6,5,General,mixed baskets,2022-04-23 13:00:00,98
,29.13,0.0,48.6,7,Dairy,milk and yogurt aisle,2022-04-23 14:00:00,47
,24.75,0.0,50.2,12,Dairy,milk and yogurt aisle,2022-04-23 15:00:00,55
,22.98,0.0,55.8,12,General,mixed baskets,2022-04-23 16:00:00,71
,25.19,0.0,51.1,11,Produce,fresh fruit and veg,2022-04-23 17:00:00,73
,24.39,0.0,51.7,13,Frozen,frozen foods,2022-04-23 18:00:00,91
,26.4,0.0,71.0,8,General,mixed baskets,2022-04-23 19:00:00,79
,29.69,0.38,43.3,12,Bakery,bread and pastry,2022-04-23 20:00:00,76
,26.24,0.0,56.1,9,Frozen,frozen foods,2022-04-23 21:00:00,77
,27.81,0.0,59.4,10,Frozen,frozen foods,2022-04-23 22:00:00,61
,30.5,0.59,45.3,9,General,mixed baskets,2022-04-23 23:00:00,79
,29.64,0.0,45.9,7,General,mixed baskets,2022-04-24 00:00:00,74
,25.41,0.0,46.0,3,Dairy,milk and yogurt aisle,2022-04-24 01:00:00,48
,23.53,0.0,61.4,4,Produce,fresh fruit and veg,2022-04-24 02:00:00,37
,30.48,0.0,46.3,7,Bakery,bread and pastry,2022-04-24 03:00:00,84
,22.54,0.0,58.7,6,Produce,fresh fruit and veg,2022-04-24 04:00:00,55
,20.69,0.0,45.5,7,Frozen,frozen foods,2022-04-24 05:00:00,46
,20.25,0.0,45.0,5,Dairy,milk and yogurt aisle,2022-04-24 06:00:00,68
,28.12,0.0,58.2,11,Produce,fresh fruit and veg,2022-04-24 07:00:00,61
,21.56,0.0,61.2,10,General,mixed baskets,2022-04-24 08:00:00,51
,24.58,0.0,44.2,8,General,mixed baskets,2022-04-24 09:00:00,55
,24.89,0.0,46.8,13,Dairy,milk and yogurt aisle,2022-04-24 10:00:00,116
,28.47,0.0,56.7,10,General,mixed baskets,2022-04-24 11:00:00,115
,21.81,0.0,47.1,12,Dairy,milk and yogurt aisle,2022-04-24 12:00:00,124
,25.35,0.18,46.1,12,Produce,fresh fruit and veg,2022-04-24 13:00:00,110
,25.98,0.19,46.8,13,Dairy,milk and yogurt aisle,2022-04-24 14:00:00,55
,28.73,1.21,60.6,8,Produce,fresh fruit and veg,2022-04-24 15:00:00,67
,24.63,1.72,39.4,5,General,mixed baskets,2022-04-24 16:00:00,63
,25.91,0.0,68.3,7,General,mixed baskets,2022-04-24 17:00:00,108
,24.54,0.0,67.1,13,Bakery,bread and pastry,2022-04-24 18:00:00,92
,27.95,0.0,64.4,12,Dairy,milk and yogurt aisle,2022-04-24 19:00:00,93
,27.59,1.15,56.4,12,Produce,fresh fruit and veg,2022-04-24 20:00:00,81
,24.28,0.0,49.3,6,Dairy,milk and yogurt aisle,2022-04-24 21:00:00,77
,26.61,0.32,59.7,3,Produce,fresh fruit and veg,2022-04-24 22:00:00,43
,21.56,0.0,45.9,5,Dairy,milk and yogurt aisle,2022-04-24 23:00:00,62
,25.37,0.0,71.4,7,Dairy,milk and yogurt aisle,2022-04-25 00:00:00,29
,22.99,0.8,52.2,11,Frozen,frozen foods,2022-04-25 01:00:00,44
,24.17,0.0,63.9,8,Bakery,bread and pastry,2022-04-25 02:00:00,48
,27.72,0.37,62.0,6,Frozen,frozen foods,2022-04-25 03:00:00,20
,30.57,0.0,51.1,4,Dairy,milk and yogurt aisle,2022-04-25 04:00:00,37
,25.73,0.0,52.8,6,Dairy,milk and yogurt aisle,2022-04-25 05:00:00,18
,24.87,0.0,48.1,6,Produce,fresh fruit and veg,2022-04-25 06:00:00,56
,24.39,0.97,58.3,6,Bakery,bread and pastry,2022-04-25 07:00:00,34
,27.09,0.0,59.3,10,General,mixed baskets,2022-04-25 08:00:00,21
,24.78,0.0,54.7,4,Bakery,bread and pastry,2022-04-25 09:00:00,31
,27.67,0.0,51.9,12,Dairy,milk and yogurt aisle,2022-04-25 10:00:00,110
,29.07,0.0,54.8,9,Frozen,frozen foods,2022-04-25 11:00:00,112
,26.8,0.38,65.5,7,Frozen,frozen foods,2022-04-25 12:00:00,110
,24.27,0.0,61.7,8,Produce,fresh fruit and veg,2022-04-25 13:00:00,85
,27.14,0.35,59.6,12,Frozen,frozen foods,2022-04-25 14:00:00,38
,23.52,0.0,49.7,6,Produce,fresh fruit and veg,2022-04-25 15:00:00,59
,20.85,0.0,50.9,9,Produce,fresh fruit and veg,2022-04-25 16:00:00,31
,28.09,0.0,58.5,6,General,mixed baskets,2022-04-25 17:00:00,70
,30.03,0.55,53.2,7,General,mixed baskets,2022-04-25 18:00:00,63
,28.55,0.0,49.2,10,Frozen,frozen foods,2022-04-25 19:00:00,61
,24.35,0.0,65.3,9,General,mixed baskets,2022-04-25 20:00:00,89
,16.8,0.0,55.5,10,Bakery,bread and pastry,2022-04-25 21:00:00,47
,23.41,0.0,56.4,5,Frozen,frozen foods,2022-04-25 22:00:00,45
,26.79,0.0,50.0,3,Produce,fresh fruit and veg,2022-04-25 23:00:00,46
,24.19,0.0,56.8,5,General,mixed baskets,2022-04-26 00:00:00,52
,28.64,0.0,61.0,3,General,mixed baskets,2022-04-26 01:00:00,58
,23.14,0.0,56.7,4,Bakery,bread and pastry,2022-04-26 02:00:00,39
,26.4,0.0,43.0,4,General,mixed baskets,2022-04-26 03:00:00,35
,25.72,0.0,50.8,8,Dairy,milk and yogurt aisle,2022-04-26 04:00:00,27
,25.81,0.0,58.8,9,Produce,fresh fruit and veg,2022-04-26 05:00:00,52
,21.65,0.0,56.4,8,General,mixed baskets,2022-04-26 06:00:00,33
,24.9,0.0,62.4,3,General,mixed baskets,2022-04-26 07:00:00,22
,25.81,0.0,52.2,10,General,mixed baskets,2022-04-26 08:00:00,36
,24.15,0.0,54.1,9,General,mixed baskets,2022-04-26 09:00:00,40
,21.87,0.0,61.6,9,Dairy,milk and yogurt aisle,2022-04-26 10:00:00,104
,23.92,0.0,54.1,10,Bakery,bread and pastry,2022-04-26 11:00:00,107
,22.75,0.0,61.2,7,Dairy,milk and yogurt aisle,2022-04-26 12:00:00,86
,26.0,0.0,40.7,8,General,mixed baskets,2022-04-26 13:00:00,85
,27.56,0.0,47.0,12,Bakery,bread and pastry,2022-04-26 14:00:00,36
,25.95,0.0,61.7,13,General,mixed baskets,2022-04-26 15:00:00,25
,26.05,0.0,60.8,7,General,mixed baskets,2022-04-26 16:00:00,38
,24.68,0.0,60.4,10,General,mixed baskets,2022-04-26 17:00:00,80
,25.61,0.0,61.6,5,Bakery,bread and pastry,2022-04-26 18:00:00,75
,20.25,0.0,61.7,9,General,mixed baskets,2022-04-26 19:00:00,55
,25.31,0.0,45.7,8,Dairy,milk and yogurt aisle,2022-04-26 20:00:00,60
,27.34,0.47,68.4,10,Bakery,bread and pastry,2022-04-26 21:00:00,55
,23.8,0.0,61.2,4,General,mixed baskets,2022-04-26 22:00:00,27
,26.85,0.93,47.9,5,General,mixed baskets,2022-04-26 23:00:00,48
,21.29,0.0,44.1,7,General,mixed baskets,2022-04-27 00:00:00,47
,25.17,0.0,57.6,6,Frozen,frozen foods,2022-04-27 01:00:00,36
,24.58,0.0,49.0,9,Frozen,frozen foods,2022-04-27 02:00:00,28
,26.22,0.0,58.4,11,Produce,fresh fruit and veg,2022-04-27 03:00:00,42
,25.41,0.0,52.0,6,Frozen,frozen foods,2022-04-27 04:00:00,29
,30.62,0.0,42.6,5,Frozen,frozen foods,2022-04-27 05:00:00,37
,17.08,0.0,47.7,8,Bakery,bread and pastry,2022-04-27 06:00:00,41
,21.41,0.12,51.7,6,Produce,fresh fruit and veg,2022-04-27 07:00:00,31
,23.35,0.0,54.2,4,General,mixed baskets,2022-04-27 08:00:00,37
,25.28,0.0,60.5,11,General,mixed baskets,2022-04-27 09:00:00,36
,23.42,0.0,49.1,10,Bakery,bread and pastry,2022-04-27 10:00:00,80
,23.35,0.0,58.0,11,General,mixed baskets,2022-04-27 11:00:00,92
,21.09,0.0,52.5,12,Frozen,frozen foods,2022-04-27 12:00:00,87
,21.63,0.0,53.3,5,Produce,fresh fruit and veg,2022-04-27 13:00:00,73
,22.85,3.36,46.3,11,Dairy,milk and yogurt aisle,2022-04-27 14:00:00,35
,28.84,0.0,50.3,5,General,mixed baskets,2022-04-27 15:00:00,36
,23.0,0.0,42.9,10,General,mixed baskets,2022-04-27 16:00:00,32
,31.95,0.0,59.6,10,General,mixed baskets,2022-04-27 17:00:00,50
,27.71,0.0,62.8,13,Produce,fresh fruit and veg,2022-04-27 18:00:00,84
,24.31,0.0,57.7,8,Produce,fresh fruit and veg,2022-04-27 19:00:00,83
,27.09,0.0,70.5,12,Produce,fresh fruit and veg,2022-04-27 20:00:00,82
,27.61,0.0,56.3,3,Dairy,milk and yogurt aisle,2022-04-27 21:00:00,43
,22.03,0.0,60.9,3,General,mixed baskets,2022-04-27 22:00:00,24
,20.97,0.0,51.6,7,General,mixed baskets,2022-04-27 23:00:00,41
,28.67,0.0,57.1,8,General,mixed baskets,2022-04-28 00:00:00,28
,22.57,0.0,46.3,6,Bakery,bread and pastry,2022-04-28 01:00:00,66
,27.16,0.0,51.9,8,Bakery,bread and pastry,2022-04-28 02:00:00,33
,26.69,1.33,66.4,3,General,mixed baskets,2022-04-28 03:00:00,48
,20.79,0.0,54.2,5,Produce,fresh fruit and veg,2022-04-28 04:00:00,21
,26.61,0.0,51.7,5,General,mixed baskets,2022-04-28 05:00:00,25
,26.4,5.29,69.2,8,Produce,fresh fruit and veg,2022-04-28 06:00:00,33
,28.21,0.0,58.2,11,Produce,fresh fruit and veg,2022-04-28 07:00:00,48
,24.9,0.0,65.0,6,Produce,fresh fruit and veg,2022-04-28 08:00:00,46
,26.13,0.0,42.5,10,Produce,fresh fruit and veg,2022-04-28 09:00:00,43
,25.94,0.0,54.1,8,Frozen,frozen foods,2022-04-28 10:00:00,72
,24.4,0.0,53.2,8,General,mixed baskets,2022-04-28 11:00:00,108
,29.1,0.0,52.4,6,General,mixed baskets,2022-04-28 12:00:00,83
,27.42,0.0,54.1,5,Bakery,bread and pastry,2022-04-28 13:00:00,114
,28.85,0.0,58.3,11,Frozen,frozen foods,2022-04-28 14:00:00,62
,25.88,0.0,63.5,11,Produce,fresh fruit and veg,2022-04-28 15:00:00,49
,27.92,0.0,40.7,10,Frozen,frozen foods,2022-04-28 16:00:00,51
,22.59,0.0,44.9,5,Dairy,milk and yogurt aisle,2022-04-28 17:00:00,59
,23.43,0.0,55.1,11,Bakery,bread and pastry,2022-04-28 18:00:00,105
,27.5,0.0,42.8,10,Frozen,frozen foods,2022-04-28 19:00:00,77
,24.42,0.0,57.8,9,General,mixed baskets,2022-04-28 20:00:00,86
,23.99,0.0,47.5,5,General,mixed baskets,2022-04-28 21:00:00,29
,25.38,0.0,53.1,4,Bakery,bread and pastry,2022-04-28 22:00:00,39
,21.01,0.0,45.0,9,Produce,fresh fruit and veg,2022-04-28 23:00:00,25
,25.34,0.0,47.0,10,General,mixed baskets,2022-04-29 00:00:00,37
,26.15,0.0,75.7,5,Produce,fresh fruit and veg,2022-04-29 01:00:00,40
,24.12,0.0,51.5,3,Frozen,frozen foods,2022-04-29 02:00:00,43
,22.1,0.0,65.5,11,Produce,fresh fruit and veg,2022-04-29 03:00:00,56
,29.32,0.0,53.8,8,Bakery,bread and pastry,2022-04-29 04:00:00,45
,25.99,0.0,59.1,7,General,mixed baskets,2022-04-29 05:00:00,42
,22.35,0.0,47.8,8,Frozen,frozen foods,2022-04-29 06:00:00,40
,23.44,2.11,64.3,3,Produce,fresh fruit and veg,2022-04-29 07:00:00,64
,20.86,0.0,50.0,10,General,mixed baskets,2022-04-29 08:00:00,33
,20.55,0.0,31.6,10,General,mixed baskets,2022-04-29 09:00:00,54
,20.12,0.0,33.2,13,General,mixed baskets,2022-04-29 10:00:00,71
,22.82,2.52,60.7,10,Dairy,milk and yogurt aisle,2022-04-29 11:00:00,84
,25.98,0.0,59.3,10,General,mixed baskets,2022-04-29 12:00:00,99
,26.78,0.0,47.9,9,General,mixed baskets,2022-04-29 13:00:00,93
,24.63,0.0,45.6,10,Bakery,bread and pastry,2022-04-29 14:00:00,76
,27.49,0.0,49.5,12,Produce,fresh fruit and veg,2022-04-29 15:00:00,70
,26.35,0.16,67.5,12,General,mixed baskets,2022-04-29 16:00:00,21
,22.03,0.0,39.4,5,General,mixed baskets,2022-04-29 17:00:00,62
,22.8,0.0,59.1,5,Produce,fresh fruit and veg,2022-04-29 18:00:00,73
,25.64,2.52,70.6,11,General,mixed baskets,2022-04-29 19:00:00,95
,26.63,0.0,43.2,6,Bakery,bread and pastry,2022-04-29 20:00:00,88
,27.65,0.0,46.6,11,Bakery,bread and pastry,2022-04-29 21:00:00,43
,21.47,0.0,50.8,9,General,mixed baskets,2022-04-29 22:00:00,23
,20.04,0.0,48.6,11,General,mixed baskets,2022-04-29 23:00:00,29
,29.93,0.0,61.5,4,Produce,fresh fruit and veg,2022-04-30 00:00:00,27
,24.17,0.0,54.6,5,Dairy,milk and yogurt aisle,2022-04-30 01:00:00,41
,27.38,0.0,49.7,9,Frozen,frozen foods,2022-04-30 02:00:00,65
,24.96,0.0,56.8,11,Bakery,bread and pastry,2022-04-30 03:00:00,69
,21.41,0.0,63.6,10,Dairy,milk and yogurt aisle,2022-04-30 04:00:00,44
,28.4,0.0,51.0,3,Bakery,bread and pastry,2022-04-30 05:00:00,61
,26.07,0.0,47.4,11,General,mixed baskets,2022-04-30 06:00:00,79
,28.6,0.0,61.3,9,General,mixed baskets,2022-04-30 07:00:00,62
,26.42,0.0,67.7,11,Produce,fresh fruit and veg,2022-04-30 08:00:00,56
,22.42,0.0,66.4,7,Frozen,frozen foods,2022-04-30 09:00:00,67
,24.81,1.19,64.0,10,Produce,fresh fruit and veg,2022-04-30 10:00:00,121
,27.41,0.0,52.8,13,Bakery,bread and pastry,2022-04-30 11:00:00,116
,23.18,1.96,66.6,8,Bakery,bread and pastry,2022-04-30 12:00:00,108
,25.39,0.0,58.8,10,Produce,fresh fruit and veg,2022-04-30 13:00:00,109
,27.84,0.0,59.3,5,General,mixed baskets,2022-04-30 14:00:00,61
,21.81,0.0,54.2,8,General,mixed baskets,2022-04-30 15:00:00,53
,23.99,0.0,62.7,7,Produce,fresh fruit and veg,2022-04-30 16:00:00,76
,25.37,0.0,61.5,13,Produce,fresh fruit and veg,2022-04-30 17:00:00,105
,27.33,0.0,44.6,9,Bakery,bread and pastry,2022-04-30 18:00:00,108
,24.69,6.89,80.9,13,General,mixed baskets,2022-04-30 19:00:00,119
,23.13,0.0,46.7,13,General,mixed baskets,2022-04-30 20:00:00,114
,26.34,0.0,55.5,6,General,mixed baskets,2022-04-30 21:00:00,77
,23.41,0.0,53.5,9,Frozen,frozen foods,2022-04-30 22:00:00,64
,25.99,0.0,58.5,3,General,mixed baskets,2022-04-30 23:00:00,57
,25.77,0.0,50.7,3,Produce,fresh fruit and veg,2022-05-01 00:00:00,87
,24.38,3.57,62.5,8,Produce,fresh fruit and veg,2022-05-01 01:00:00,51
,27.03,0.0,50.6,4,General,mixed baskets,2022-05-01 02:00:00,52
,27.84,1.53,55.4,3,Dairy,milk and yogurt aisle,2022-05-01 03:00:00,49
,21.61,0.0,43.4,8,General,mixed baskets,2022-05-01 04:00:00,62
,26.19,0.0,58.8,3,Frozen,frozen foods,2022-05-01 05:00:00,65
,24.47,0.0,50.1,11,General,mixed baskets,2022-05-01 06:00:00,72
,24.13,0.0,57.5,7,General,mixed baskets,2022-05-01 07:00:00,57
,25.11,0.0,54.7,4,General,mixed baskets,2022-05-01 08:00:00,39
,27.85,0.0,58.1,9,Bakery,bread and pastry,2022-05-01 09:00:00,63
,24.53,0.0,59.4,11,Bakery,bread and pastry,2022-05-01 10:00:00,126
,24.09,0.0,44.5,8,Bakery,bread and pastry,2022-05-01 11:00:00,115
,21.76,0.0,53.9,13,Frozen,frozen foods,2022-05-01 12:00:00,113
,24.49,0.0,56.3,9,Dairy,milk and yogurt aisle,2022-05-01 13:00:00,121
,24.91,0.23,50.0,12,Produce,fresh fruit and veg,2022-05-01 14:00:00,77
,22.52,0.0,49.6,13,Dairy,milk and yogurt aisle,2022-05-01 15:00:00,59
,24.15,0.0,57.7,10,Bakery,bread and pastry,2022-05-01 16:00:00,43
,26.12,0.35,66.0,5,Dairy,milk and yogurt aisle,2022-05-01 17:00:00,88
,28.41,0.0,59.2,5,Bakery,bread and pastry,2022-05-01 18:00:00,93
,24.22,0.0,60.4,9,Frozen,frozen foods,2022-05-01 19:00:00,73
,29.93,0.14,57.8,5,General,mixed baskets,2022-05-01 20:00:00,104
,27.44,0.0,69.9,6,Dairy,milk and yogurt aisle,2022-05-01 21:00:00,50
,27.13,0.0,55.2,7,Bakery,bread and pastry,2022-05-01 22:00:00,66
,26.45,0.0,62.1,10,Frozen,frozen foods,2022-05-01 23:00:00,62
,25.15,0.0,81.6,11,Produce,fresh fruit and veg,2022-05-02 00:00:00,36
,23.34,0.0,57.9,5,Dairy,milk and yogurt aisle,2022-05-02 01:00:00,59
,24.75,0.0,54.8,5,Frozen,frozen foods,2022-05-02 02:00:00,33
,25.08,0.0,42.6,7,General,mixed baskets,2022-05-02 03:00:00,31
,25.34,0.0,42.1,4,Dairy,milk and yogurt aisle,2022-05-02 04:00:00,43
,28.8,0.0,71.8,6,Bakery,bread and pastry,2022-05-02 05:00:00,50
,29.96,0.0,55.4,9,Dairy,milk and yogurt aisle,2022-05-02 06:00:00,39
,26.3,0.0,47.7,5,General,mixed baskets,2022-05-02 07:00:00,28
,27.47,2.55,58.7,5,Dairy,milk and yogurt aisle,2022-05-02 08:00:00,48
,23.25,0.0,46.1,10,Dairy,milk and yogurt aisle,2022-05-02 09:00:00,47
,20.01,0.0,54.8,13,Dairy,milk and yogurt aisle,2022-05-02 10:00:00,119
,24.73,0.62,51.6,10,Dairy,milk and yogurt aisle,2022-05-02 11:00:00,92
,25.61,0.0,59.5,8,Dairy,milk and yogurt aisle,2022-05-02 12:00:00,97
,28.5,0.44,68.1,13,Produce,fresh fruit and veg,2022-05-02 13:00:00,88
,31.05,0.0,58.8,5,Produce,fresh fruit and veg,2022-05-02 14:00:00,22
,25.67,0.0,55.3,5,Dairy,milk and yogurt aisle,2022-05-02 15:00:00,40
,28.27,0.0,55.2,11,General,mixed baskets,2022-05-02 16:00:00,50
,27.79,0.0,65.8,9,Bakery,bread and pastry,2022-05-02 17:00:00,62
,25.56,1.15,47.9,10,General,mixed baskets,2022-05-02 18:00:00,66
,27.09,0.0,47.4,10,Dairy,milk and yogurt aisle,2022-05-02 19:00:00,60
,25.98,0.0,50.6,8,General,mixed baskets,2022-05-02 20:00:00,91
,28.91,0.0,45.5,7,Bakery,bread and pastry,2022-05-02 21:00:00,32
,22.39,0.0,59.0,4,Produce,fresh fruit and veg,2022-05-02 22:00:00,46
,19.24,0.0,51.9,8,Bakery,bread and pastry,2022-05-02 23:00:00,29
,25.3,0.0,47.4,8,Produce,fresh fruit and veg,2022-05-03 00:00:00,40
,27.28,0.0,59.3,9,Produce,fresh fruit and veg,2022-05-03 01:00:00,32
,27.6,0.0,54.3,11,Frozen,frozen foods,2022-05-03 02:00:00,11
,23.56,0.0,58.2,10,Produce,fresh fruit and veg,2022-05-03 03:00:00,40
,26.34,0.0,54.9,5,General,mixed baskets,2022-05-03 04:00:00,46
,23.35,0.0,50.8,11,General,mixed baskets,2022-05-03 05:00:00,14
,26.69,0.0,46.5,9,Bakery,bread and pastry,2022-05-03 06:00:00,37
,23.12,0.0,58.6,4,Produce,fresh fruit and veg,2022-05-03 07:00:00,34
,22.3,0.0,47.6,9,Bakery,bread and pastry,2022-05-03 08:00:00,27
,27.34,0.0,63.1,4,Produce,fresh fruit and veg,2022-05-03 09:00:00,36
,21.85,0.21,57.6,12,Frozen,frozen foods,2022-05-03 10:00:00,71
,21.31,0.49,56.2,10,Frozen,frozen foods,2022-05-03 11:00:00,98
,26.97,0.0,48.6,10,General,mixed baskets,2022-05-03 12:00:00,109
,25.24,0.0,68.0,13,Produce,fresh fruit and veg,2022-05-03 13:00:00,79
,19.2,0.0,52.9,8,General,mixed baskets,2022-05-03 14:00:00,39
,27.95,3.97,71.2,7,Produce,fresh fruit and veg,2022-05-03 15:00:00,57
,21.92,0.0,49.9,7,Bakery,bread and pastry,2022-05-03 16:00:00,41
,23.86,0.0,64.2,7,General,mixed baskets,2022-05-03 17:00:00,68
,24.71,0.0,58.4,7,General,mixed baskets,2022-05-03 18:00:00,64
,30.03,0.0,63.2,6,Dairy,milk and yogurt aisle,2022-05-03 19:00:00,77
,24.93,0.0,61.6,12,Bakery,bread and pastry,2022-05-03 20:00:00,73
,27.25,0.0,54.1,3,General,mixed baskets,2022-05-03 21:00:00,47
,24.65,0.0,48.2,3,General,mixed baskets,2022-05-03 22:00:00,21
,26.27,0.0,55.6,7,General,mixed baskets,2022-05-03 23:00:00,52
,21.4,0.0,50.0,6,General,mixed baskets,2022-05-04 00:00:00,35
,24.93,4.87,66.8,8,General,mixed baskets,2022-05-04 01:00:00,47
,23.39,0.0,68.6,8,Bakery,bread and pastry,2022-05-04 02:00:00,31
,22.39,2.3,69.5,4,Bakery,bread and pastry,2022-05-04 03:00:00,24
,25.67,0.0,57.8,7,Frozen,frozen foods,2022-05-04 04:00:00,33
,27.52,0.0,60.6,6,Dairy,milk and yogurt aisle,2022-05-04 05:00:00,28
,26.11,0.35,63.5,11,Bakery,bread and pastry,2022-05-04 06:00:00,35
,24.13,0.0,57.2,6,Dairy,milk and yogurt aisle,2022-05-04 07:00:00,47
,26.76,0.0,55.0,10,Produce,fresh fruit and veg,2022-05-04 08:00:00,52
,22.15,3.35,66.5,8,Dairy,milk and yogurt aisle,2022-05-04 09:00:00,42
,25.72,0.0,59.4,12,General,mixed baskets,2022-05-04 10:00:00,88
,26.22,0.0,71.8,9,Produce,fresh fruit and veg,2022-05-04 11:00:00,89
,24.71,0.0,46.5,6,Bakery,bread and pastry,2022-05-04 12:00:00,102
,24.29,0.0,56.1,12,General,mixed baskets,2022-05-04 13:00:00,108
,25.23,0.0,51.4,8,Dairy,milk and yogurt aisle,2022-05-04 14:00:00,36
,23.51,0.0,74.4,6,Frozen,frozen foods,2022-05-04 15:00:00,38
,24.37,0.0,51.6,5,Dairy,milk and yogurt aisle,2022-05-04 16:00:00,30
,26.76,0.0,65.6,12,Produce,fresh fruit and veg,2022-05-04 17:00:00,77
,20.12,0.0,60.5,10,Produce,fresh fruit and veg,2022-05-04 18:00:00,86
,28.04,0.0,59.6,12,General,mixed baskets,2022-05-04 19:00:00,40
,26.06,0.0,64.2,13,Bakery,bread and pastry,2022-05-04 20:00:00,78
,25.46,1.31,63.0,8,Dairy,milk and yogurt aisle,2022-05-04 21:00:00,33
,22.41,0.0,53.4,4,Dairy,milk and yogurt aisle,2022-05-04 22:00:00,12
,23.89,0.0,70.7,7,Bakery,bread and pastry,2022-05-04 23:00:00,43
,23.35,0.0,46.7,9,Produce,fresh fruit and veg,2022-05-05 00:00:00,38
,26.54,0.0,41.2,5,Dairy,milk and yogurt aisle,2022-05-05 01:00:00,44
,26.41,0.0,49.7,11,Produce,fresh fruit and veg,2022-05-05 02:00:00,23
,27.71,0.0,61.3,9,General,mixed baskets,2022-05-05 03:00:00,65
,24.98,0.0,50.6,10,General,mixed baskets,2022-05-05 04:00:00,41
,19.78,0.0,56.6,6,General,mixed baskets,2022-05-05 05:00:00,35
,22.41,0.0,63.2,7,Bakery,bread and pastry,2022-05-05 06:00:00,58
,23.9,0.0,61.3,11,General,mixed baskets,2022-05-05 07:00:00,47
,25.63,0.0,59.1,6,General,mixed baskets,2022-05-05 08:00:00,49
,21.06,2.49,72.1,3,Bakery,bread and pastry,2022-05-05 09:00:00,53
,24.3,0.0,56.3,12,Bakery,bread and pastry,2022-05-05 10:00:00,70
,24.95,0.0,64.4,11,Frozen,frozen foods,2022-05-05 11:00:00,115
,23.3,0.0,57.6,6,General,mixed baskets,2022-05-05 12:00:00,90
,24.31,0.0,67.9,9,Bakery,bread and pastry,2022-05-05 13:00:00,98
,30.45,0.0,64.7,12,Dairy,milk and yogurt aisle,2022-05-05 14:00:00,51
,24.73,0.0,56.7,8,Frozen,frozen foods,2022-05-05 15:00:00,31
,29.7,2.51,72.8,10,Bakery,bread and pastry,2022-05-05 16:00:00,43
,25.37,0.0,63.4,10,Bakery,bread and pastry,2022-05-05 17:00:00,84
,23.0,0.0,62.9,13,Dairy,milk and yogurt aisle,2022-05-05 18:00:00,74
,26.14,0.48,60.5,9,Dairy,milk and yogurt aisle,2022-05-05 19:00:00,80
,23.74,0.0,47.3,5,Frozen,frozen foods,2022-05-05 20:00:00,55
,24.59,0.0,52.4,6,Frozen,frozen foods,2022-05-05 21:00:00,25
,19.17,0.0,63.6,5,Frozen,frozen foods,2022-05-05 22:00:00,26
,25.62,0.0,66.5,9,General,mixed baskets,2022-05-05 23:00:00,44
,23.22,2.66,52.3,11,General,mixed baskets,2022-05-06 00:00:00,84
,27.48,0.0,49.2,8,Bakery,bread and pastry,2022-05-06 01:00:00,43
,24.94,0.0,40.3,9,General,mixed baskets,2022-05-06 02:00:00,38
,23.71,0.0,45.8,8,Dairy,milk and yogurt aisle,2022-05-06 03:00:00,39
,22.05,0.0,61.1,7,Bakery,bread and pastry,2022-05-06 04:00:00,51
,24.7,1.13,54.8,3,Frozen,frozen foods,2022-05-06 05:00:00,48
,23.71,0.0,60.2,6,Bakery,bread and pastry,2022-05-06 06:00:00,26
,22.71,0.0,67.6,3,General,mixed baskets,2022-05-06 07:00:00,52
,29.29,0.0,42.7,8,Produce,fresh fruit and veg,2022-05-06 08:00:00,39
,24.28,0.0,57.3,6,General,mixed baskets,2022-05-06 09:00:00,49
,26.86,0.0,58.9,12,Produce,fresh fruit and veg,2022-05-06 10:00:00,71
,28.28,0.0,59.9,8,Produce,fresh fruit and veg,2022-05-06 11:00:00,76
,25.64,0.0,64.6,10,Dairy,milk and yogurt aisle,2022-05-06 12:00:00,102
,26.19,0.0,65.6,7,Bakery,bread and pastry,2022-05-06 13:00:00,73
,25.89,0.0,61.0,11,Produce,fresh fruit and veg,2022-05-06 14:00:00,44
,27.01,0.0,49.1,9,Frozen,frozen foods,2022-05-06 15:00:00,44
,26.05,0.0,65.7,7,Frozen,frozen foods,2022-05-06 16:00:00,41
,25.87,0.0,73.4,9,Frozen,frozen foods,2022-05-06 17:00:00,79
,24.97,0.0,48.0,9,General,mixed baskets,2022-05-06 18:00:00,78
,23.42,0.0,55.8,10,General,mixed baskets,2022-05-06 19:00:00,80
,23.55,1.04,62.6,11,Dairy,milk and yogurt aisle,2022-05-06 20:00:00,70
,23.04,3.12,63.2,11,Frozen,frozen foods,2022-05-06 21:00:00,39
,25.1,0.0,58.6,10,General,mixed baskets,2022-05-06 22:00:00,75
,27.87,1.34,63.1,5,Produce,fresh fruit and veg,2022-05-06 23:00:00,53
,22.2,0.0,65.5,8,General,mixed baskets,2022-05-07 00:00:00,67
,23.03,0.58,55.8,8,Bakery,bread and pastry,2022-05-07 01:00:00,64
,22.1,0.0,55.6,3,General,mixed baskets,2022-05-07 02:00:00,51
,24.4,0.0,72.0,7,General,mixed baskets,2022-05-07 03:00:00,62
,27.07,0.0,65.3,3,General,mixed baskets,2022-05-07 04:00:00,57
,23.71,0.0,53.1,11,General,mixed baskets,2022-05-07 05:00:00,71
,25.29,0.0,47.2,5,General,mixed baskets,2022-05-07 06:00:00,49
,18.78,1.7,61.4,6,General,mixed baskets,2022-05-07 07:00:00,31
,24.16,0.0,60.9,3,General,mixed baskets,2022-05-07 08:00:00,53
,25.73,0.0,54.8,4,General,mixed baskets,2022-05-07 09:00:00,68
,23.01,0.0,45.7,10,Dairy,milk and yogurt aisle,2022-05-07 10:00:00,144
,20.49,0.0,46.7,13,Frozen,frozen foods,2022-05-07 11:00:00,127
,25.67,0.0,51.1,13,Produce,fresh fruit and veg,2022-05-07 12:00:00,103
,24.26,0.0,56.4,9,General,mixed baskets,2022-05-07 13:00:00,112
,29.01,0.0,58.4,10,Frozen,frozen foods,2022-05-07 14:00:00,48
,23.1,0.0,65.1,8,Produce,fresh fruit and veg,2022-05-07 15:00:00,57
,24.14,0.0,50.5,9,Produce,fresh fruit and veg,2022-05-07 16:00:00,49
,23.59,0.0,49.5,11,Dairy,milk and yogurt aisle,2022-05-07 17:00:00,75
,24.78,0.0,42.3,10,Produce,fresh fruit and veg,2022-05-07 18:00:00,100
,20.03,0.0,47.8,8,General,mixed baskets,2022-05-07 19:00:00,97
,27.89,0.0,53.9,8,Produce,fresh fruit and veg,2022-05-07 20:00:00,92
,26.1,0.09,53.7,10,General,mixed baskets,2022-05-07 21:00:00,64
,23.96,0.0,54.2,9,Produce,fresh fruit and veg,2022-05-07 22:00:00,84
,23.64,0.0,57.3,8,General,mixed baskets,2022-05-07 23:00:00,61
,25.73,2.51,60.3,9,Frozen,frozen foods,2022-05-08 00:00:00,55
,25.34,0.0,44.3,9,General,mixed baskets,2022-05-08 01:00:00,70
,23.41,0.0,57.2,6,Produce,fresh fruit and veg,2022-05-08 02:00:00,40
,24.04,0.0,58.5,5,General,mixed baskets,2022-05-08 03:00:00,69
,25.3,0.0,49.4,8,Bakery,bread and pastry,2022-05-08 04:00:00,50
,23.4,2.1,88.0,3,General,mixed baskets,2022-05-08 05:00:00,50
,23.64,0.0,35.7,5,Frozen,frozen foods,2022-05-08 06:00:00,61
,23.4,0.0,43.5,10,General,mixed baskets,2022-05-08 07:00:00,80
,23.56,0.07,51.2,8,Bakery,bread and pastry,2022-05-08 08:00:00,51
,21.25,0.0,50.9,11,General,mixed baskets,2022-05-08 09:00:00,71
,22.12,0.0,48.2,13,General,mixed baskets,2022-05-08 10:00:00,119
,25.36,0.0,57.4,12,Produce,fresh fruit and veg,2022-05-08 11:00:00,98
,26.4,0.0,64.5,8,Bakery,bread and pastry,2022-05-08 12:00:00,125
,24.32,5.18,75.4,8,Dairy,milk and yogurt aisle,2022-05-08 13:00:00,105
,15.62,0.0,57.3,6,Produce,fresh fruit and veg,2022-05-08 14:00:00,42
,20.8,0.0,68.1,7,Produce,fresh fruit and veg,2022-05-08 15:00:00,50
,25.46,0.0,43.5,8,General,mixed baskets,2022-05-08 16:00:00,51
,28.62,0.08,54.2,10,Produce,fresh fruit and veg,2022-05-08 17:00:00,102
,27.44,0.0,56.1,8,Dairy,milk and yogurt aisle,2022-05-08 18:00:00,86
,23.95,0.0,52.9,5,Frozen,frozen foods,2022-05-08 19:00:00,112
,23.59,0.02,54.5,7,Frozen,frozen foods,2022-05-08 20:00:00,97
,23.39,0.0,53.7,11,Frozen,frozen foods,2022-05-08 21:00:00,51
,28.74,0.0,50.3,6,General,mixed baskets,2022-05-08 22:00:00,49
,25.04,4.04,58.1,3,General,mixed baskets,2022-05-08 23:00:00,62
,22.11,0.0,46.8,4,Dairy,milk and yogurt aisle,2022-05-09 00:00:00,15
,26.73,0.0,52.8,8,General,mixed baskets,2022-05-09 01:00:00,13
,26.43,0.0,58.6,11,Produce,fresh fruit and veg,2022-05-09 02:00:00,29
,19.4,0.0,59.4,11,Frozen,frozen foods,2022-05-09 03:00:00,47
,22.83,0.0,61.2,10,General,mixed baskets,2022-05-09 04:00:00,42
,26.87,0.81,38.4,3,Dairy,milk and yogurt aisle,2022-05-09 05:00:00,40
,26.63,0.0,47.9,9,Dairy,milk and yogurt aisle,2022-05-09 06:00:00,37
,21.32,0.0,45.9,8,Dairy,milk and yogurt aisle,2022-05-09 07:00:00,13
,24.39,0.0,55.1,7,Produce,fresh fruit and veg,2022-05-09 08:00:00,36
,26.56,0.0,55.2,7,General,mixed baskets,2022-05-09 09:00:00,18
,25.24,0.0,51.9,7,Produce,fresh fruit and veg,2022-05-09 10:00:00,105
,21.8,1.65,68.0,5,General,mixed baskets,2022-05-09 11:00:00,94
,23.94,0.0,51.3,10,Frozen,frozen foods,2022-05-09 12:00:00,93
,26.03,0.0,56.1,5,Produce,fresh fruit and veg,2022-05-09 13:00:00,99
,25.61,0.0,59.4,7,Dairy,milk and yogurt aisle,2022-05-09 14:00:00,43
,22.03,0.0,58.8,6,Bakery,bread and pastry,2022-05-09 15:00:00,42
,30.18,0.0,52.5,10,Produce,fresh fruit and veg,2022-05-09 16:00:00,44
,24.95,3.49,76.5,9,Produce,fresh fruit and veg,2022-05-09 17:00:00,67
,20.71,0.0,60.8,13,Dairy,milk and yogurt aisle,2022-05-09 18:00:00,58
,23.6,0.0,62.8,5,Produce,fresh fruit and veg,2022-05-09 19:00:00,79
,17.66,0.0,57.0,8,General,mixed baskets,2022-05-09 20:00:00,92
,22.73,0.0,56.7,5,Produce,fresh fruit and veg,2022-05-09 21:00:00,52
,24.31,0.0,48.9,5,Produce,fresh fruit and veg,2022-05-09 22:00:00,37
,30.35,2.03,45.8,7,General,mixed baskets,2022-05-09 23:00:00,47
,24.82,0.0,46.0,5,General,mixed baskets,2022-05-10 00:00:00,34
,25.25,0.0,42.6,6,Bakery,bread and pastry,2022-05-10 01:00:00,44
,26.22,0.0,54.7,6,General,mixed baskets,2022-05-10 02:00:00,32
,24.87,0.0,43.5,11,General,mixed baskets,2022-05-10 03:00:00,41
,22.88,0.0,50.9,7,Produce,fresh fruit and veg,2022-05-10 04:00:00,64
,27.69,0.0,47.6,7,Dairy,milk and yogurt aisle,2022-05-10 05:00:00,49
,25.63,9.34,83.1,7,Produce,fresh fruit and veg,2022-05-10 06:00:00,57
,28.16,0.0,53.5,7,General,mixed baskets,2022-05-10 07:00:00,30
,26.89,0.0,66.0,6,Dairy,milk and yogurt aisle,2022-05-10 08:00:00,31
,22.06,0.0,62.2,5,General,mixed baskets,2022-05-10 09:00:00,39
,23.24,0.0,67.4,5,General,mixed baskets,2022-05-10 10:00:00,101
,23.37,0.0,55.8,8,General,mixed baskets,2022-05-10 11:00:00,92
,23.42,1.66,45.8,8,General,mixed baskets,2022-05-10 12:00:00,107
,25.47,0.0,62.9,12,Bakery,bread and pastry,2022-05-10 13:00:00,88
,23.94,0.0,70.6,11,Dairy,milk and yogurt aisle,2022-05-10 14:00:00,56
,22.43,0.58,53.6,8,Bakery,bread and pastry,2022-05-10 15:00:00,51
,27.98,0.0,66.4,12,Bakery,bread and pastry,2022-05-10 16:00:00,26
,27.72,0.0,53.8,8,Produce,fresh fruit and veg,2022-05-10 17:00:00,81
,24.48,0.0,56.0,13,Produce,fresh fruit and veg,2022-05-10 18:00:00,72
,21.79,0.0,54.2,5,General,mixed baskets,2022-05-10 19:00:00,87
,22.87,0.0,50.3,7,General,mixed baskets,2022-05-10 20:00:00,68
,22.54,0.0,51.4,6,General,mixed baskets,2022-05-10 21:00:00,43
,22.2,0.0,41.2,9,Dairy,milk and yogurt aisle,2022-05-10 22:00:00,46
,22.0,0.05,56.5,5,Produce,fresh fruit and veg,2022-05-10 23:00:00,6
,24.89,0.0,56.2,5,General,mixed baskets,2022-05-11 00:00:00,17
,25.04,0.0,60.8,4,Dairy,milk and yogurt aisle,2022-05-11 01:00:00,41
,25.36,0.0,54.7,3,Produce,fresh fruit and veg,2022-05-11 02:00:00,38
,22.02,0.0,58.4,4,Produce,fresh fruit and veg,2022-05-11 03:00:00,52
,25.04,0.28,73.8,9,Frozen,frozen foods,2022-05-11 04:00:00,42
,29.19,0.0,63.1,5,Produce,fresh fruit and veg,2022-05-11 05:00:00,24
,24.89,0.0,54.0,9,Bakery,bread and pastry,2022-05-11 06:00:00,43
,23.35,0.0,57.1,6,Bakery,bread and pastry,2022-05-11 07:00:00,30
,31.0,0.0,55.3,3,Dairy,milk and yogurt aisle,2022-05-11 08:00:00,37
,25.08,0.0,65.4,6,Produce,fresh fruit and veg,2022-05-11 09:00:00,33
,22.78,0.0,51.1,11,General,mixed baskets,2022-05-11 10:00:00,99
,26.48,1.37,67.7,5,Frozen,frozen foods,2022-05-11 11:00:00,77
,22.57,0.0,58.4,9,General,mixed baskets,2022-05-11 12:00:00,81
,23.43,0.0,34.0,13,Bakery,bread and pastry,2022-05-11 13:00:00,68
,26.79,0.0,58.8,8,General,mixed baskets,2022-05-11 14:00:00,65
,22.83,0.39,51.7,13,Bakery,bread and pastry,2022-05-11 15:00:00,28
,20.69,0.0,47.8,9,Dairy,milk and yogurt aisle,2022-05-11 16:00:00,29
,26.05,0.0,55.0,13,Produce,fresh fruit and veg,2022-05-11 17:00:00,61
,26.37,0.0,57.5,12,Dairy,milk and yogurt aisle,2022-05-11 18:00:00,67
,20.95,0.0,74.6,6,General,mixed baskets,2022-05-11 19:00:00,69
,23.47,0.0,55.6,10,Produce,fresh fruit and veg,2022-05-11 20:00:00,82
,26.99,0.0,48.1,8,Produce,fresh fruit and veg,2022-05-11 21:00:00,42
,24.94,0.0,54.1,10,General,mixed baskets,2022-05-11 22:00:00,43
,26.38,0.0,58.8,10,Dairy,milk and yogurt aisle,2022-05-11 23:00:00,32
,23.96,0.0,47.6,9,Produce,fresh fruit and veg,2022-05-12 00:00:00,39
,22.7,0.0,53.2,8,Bakery,bread and pastry,2022-05-12 01:00:00,54
,22.88,0.0,42.2,3,General,mixed baskets,2022-05-12 02:00:00,39
,23.5,0.95,48.1,8,Frozen,frozen foods,2022-05-12 03:00:00,43
,24.7,0.0,51.6,10,General,mixed baskets,2022-05-12 04:00:00,15
,17.67,0.61,62.8,7,Bakery,bread and pastry,2022-05-12 05:00:00,46
,19.58,0.0,47.8,6,Produce,fresh fruit and veg,2022-05-12 06:00:00,43
,24.29,0.0,48.3,4,Bakery,bread and pastry,2022-05-12 07:00:00,55
,25.91,0.0,54.3,11,Frozen,frozen foods,2022-05-12 08:00:00,6
,22.66,0.0,47.0,9,Produce,fresh fruit and veg,2022-05-12 09:00:00,40
,24.3,0.0,50.6,12,General,mixed baskets,2022-05-12 10:00:00,93
,21.65,0.0,47.7,8,General,mixed baskets,2022-05-12 11:00:00,95
,20.91,0.0,68.8,10,Dairy,milk and yogurt aisle,2022-05-12 12:00:00,87
,24.67,0.0,51.3,6,Frozen,frozen foods,2022-05-12 13:00:00,97
,24.12,10.78,98.4,8,Produce,fresh fruit and veg,2022-05-12 14:00:00,48
,23.04,0.6,57.9,7,General,mixed baskets,2022-05-12 15:00:00,40
,21.1,0.0,69.1,9,Dairy,milk and yogurt aisle,2022-05-12 16:00:00,36
,24.46,0.0,47.2,13,Frozen,frozen foods,2022-05-12 17:00:00,72
,24.13,0.0,56.4,11,Frozen,frozen foods,2022-05-12 18:00:00,70
,23.66,0.0,35.9,6,General,mixed baskets,2022-05-12 19:00:00,75
,23.98,0.0,65.4,9,Produce,fresh fruit and veg,2022-05-12 20:00:00,66
,23.38,0.0,60.0,3,General,mixed baskets,2022-05-12 21:00:00,15
,25.55,0.0,52.2,6,Frozen,frozen foods,2022-05-12 22:00:00,56
,25.24,11.64,99.0,11,Dairy,milk and yogurt aisle,2022-05-12 23:00:00,18
,28.52,0.0,77.9,7,Bakery,bread and pastry,2022-05-13 00:00:00,38
,27.6,0.0,67.2,3,Dairy,milk and yogurt aisle,2022-05-13 01:00:00,24
,24.06,0.0,67.8,6,Dairy,milk and yogurt aisle,2022-05-13 02:00:00,36
,21.17,0.0,55.5,5,Frozen,frozen foods,2022-05-13 03:00:00,28
,25.69,0.0,48.6,3,Produce,fresh fruit and veg,2022-05-13 04:00:00,39
,22.68,0.0,43.1,3,Dairy,milk and yogurt aisle,2022-05-13 05:00:00,29
,27.85,0.0,63.5,9,Bakery,bread and pastry,2022-05-13 06:00:00,24
,20.52,0.0,40.1,4,General,mixed baskets,2022-05-13 07:00:00,43
,23.09,0.0,53.5,3,General,mixed baskets,2022-05-13 08:00:00,55
,27.88,0.0,68.8,8,Dairy,milk and yogurt aisle,2022-05-13 09:00:00,43
,24.14,1.17,61.5,8,Bakery,bread and pastry,2022-05-13 10:00:00,95
,25.89,0.0,45.0,8,Produce,fresh fruit and veg,2022-05-13 11:00:00,81
,25.73,0.0,48.2,7,General,mixed baskets,2022-05-13 12:00:00,93
,22.94,0.0,65.3,5,General,mixed baskets,2022-05-13 13:00:00,99
,26.17,0.0,46.7,10,Dairy,milk and yogurt aisle,2022-05-13 14:00:00,31
,22.01,0.0,51.4,7,Produce,fresh fruit and veg,2022-05-13 15:00:00,50
,23.33,0.0,43.9,11,Bakery,bread and pastry,2022-05-13 16:00:00,39
,29.27,0.0,54.6,11,Dairy,milk and yogurt aisle,2022-05-13 17:00:00,78
,23.67,0.0,50.1,12,Bakery,bread and pastry,2022-05-13 18:00:00,68
,25.01,0.0,63.3,11,General,mixed baskets,2022-05-13 19:00:00,68
,21.51,0.0,47.2,5,Dairy,milk and yogurt aisle,2022-05-13 20:00:00,77
,27.37,0.0,51.6,9,Dairy,milk and yogurt aisle,2022-05-13 21:00:00,44
,21.88,0.0,36.1,4,General,mixed baskets,2022-05-13 22:00:00,43
,22.3,0.0,65.5,6,Dairy,milk and yogurt aisle,2022-05-13 23:00:00,27
,22.55,0.0,64.7,10,Produce,fresh fruit and veg,2022-05-14 00:00:00,50
,21.71,0.0,52.8,4,General,mixed baskets,2022-05-14 01:00:00,59
,20.55,0.0,56.3,10,Produce,fresh fruit and veg,2022-05-14 02:00:00,37
,23.29,0.0,58.7,9,General,mixed baskets,2022-05-14 03:00:00,71
,22.82,0.0,63.6,5,Dairy,milk and yogurt aisle,2022-05-14 04:00:00,63
,23.75,0.28,42.7,11,Produce,fresh fruit and veg,2022-05-14 05:00:00,59
,21.6,0.0,47.8,3,General,mixed baskets,2022-05-14 06:00:00,50
,21.8,0.0,73.2,5,General,mixed baskets,2022-05-14 07:00:00,69
,23.21,0.0,64.4,11,Dairy,milk and yogurt aisle,2022-05-14 08:00:00,56
,23.98,0.0,59.8,4,Dairy,milk and yogurt aisle,2022-05-14 09:00:00,82
,21.73,0.79,57.7,5,General,mixed baskets,2022-05-14 10:00:00,119
,23.89,4.1,74.1,13,Produce,fresh fruit and veg,2022-05-14 11:00:00,96
,23.4,0.0,62.2,7,General,mixed baskets,2022-05-14 12:00:00,123
,26.53,0.0,62.1,12,General,mixed baskets,2022-05-14 13:00:00,108
,25.51,0.0,46.6,9,Dairy,milk and yogurt aisle,2022-05-14 14:00:00,53
,25.19,0.0,55.3,9,General,mixed baskets,2022-05-14 15:00:00,56
,26.42,0.0,58.3,11,Frozen,frozen foods,2022-05-14 16:00:00,57
,22.43,0.0,57.6,10,Bakery,bread and pastry,2022-05-14 17:00:00,97
,27.25,0.0,46.8,10,Produce,fresh fruit and veg,2022-05-14 18:00:00,103
,24.41,0.0,53.3,10,General,mixed baskets,2022-05-14 19:00:00,99
,22.77,0.0,47.3,7,Produce,fresh fruit and veg,2022-05-14 20:00:00,85
,24.95,2.36,58.8,11,General,mixed baskets,2022-05-14 21:00:00,43
,21.36,0.0,56.9,9,General,mixed baskets,2022-05-14 22:00:00,49
,28.27,0.0,59.7,5,Produce,fresh fruit and veg,2022-05-14 23:00:00,63
,24.49,0.0,59.9,10,Produce,fresh fruit and veg,2022-05-15 00:00:00,69
,20.25,0.0,63.3,6,General,mixed baskets,2022-05-15 01:00:00,80
,21.14,0.0,56.4,5,General,mixed baskets,2022-05-15 02:00:00,43
,22.64,0.0,45.1,5,Produce,fresh fruit and veg,2022-05-15 03:00:00,60
,22.52,0.0,55.7,7,Produce,fresh fruit and veg,2022-05-15 04:00:00,56
,24.97,0.0,51.5,5,Produce,fresh fruit and veg,2022-05-15 05:00:00,54
,26.01,0.29,42.4,6,Dairy,milk and yogurt aisle,2022-05-15 06:00:00,60
,26.34,0.0,50.1,8,Produce,fresh fruit and veg,2022-05-15 07:00:00,56
,25.18,0.03,58.5,5,General,mixed baskets,2022-05-15 08:00:00,56
,21.6,0.0,63.4,8,Produce,fresh fruit and veg,2022-05-15 09:00:00,51
,26.58,0.0,54.2,12,Frozen,frozen foods,2022-05-15 10:00:00,119
,26.84,2.01,50.0,9,Produce,fresh fruit and veg,2022-05-15 11:00:00,126
,19.16,0.0,54.7,10,Frozen,frozen foods,2022-05-15 12:00:00,133
,22.49,0.0,49.2,8,Dairy,milk and yogurt aisle,2022-05-15 13:00:00,107
,23.0,4.22,77.9,9,General,mixed baskets,2022-05-15 14:00:00,46
,21.98,0.0,45.0,8,Bakery,bread and pastry,2022-05-15 15:00:00,56
,26.38,0.0,61.9,11,General,mixed baskets,2022-05-15 16:00:00,49
,24.97,2.83,61.7,11,General,mixed baskets,2022-05-15 17:00:00,106
,24.0,0.0,58.3,5,General,mixed baskets,2022-05-15 18:00:00,84
,20.9,0.0,49.4,7,Frozen,frozen foods,2022-05-15 19:00:00,95
,18.87,1.25,63.0,6,Dairy,milk and yogurt aisle,2022-05-15 20:00:00,78
,21.59,0.0,55.1,8,Bakery,bread and pastry,2022-05-15 21:00:00,55
,21.83,0.0,53.7,3,Bakery,bread and pastry,2022-05-15 22:00:00,61
,21.66,0.0,46.4,4,Frozen,frozen foods,2022-05-15 23:00:00,77
,18.61,0.0,50.6,11,Produce,fresh fruit and veg,2022-05-16 00:00:00,30
,20.03,0.0,39.9,8,Frozen,frozen foods,2022-05-16 01:00:00,43
,22.69,0.0,59.3,9,Produce,fresh fruit and veg,2022-05-16 02:00:00,14
,24.54,1.79,58.1,6,Frozen,frozen foods,2022-05-16 03:00:00,24
,22.44,0.11,67.4,8,Bakery,bread and pastry,2022-05-16 04:00:00,29
,23.16,0.0,43.0,8,General,mixed baskets,2022-05-16 05:00:00,33
,23.54,0.0,67.8,3,General,mixed baskets,2022-05-16 06:00:00,44
,23.55,0.0,58.8,5,Dairy,milk and yogurt aisle,2022-05-16 07:00:00,46
,26.63,0.0,51.4,6,Dairy,milk and yogurt aisle,2022-05-16 08:00:00,19
,21.78,0.0,59.1,6,General,mixed baskets,2022-05-16 09:00:00,45
,24.21,0.0,44.9,11,Dairy,milk and yogurt aisle,2022-05-16 10:00:00,80
,20.51,0.0,44.1,5,General,mixed baskets,2022-05-16 11:00:00,116
,26.58,0.0,64.9,9,Bakery,bread and pastry,2022-05-16 12:00:00,98
,25.49,0.0,39.0,11,General,mixed baskets,2022-05-16 13:00:00,96
,26.12,0.0,55.2,11,General,mixed baskets,2022-05-16 14:00:00,37
,23.99,0.0,66.1,11,Bakery,bread and pastry,2022-05-16 15:00:00,38
,23.42,0.0,56.1,7,General,mixed baskets,2022-05-16 16:00:00,39
,20.61,0.0,65.9,7,General,mixed baskets,2022-05-16 17:00:00,65
,24.48,0.0,53.4,5,Frozen,frozen foods,2022-05-16 18:00:00,83
,27.03,0.0,49.7,8,Bakery,bread and pastry,2022-05-16 19:00:00,77
,16.99,0.0,64.5,8,Bakery,bread and pastry,2022-05-16 20:00:00,83
,27.98,0.0,62.3,7,Dairy,milk and yogurt aisle,2022-05-16 21:00:00,38
,21.73,0.0,54.5,8,General,mixed baskets,2022-05-16 22:00:00,47
,24.89,2.24,73.0,9,General,mixed baskets,2022-05-16 23:00:00,30
,21.65,1.57,50.7,9,Dairy,milk and yogurt aisle,2022-05-17 00:00:00,82
,23.26,0.0,63.5,10,General,mixed baskets,2022-05-17 01:00:00,30
,25.62,0.0,52.0,11,Dairy,milk and yogurt aisle,2022-05-17 02:00:00,33
,23.18,0.0,57.0,6,Produce,fresh fruit and veg,2022-05-17 03:00:00,50
,28.03,0.0,56.1,11,Frozen,frozen foods,2022-05-17 04:00:00,54
,23.73,0.0,56.7,6,General,mixed baskets,2022-05-17 05:00:00,29
,25.22,0.0,59.5,8,Frozen,frozen foods,2022-05-17 06:00:00,19
,22.14,0.0,66.6,4,Frozen,frozen foods,2022-05-17 07:00:00,22
,22.41,0.0,66.6,11,Produce,fresh fruit and veg,2022-05-17 08:00:00,27
,22.67,0.0,56.0,11,Bakery,bread and pastry,2022-05-17 09:00:00,29
,24.86,0.0,55.8,6,General,mixed baskets,2022-05-17 10:00:00,92
,27.69,0.0,47.4,5,Frozen,frozen foods,2022-05-17 11:00:00,106
,23.72,0.0,68.6,10,Dairy,milk and yogurt aisle,2022-05-17 12:00:00,107
,20.51,0.0,62.8,7,Dairy,milk and yogurt aisle,2022-05-17 13:00:00,86
,22.15,0.0,50.3,8,General,mixed baskets,2022-05-17 14:00:00,45
,20.3,0.0,56.8,10,Frozen,frozen foods,2022-05-17 15:00:00,49
,24.82,0.78,69.8,11,Frozen,frozen foods,2022-05-17 16:00:00,56
,23.71,0.0,49.7,8,Produce,fresh fruit and veg,2022-05-17 17:00:00,72
,21.03,0.0,57.6,5,General,mixed baskets,2022-05-17 18:00:00,65
,22.77,0.57,57.0,13,General,mixed baskets,2022-05-17 19:00:00,83
,25.93,0.0,53.0,10,Dairy,milk and yogurt aisle,2022-05-17 20:00:00,92
,24.76,0.0,56.0,7,General,mixed baskets,2022-05-17 21:00:00,32
,22.25,0.0,39.3,9,Produce,fresh fruit and veg,2022-05-17 22:00:00,62
,25.48,0.51,64.8,9,General,mixed baskets,2022-05-17 23:00:00,59
,24.5,0.0,51.7,5,Bakery,bread and pastry,2022-05-18 00:00:00,36
,22.21,0.0,56.3,4,Produce,fresh fruit and veg,2022-05-18 01:00:00,20
,24.0,0.0,44.0,6,Bakery,bread and pastry,2022-05-18 02:00:00,32
,28.11,0.0,74.0,9,Dairy,milk and yogurt aisle,2022-05-18 03:00:00,34
,20.86,0.0,60.0,9,Frozen,frozen foods,2022-05-18 04:00:00,45
,26.03,0.0,39.7,6,Dairy,milk and yogurt aisle,2022-05-18 05:00:00,19
,23.21,0.0,50.4,9,Produce,fresh fruit and veg,2022-05-18 06:00:00,68
,25.09,0.0,52.6,6,Bakery,bread and pastry,2022-05-18 07:00:00,67
,24.52,0.0,47.4,4,General,mixed baskets,2022-05-18 08:00:00,30
,24.23,1.18,47.8,3,Bakery,bread and pastry,2022-05-18 09:00:00,16
,23.17,0.0,44.6,8,Frozen,frozen foods,2022-05-18 10:00:00,92
,23.55,0.0,48.3,5,Produce,fresh fruit and veg,2022-05-18 11:00:00,99
,25.2,0.0,56.4,13,General,mixed baskets,2022-05-18 12:00:00,110
,24.66,0.57,58.7,10,Frozen,frozen foods,2022-05-18 13:00:00,102
,19.99,0.0,65.4,11,Frozen,frozen foods,2022-05-18 14:00:00,36
,24.66,0.0,53.8,7,General,mixed baskets,2022-05-18 15:00:00,15
,26.74,1.21,40.7,12,General,mixed baskets,2022-05-18 16:00:00,45
,25.73,0.38,55.1,8,Produce,fresh fruit and veg,2022-05-18 17:00:00,84
,24.06,0.0,63.9,7,Bakery,bread and pastry,2022-05-18 18:00:00,70
,19.1,0.0,45.6,7,General,mixed baskets,2022-05-18 19:00:00,77
,24.99,0.0,56.5,13,General,mixed baskets,2022-05-18 20:00:00,76
,25.16,0.0,57.7,11,Produce,fresh fruit and veg,2022-05-18 21:00:00,36
,27.12,0.0,46.9,5,General,mixed baskets,2022-05-18 22:00:00,25
,21.22,1.27,57.2,6,Dairy,milk and yogurt aisle,2022-05-18 23:00:00,43
,22.88,0.0,46.9,6,Bakery,bread and pastry,2022-05-19 00:00:00,22
,22.15,0.0,66.7,9,Frozen,frozen foods,2022-05-19 01:00:00,55
,22.79,0.0,60.3,3,Produce,fresh fruit and veg,2022-05-19 02:00:00,28
,19.24,0.0,55.5,3,General,mixed baskets,2022-05-19 03:00:00,45
,22.29,0.0,60.6,9,Bakery,bread and pastry,2022-05-19 04:00:00,30
,22.39,0.0,60.5,8,Frozen,frozen foods,2022-05-19 05:00:00,43
,22.52,0.0,48.2,7,Frozen,frozen foods,2022-05-19 06:00:00,36
,27.32,0.0,44.5,6,Bakery,bread and pastry,2022-05-19 07:00:00,45
,21.9,0.0,43.5,11,Dairy,milk and yogurt aisle,2022-05-19 08:00:00,29
,22.34,0.0,44.8,7,Frozen,frozen foods,2022-05-19 09:00:00,19
,26.16,0.0,61.6,9,Dairy,milk and yogurt aisle,2022-05-19 10:00:00,90
,22.05,1.28,67.7,7,General,mixed baskets,2022-05-19 11:00:00,89
,26.35,0.0,67.3,5,Produce,fresh fruit and veg,2022-05-19 12:00:00,76
,24.52,0.0,44.3,13,Dairy,milk and yogurt aisle,2022-05-19 13:00:00,85
,21.89,0.0,55.0,11,Dairy,milk and yogurt aisle,2022-05-19 14:00:00,19
,21.69,2.92,73.7,12,Dairy,milk and yogurt aisle,2022-05-19 15:00:00,40
,23.76,0.0,69.4,13,General,mixed baskets,2022-05-19 16:00:00,34
,22.94,1.96,58.3,11,Bakery,bread and pastry,2022-05-19 17:00:00,74
,23.65,0.6,53.9,11,General,mixed baskets,2022-05-19 18:00:00,105
,22.01,0.0,52.0,9,General,mixed baskets,2022-05-19 19:00:00,76
,24.85,0.0,58.6,5,Frozen,frozen foods,2022-05-19 20:00:00,78
,21.77,0.0,61.5,3,Produce,fresh fruit and veg,2022-05-19 21:00:00,46
,22.26,0.0,63.0,8,General,mixed baskets,2022-05-19 22:00:00,37
,22.97,3.91,63.2,7,Frozen,frozen foods,2022-05-19 23:00:00,32
,20.24,0.0,66.8,9,General,mixed baskets,2022-05-20 00:00:00,49
,22.53,0.0,47.1,8,Dairy,milk and yogurt aisle,2022-05-20 01:00:00,51
,22.8,0.0,60.2,11,Produce,fresh fruit and veg,2022-05-20 02:00:00,5
,19.77,0.0,66.0,10,Produce,fresh fruit and veg,2022-05-20 03:00:00,37
,18.93,0.0,64.1,9,Bakery,bread and pastry,2022-05-20 04:00:00,35
,26.33,1.15,62.1,5,Frozen,frozen foods,2022-05-20 05:00:00,32
,22.64,0.0,52.1,5,Bakery,bread and pastry,2022-05-20 06:00:00,53
,22.95,0.77,56.9,9,General,mixed baskets,2022-05-20 07:00:00,32
,21.75,2.2,56.0,4,Produce,fresh fruit and veg,2022-05-20 08:00:00,49
,27.15,0.0,49.7,8,Dairy,milk and yogurt aisle,2022-05-20 09:00:00,32
,22.79,2.35,54.3,6,Frozen,frozen foods,2022-05-20 10:00:00,89
,18.93,0.0,64.1,9,General,mixed baskets,2022-05-20 11:00:00,102
,24.49,0.0,45.8,7,General,mixed baskets,2022-05-20 12:00:00,85
,20.91,0.0,49.6,5,Bakery,bread and pastry,2022-05-20 13:00:00,92
,24.36,0.0,66.0,13,General,mixed baskets,2022-05-20 14:00:00,25
,22.97,0.0,58.4,12,Produce,fresh fruit and veg,2022-05-20 15:00:00,28
,26.41,0.0,69.2,6,Dairy,milk and yogurt aisle,2022-05-20 16:00:00,47
,24.46,0.0,67.8,9,Frozen,frozen foods,2022-05-20 17:00:00,81
,22.38,0.0,58.8,9,General,mixed baskets,2022-05-20 18:00:00,60
,26.79,0.0,64.2,11,General,mixed baskets,2022-05-20 19:00:00,59
,29.99,0.0,46.4,8,Produce,fresh fruit and veg,2022-05-20 20:00:00,104
,22.01,0.0,57.3,11,Produce,fresh fruit and veg,2022-05-20 21:00:00,31
,25.98,1.52,74.0,11,Bakery,bread and pastry,2022-05-20 22:00:00,28
,24.24,0.0,59.2,4,General,mixed baskets,2022-05-20 23:00:00,45
,24.33,0.0,57.8,4,Bakery,bread and pastry,2022-05-21 00:00:00,49
,20.19,0.0,77.3,3,Produce,fresh fruit and veg,2022-05-21 01:00:00,54
,20.83,0.0,62.1,7,Produce,fresh fruit and veg,2022-05-21 02:00:00,69
,26.71,0.2,44.6,7,Bakery,bread and pastry,2022-05-21 03:00:00,71
,23.6,0.2,65.4,3,General,mixed baskets,2022-05-21 04:00:00,56
,21.93,0.0,35.4,10,Produce,fresh fruit and veg,2022-05-21 05:00:00,75
,27.65,0.0,59.6,8,Produce,fresh fruit and veg,2022-05-21 06:00:00,57
,26.24,0.0,58.7,8,General,mixed baskets,2022-05-21 07:00:00,56
,25.05,0.0,51.9,5,Frozen,frozen foods,2022-05-21 08:00:00,58
,20.84,1.39,53.5,4,Frozen,frozen foods,2022-05-21 09:00:00,55
,23.22,0.0,52.2,12,Frozen,frozen foods,2022-05-21 10:00:00,120
,26.86,0.0,77.5,10,Bakery,bread and pastry,2022-05-21 11:00:00,117
,18.25,0.0,46.8,5,Dairy,milk and yogurt aisle,2022-05-21 12:00:00,104
,19.34,1.35,53.2,6,General,mixed baskets,2022-05-21 13:00:00,116
,21.28,0.0,54.1,13,General,mixed baskets,2022-05-21 14:00:00,52
,25.64,0.0,52.4,13,General,mixed baskets,2022-05-21 15:00:00,52
,23.81,0.0,69.5,11,Produce,fresh fruit and veg,2022-05-21 16:00:00,57
,24.41,0.0,58.4,6,Produce,fresh fruit and veg,2022-05-21 17:00:00,106
,23.73,0.0,54.4,5,Dairy,milk and yogurt aisle,2022-05-21 18:00:00,97
,23.51,0.13,62.1,11,Dairy,milk and yogurt aisle,2022-05-21 19:00:00,109
,26.22,0.0,58.2,12,Dairy,milk and yogurt aisle,2022-05-21 20:00:00,112
,32.14,0.0,54.3,6,Bakery,bread and pastry,2022-05-21 21:00:00,58
,24.41,0.0,53.3,8,Dairy,milk and yogurt aisle,2022-05-21 22:00:00,51
,26.49,0.0,54.6,11,Frozen,frozen foods,2022-05-21 23:00:00,49
,22.07,0.0,54.6,8,Frozen,frozen foods,2022-05-22 00:00:00,62
,27.1,0.0,52.4,10,Produce,fresh fruit and veg,2022-05-22 01:00:00,69
,23.4,0.0,55.2,8,General,mixed baskets,2022-05-22 02:00:00,78
,23.61,0.67,68.0,11,Frozen,frozen foods,2022-05-22 03:00:00,43
,22.03,0.0,45.7,4,Bakery,bread and pastry,2022-05-22 04:00:00,70
,21.28,0.0,58.9,9,General,mixed baskets,2022-05-22 05:00:00,71
,21.82,0.0,61.7,5,General,mixed baskets,2022-05-22 06:00:00,88
,20.76,0.0,55.0,9,Dairy,milk and yogurt aisle,2022-05-22 07:00:00,61
,19.97,0.0,55.5,6,General,mixed baskets,2022-05-22 08:00:00,58
,27.73,0.84,67.4,11,General,mixed baskets,2022-05-22 09:00:00,40
,24.27,0.0,52.4,6,Produce,fresh fruit and veg,2022-05-22 10:00:00,104
,25.61,4.21,73.2,9,Produce,fresh fruit and veg,2022-05-22 11:00:00,100
,24.42,0.0,60.1,5,Produce,fresh fruit and veg,2022-05-22 12:00:00,101
,19.65,0.0,57.3,7,General,mixed baskets,2022-05-22 13:00:00,103
,23.25,0.0,57.5,8,Frozen,frozen foods,2022-05-22 14:00:00,40
,20.97,0.0,62.4,5,General,mixed baskets,2022-05-22 15:00:00,58
,21.18,0.0,67.5,7,Dairy,milk and yogurt aisle,2022-05-22 16:00:00,63
,22.89,0.0,47.2,13,Produce,fresh fruit and veg,2022-05-22 17:00:00,103
,23.58,4.27,76.9,9,Bakery,bread and pastry,2022-05-22 18:00:00,92
,23.4,0.73,52.5,11,Frozen,frozen foods,2022-05-22 19:00:00,106
,23.48,0.0,48.7,6,General,mixed baskets,2022-05-22 20:00:00,106
,22.45,0.16,57.7,11,Produce,fresh fruit and veg,2022-05-22 21:00:00,40
,23.25,3.22,66.9,7,Produce,fresh fruit and veg,2022-05-22 22:00:00,55
,26.27,0.0,41.8,8,Bakery,bread and pastry,2022-05-22 23:00:00,44
,28.49,0.0,68.8,4,Frozen,frozen foods,2022-05-23 00:00:00,27
,25.84,1.37,56.3,7,Dairy,milk and yogurt aisle,2022-05-23 01:00:00,41
,22.51,0.0,61.2,10,Dairy,milk and yogurt aisle,2022-05-23 02:00:00,37
,24.04,0.0,58.9,4,Produce,fresh fruit and veg,2022-05-23 03:00:00,56
,25.45,2.77,68.9,7,Produce,fresh fruit and veg,2022-05-23 04:00:00,63
,25.56,0.0,56.4,6,Bakery,bread and pastry,2022-05-23 05:00:00,44
,26.1,0.0,58.2,10,Produce,fresh fruit and veg,2022-05-23 06:00:00,36
,26.15,0.0,56.4,7,General,mixed baskets,2022-05-23 07:00:00,37
,20.8,0.0,53.3,13,General,mixed baskets,2022-03-01 20:00:00,94
,25.19,0.0,51.1,9,Dairy,milk and yogurt aisle,2022-03-01 21:00:00,41
,22.99,0.0,48.1,7,Dairy,milk and yogurt aisle,2022-03-01 22:00:00,35
